[Licensing::Module] Trying to connect to existing licensing client channel...
Built from '6000.5/staging' branch; Version is '6000.5.9f1 (b57deb96f08d) revision 11894251'; Using compiler version '194234433'; Build Type 'Release'
OS: 'Windows 11  (10.0.22631) Core' Language: 'ko' Physical Memory: 32469 MB
[Licensing::IpcConnector] Channel LicenseClient-darac doesn't exist
BatchMode: 1, IsHumanControllingUs: 0, StartBugReporterOnCrash: 0, Is64bit: 1
System  architecture: x64
Process architecture: x64
Date: 2026-09-20T11:33:36Z
[Licensing::Module] Successfully launched the LicensingClient (PId: 3272)

COMMAND LINE ARGUMENTS:
C:\Program Files\Unity\Hub\Editor\6000.5.9f1\Editor\Unity.exe
-batchmode
-quit
-projectPath
C:\Users\darac\OneDrive\Desktop\games\mobile-rpg\client
-executeMethod
PreviewCapture.CaptureVillageHub
-logFile
C:\Users\darac\OneDrive\Desktop\games\mobile-rpg\unity_build.log
Successfully changed project path to: C:\Users\darac\OneDrive\Desktop\games\mobile-rpg\client
C:/Users/darac/OneDrive/Desktop/games/mobile-rpg/client
[UnityMemory] Configuration Parameters - Can be set up in boot.config
    "memorysetup-temp-allocator-size-gi-baking-worker=262144"
    "memorysetup-temp-allocator-size-gi-baking-worker=262144"
    "memorysetup-temp-allocator-size-gi-baking-worker=262144"
    "memorysetup-temp-allocator-size-gi-baking-worker=262144"
    "memorysetup-temp-allocator-size-gi-baking-worker=262144"
    "memorysetup-temp-allocator-size-nav-mesh-worker=65536"
    "memorysetup-temp-allocator-size-audio-worker=65536"
    "memorysetup-temp-allocator-size-cloud-worker=32768"
    "memorysetup-temp-allocator-size-gfx=262144"
    "memorysetup-remapper-allocator-initial-capacity=32768"
    "memorysetup-temp-allocator-size-preload-manager=33554432"
    "memorysetup-allocator-temp-initial-block-size-main=262144"
    "memorysetup-allocator-temp-initial-block-size-worker=262144"
    "memorysetup-temp-allocator-size-job-worker=262144"
    "memorysetup-temp-allocator-size-background-worker=32768"
    "memorysetup-bucket-allocator-granularity=16"
    "memorysetup-bucket-allocator-bucket-count=8"
    "memorysetup-bucket-allocator-block-size=33554432"
    "memorysetup-bucket-allocator-block-count=8"
    "memorysetup-main-allocator-block-size=16777216"
    "memorysetup-thread-allocator-block-size=16777216"
    "memorysetup-main-allocator-mimalloc-enabled=0"
    "memorysetup-gfx-main-allocator-block-size=16777216"
    "memorysetup-gfx-thread-allocator-block-size=16777216"
    "memorysetup-cache-allocator-block-size=4194304"
    "memorysetup-typetree-allocator-block-size=2097152"
    "memorysetup-profiler-bucket-allocator-granularity=16"
    "memorysetup-profiler-bucket-allocator-bucket-count=8"
    "memorysetup-profiler-bucket-allocator-block-size=33554432"
    "memorysetup-profiler-bucket-allocator-block-count=8"
    "memorysetup-profiler-allocator-block-size=16777216"
    "memorysetup-profiler-editor-allocator-block-size=1048576"
    "memorysetup-temp-allocator-size-main=16777216"
    "memorysetup-job-temp-allocator-block-size=2097152"
    "memorysetup-job-temp-allocator-block-size-background=1048576"
    "memorysetup-job-temp-allocator-reduction-small-platforms=262144"
Logging is directed to a specific file, skipping project log.Player connection [9624]  Target information:

Player connection [9624]  * "[IP] 172.30.1.49 [Port] 55504 [Flags] 2 [Guid] 2622878770 [EditorId] 2622878770 [Version] 1048832 [Id] WindowsEditor(7,SHIN) [Debug] 1 [PackageName] WindowsEditor [ProjectName] Editor" 

Player connection [9624] Host joined multi-casting on [225.0.0.222:54997]...
Player connection [9624] Host joined alternative multi-casting on [225.0.0.222:34997]...
Input System module state changed to: Initialized.
[Physics::Module] Initialized fallback backend.
[Physics::Module] Id: 0xdecafbad
[Package Manager] Connected to IPC stream "Upm-12112" after 0.2 seconds.
[Licensing::Module] Licensing is not yet initialized.
[Licensing::IpcConnector] Successfully connected to: "LicenseClient-darac" at "2026-09-20T11:33:37.0149813Z"
[Licensing::Client] Code 10 while verifying Licensing Client signature (process Id: 3272, path: "C:/Program Files/Unity/Hub/Editor/6000.5.9f1/Editor/Data/Resources/Licensing/Client/Unity.Licensing.Client.exe")
[Licensing::Module] LicensingClient has failed validation; ignoring
[Licensing::Client] Handshaking with LicensingClient:
  Version:                 1.18.3+d7ffd15
  Session Id:              1a52666751ea478ebab92ff8d347dcc3
  Correlation Id:          97dfd203f645ee636d8a584602b3de2f
  External correlation Id: 6392126144148892566
  Machine Id:              5e3iIbZGEVR5VxgYE89BuUpMSg4=
[Licensing::Module] Successfully connected to LicensingClient on channel: "LicenseClient-darac" (connect: 0.56s, validation: 0.05s, handshake: 0.05s)
[Licensing::IpcConnector] Successfully connected to: "LicenseClient-darac-notifications" at "2026-09-20T11:33:37.1088125Z"
[Licensing::Module] Connected to LicensingClient (PId: 3272, launch time: 0.01, total connection time: 0.66s)
[Licensing::Module] Error: Access token is unavailable; failed to update
[Licensing::Client] Successfully resolved entitlement details
[Licensing::Module] License group:
  Id: F4-UT2P-JK6J-CVKP-3GZX-XXXX
  Product: Unity Personal
  Type: ULF
  Expiration: 2026-10-27T12:33:25Z
[Licensing::Client] Successfully updated license, isAsync: True, time: 0.01
[Licensing::Client] Successfully resolved entitlement details
[Licensing::Module] Licensing Background thread has ended after 0.70s
[Licensing::Module] Licensing is initialized (took 0.32s).
[Licensing::Client] Successfully resolved entitlement details
Library Redirect Path: Library/
[Physics::Module] Selected backend.
[Physics::Module] Name: PhysX
[Physics::Module] Id: 0xf2b8ea05
[Physics::Module] SDK Version: 4.1.2
[Physics::Module] Integration Version: 1.0.0
[Physics::Module] Threading Mode: Multi-Threaded
Initialize engine version: 6000.5.9f1 (b57deb96f08d)
[Subsystems] Discovering subsystems at path C:/Program Files/Unity/Hub/Editor/6000.5.9f1/Editor/Data/Resources/UnitySubsystems
[Subsystems] Discovering subsystems at path C:/Users/darac/OneDrive/Desktop/games/mobile-rpg/client/Assets
GfxDevice: creating device client; kGfxThreadingModeNonThreaded
d3d12: failed to query info queue interface (0x80004002).
Direct3D:
    Version:         Direct3D 12 [level 12.2]
    Renderer:        NVIDIA GeForce RTX 4070 SUPER (ID=0x2783)
    Vendor:          NVIDIA
    VRAM:            11997 MB
    App VRAM Budget: 11229 MB
    Driver:          32.0.15.9186
Initialize mono
Mono path[0] = 'C:/Program Files/Unity/Hub/Editor/6000.5.9f1/Editor/Data/Managed'
Mono path[1] = 'C:/Program Files/Unity/Hub/Editor/6000.5.9f1/Editor/Data/BCLExtensions/runtime/netstandard2.1'
Mono path[2] = 'C:/Program Files/Unity/Hub/Editor/6000.5.9f1/Editor/Data/MonoBleedingEdge/lib/mono/unityjit-win32'
Mono config path = 'C:/Program Files/Unity/Hub/Editor/6000.5.9f1/Editor/Data/MonoBleedingEdge/etc'
Using monoOptions --debugger-agent=transport=dt_socket,embedding=1,server=y,suspend=n,address=127.0.0.1:56112
CodeReloadManager initialized
ImportWorker Server TCP listen port: 0
AcceleratorClientConnectionCallback - disconnected - :0
Begin MonoManager ReloadAssembly
Registering precompiled unity dll's ...
Register platform support module: C:/Program Files/Unity/Hub/Editor/6000.5.9f1/Editor/Data/PlaybackEngines/WindowsStandaloneSupport/UnityEditor.WindowsStandalone.Extensions.dll
Registered in 0.001808 seconds.
Native extension for WindowsStandalone target not found
Package Manager log level set to [2]
ScheduleIndexationOnStartup MainProcess:False IndexOnStartup:False
Mono: successfully reloaded assembly
- Finished resetting the current domain, in  0.466 seconds
Domain Reload Profiling: 897ms
	BeginReloadAssembly (122ms)
		CreateAndSetChildDomain (11ms)
	RebuildCommonClasses (4ms)
	RebuildNativeTypeToScriptingClass (13ms)
	initialDomainReloadingComplete (57ms)
	LoadAllAssembliesAndSetupDomain (233ms)
		LoadAssemblies (109ms)
		AnalyzeDomain (174ms)
			TypeCache.Refresh (172ms)
				TypeCache.ScanAssembly (161ms)
	FinalizeReload (467ms)
		SetupLoadedEditorAssemblies (0ms)
			BeforeProcessingInitializeOnLoad (77ms)
			ProcessInitializeOnLoadAttributes (98ms)
			ProcessInitializeOnLoadMethodAttributes (231ms)
[Licensing::Client] Successfully resolved entitlement details
Application.AssetDatabase Initial Refresh Start
[Package Manager] Restoring resolved packages state from cache
[Licensing::Client] Successfully resolved entitlement details
[Package Manager] Registered 41 packages:
  Packages from [https://packages.unity.com]:
    com.unity.inputsystem@1.20.0 (location: C:\Users\darac\OneDrive\Desktop\games\mobile-rpg\client\Library\PackageCache\com.unity.inputsystem@7a4e1a2a8194)
  Built-in packages:
    com.unity.test-framework@1.7.0 (location: C:\Users\darac\OneDrive\Desktop\games\mobile-rpg\client\Library\PackageCache\com.unity.test-framework@1405238725ab)
    com.unity.ugui@2.5.0 (location: C:\Users\darac\OneDrive\Desktop\games\mobile-rpg\client\Library\PackageCache\com.unity.ugui@1c4864518158)
    com.unity.multiplayer.center@1.0.1 (location: C:\Users\darac\OneDrive\Desktop\games\mobile-rpg\client\Library\PackageCache\com.unity.multiplayer.center@b860850997d0)
    com.unity.modules.accessibility@1.0.0 (location: C:\Users\darac\OneDrive\Desktop\games\mobile-rpg\client\Library\PackageCache\com.unity.modules.accessibility)
    com.unity.modules.adaptiveperformance@1.0.0 (location: C:\Users\darac\OneDrive\Desktop\games\mobile-rpg\client\Library\PackageCache\com.unity.modules.adaptiveperformance)
    com.unity.modules.ai@1.0.0 (location: C:\Users\darac\OneDrive\Desktop\games\mobile-rpg\client\Library\PackageCache\com.unity.modules.ai)
    com.unity.modules.androidjni@1.0.0 (location: C:\Users\darac\OneDrive\Desktop\games\mobile-rpg\client\Library\PackageCache\com.unity.modules.androidjni)
    com.unity.modules.animation@1.0.0 (location: C:\Users\darac\OneDrive\Desktop\games\mobile-rpg\client\Library\PackageCache\com.unity.modules.animation)
    com.unity.modules.assetbundle@1.0.0 (location: C:\Users\darac\OneDrive\Desktop\games\mobile-rpg\client\Library\PackageCache\com.unity.modules.assetbundle)
    com.unity.modules.audio@1.0.0 (location: C:\Users\darac\OneDrive\Desktop\games\mobile-rpg\client\Library\PackageCache\com.unity.modules.audio)
    com.unity.modules.cloth@1.0.0 (location: C:\Users\darac\OneDrive\Desktop\games\mobile-rpg\client\Library\PackageCache\com.unity.modules.cloth)
    com.unity.modules.director@1.0.0 (location: C:\Users\darac\OneDrive\Desktop\games\mobile-rpg\client\Library\PackageCache\com.unity.modules.director)
    com.unity.modules.imageconversion@1.0.0 (location: C:\Users\darac\OneDrive\Desktop\games\mobile-rpg\client\Library\PackageCache\com.unity.modules.imageconversion)
    com.unity.modules.imgui@1.0.0 (location: C:\Users\darac\OneDrive\Desktop\games\mobile-rpg\client\Library\PackageCache\com.unity.modules.imgui)
    com.unity.modules.jsonserialize@1.0.0 (location: C:\Users\darac\OneDrive\Desktop\games\mobile-rpg\client\Library\PackageCache\com.unity.modules.jsonserialize)
    com.unity.modules.particlesystem@1.0.0 (location: C:\Users\darac\OneDrive\Desktop\games\mobile-rpg\client\Library\PackageCache\com.unity.modules.particlesystem)
    com.unity.modules.physics@1.0.0 (location: C:\Users\darac\OneDrive\Desktop\games\mobile-rpg\client\Library\PackageCache\com.unity.modules.physics)
    com.unity.modules.physics2d@1.0.0 (location: C:\Users\darac\OneDrive\Desktop\games\mobile-rpg\client\Library\PackageCache\com.unity.modules.physics2d)
    com.unity.modules.physicscore2d@1.0.0 (location: C:\Users\darac\OneDrive\Desktop\games\mobile-rpg\client\Library\PackageCache\com.unity.modules.physicscore2d)
    com.unity.modules.screencapture@1.0.0 (location: C:\Users\darac\OneDrive\Desktop\games\mobile-rpg\client\Library\PackageCache\com.unity.modules.screencapture)
    com.unity.modules.terrain@1.0.0 (location: C:\Users\darac\OneDrive\Desktop\games\mobile-rpg\client\Library\PackageCache\com.unity.modules.terrain)
    com.unity.modules.terrainphysics@1.0.0 (location: C:\Users\darac\OneDrive\Desktop\games\mobile-rpg\client\Library\PackageCache\com.unity.modules.terrainphysics)
    com.unity.modules.tilemap@1.0.0 (location: C:\Users\darac\OneDrive\Desktop\games\mobile-rpg\client\Library\PackageCache\com.unity.modules.tilemap)
    com.unity.modules.ui@1.0.0 (location: C:\Users\darac\OneDrive\Desktop\games\mobile-rpg\client\Library\PackageCache\com.unity.modules.ui)
    com.unity.modules.uielements@1.0.0 (location: C:\Users\darac\OneDrive\Desktop\games\mobile-rpg\client\Library\PackageCache\com.unity.modules.uielements)
    com.unity.modules.umbra@1.0.0 (location: C:\Users\darac\OneDrive\Desktop\games\mobile-rpg\client\Library\PackageCache\com.unity.modules.umbra)
    com.unity.modules.unityanalytics@1.0.0 (location: C:\Users\darac\OneDrive\Desktop\games\mobile-rpg\client\Library\PackageCache\com.unity.modules.unityanalytics)
    com.unity.modules.unitywebrequest@1.0.0 (location: C:\Users\darac\OneDrive\Desktop\games\mobile-rpg\client\Library\PackageCache\com.unity.modules.unitywebrequest)
    com.unity.modules.unitywebrequestassetbundle@1.0.0 (location: C:\Users\darac\OneDrive\Desktop\games\mobile-rpg\client\Library\PackageCache\com.unity.modules.unitywebrequestassetbundle)
    com.unity.modules.unitywebrequestaudio@1.0.0 (location: C:\Users\darac\OneDrive\Desktop\games\mobile-rpg\client\Library\PackageCache\com.unity.modules.unitywebrequestaudio)
    com.unity.modules.unitywebrequesttexture@1.0.0 (location: C:\Users\darac\OneDrive\Desktop\games\mobile-rpg\client\Library\PackageCache\com.unity.modules.unitywebrequesttexture)
    com.unity.modules.unitywebrequestwww@1.0.0 (location: C:\Users\darac\OneDrive\Desktop\games\mobile-rpg\client\Library\PackageCache\com.unity.modules.unitywebrequestwww)
    com.unity.modules.vectorgraphics@1.0.0 (location: C:\Users\darac\OneDrive\Desktop\games\mobile-rpg\client\Library\PackageCache\com.unity.modules.vectorgraphics)
    com.unity.modules.vehicles@1.0.0 (location: C:\Users\darac\OneDrive\Desktop\games\mobile-rpg\client\Library\PackageCache\com.unity.modules.vehicles)
    com.unity.modules.video@1.0.0 (location: C:\Users\darac\OneDrive\Desktop\games\mobile-rpg\client\Library\PackageCache\com.unity.modules.video)
    com.unity.modules.wind@1.0.0 (location: C:\Users\darac\OneDrive\Desktop\games\mobile-rpg\client\Library\PackageCache\com.unity.modules.wind)
    com.unity.modules.xr@1.0.0 (location: C:\Users\darac\OneDrive\Desktop\games\mobile-rpg\client\Library\PackageCache\com.unity.modules.xr)
    com.unity.modules.subsystems@1.0.0 (location: C:\Users\darac\OneDrive\Desktop\games\mobile-rpg\client\Library\PackageCache\com.unity.modules.subsystems)
    com.unity.modules.hierarchycore@1.0.0 (location: C:\Users\darac\OneDrive\Desktop\games\mobile-rpg\client\Library\PackageCache\com.unity.modules.hierarchycore)
    com.unity.ext.nunit@2.1.0 (location: C:\Users\darac\OneDrive\Desktop\games\mobile-rpg\client\Library\PackageCache\com.unity.ext.nunit@44f7d31723bd)
[Subsystems] No new subsystems found in resolved package list.
[Package Manager] Done registering packages in 0.01 seconds
Starting: C:\Program Files\Unity\Hub\Editor\6000.5.9f1\Editor\Data\Tools\BuildPipeline\bee_backend.exe --ipc --defer-dag-verification --dagfile="Library/Bee/1900b0aE.dag" --continue-on-failure --profile="Library/Bee/backend1.traceevents" ScriptAssemblies
WorkingDir: C:/Users/darac/OneDrive/Desktop/games/mobile-rpg/client
DisplayProgressbar: Compiling Scripts
ExitCode: 0 Duration: 0s126ms
*** Tundra build success (0.09 seconds), 0 items updated, 332 evaluated
Total cache size 9894044
AssetDatabase: script compilation time: 0.493262s
Total cache size after purge 9894044, took 00:00:00.0138346
Begin MonoManager ReloadAssembly
Native extension for WindowsStandalone target not found
ScheduleIndexationOnStartup MainProcess:True IndexOnStartup:True
Mono: successfully reloaded assembly
- Finished resetting the current domain, in  0.588 seconds
Domain Reload Profiling: 1145ms
	BeginReloadAssembly (246ms)
		DisableScriptedObjects (20ms)
		CreateAndSetChildDomain (52ms)
	RebuildCommonClasses (24ms)
	RebuildNativeTypeToScriptingClass (18ms)
	initialDomainReloadingComplete (47ms)
	LoadAllAssembliesAndSetupDomain (219ms)
		LoadAssemblies (234ms)
		AnalyzeDomain (43ms)
			TypeCache.Refresh (26ms)
				TypeCache.ScanAssembly (21ms)
			BuildScriptInfoCaches (14ms)
	FinalizeReload (590ms)
		SetupLoadedEditorAssemblies (0ms)
			BeforeProcessingInitializeOnLoad (85ms)
			ProcessInitializeOnLoadAttributes (126ms)
			ProcessInitializeOnLoadMethodAttributes (77ms)
			AfterProcessingInitializeOnLoad (11ms)
		AwakeInstancesAfterBackupRestoration (62ms)
Starting new worker id: 0 with log in C:/Users/darac/OneDrive/Desktop/games/mobile-rpg/client/Logs/AssetImportWorkerHW0.log

Asset Pipeline Refresh (id=448dfb80940afe445b1acea032f5aa35): Total: 1.963 seconds - Initiated by InitialRefreshV2(ForceSynchronousImport)
	(Values over 0.05ms)
	Summary:
		Imports: total=0 (actual=0, local cache=0, cache server=0)
		Asset DB Process Time: managed=0 ms, native=814 ms
		Asset DB Callback time: managed=34 ms, native=14 ms
		Scripting: domain reloads=1, domain reload time=586 ms, compile time=497 ms, other=16 ms
		Project Asset Count: scripts=388, non-scripts=733
		Asset File Changes: new=0, changed=0, moved=0, deleted=0
		Scan Filter Count: 0
	InvokePackagesCallback: 16.987ms
	ApplyChangesToAssetFolders: 0.767ms
	Scan: 75.047ms
	Collect global state as custom dependencies: 9.918ms
	CategorizeScriptCompilationAssets: 8.448ms
	ProcessAssetsWithTransientArtifactChanges: 17.773ms
	CategorizeAssets: 12.811ms
	CompileScripts: 496.651ms
	ImportOutOfDateAssets: 627.890ms (600.370ms without children)
		UnloadImportedAssets: 0.142ms
		EnsureUptoDateAssetsAreRegisteredWithGuidPM: 0.310ms
		ImportSchedulerStart: 27.063ms
	PostProcessAllAssets: 34.153ms
		MonoPostProcessAllAssets: 34.075ms
			WindowAssetPostprocessingWatcher.OnPostprocessAllAssets 12.995ms
			SyncVS.PostprocessSyncProject 5.293ms
			SpeedTree9Postprocessor.OnPostprocessAllAssets 1.233ms
			EditModeScopePostprocessor.OnPostprocessAllAssets 1.175ms
			InputActionAssetPostprocessor.OnPostprocessAllAssets 0.551ms
			ReferencedClipsPostProcessor.OnPostprocessAllAssets 0.413ms
			ProjectSettingsPostprocessor.OnPostprocessAllAssets 0.387ms
			TerrainToolbarOverlayPostProcessor.OnPostprocessAllAssets 0.273ms
			AssetDatabaseCallbacks.OnPostprocessAllAssets 0.238ms
			RenderPipelineGlobalSettingsPostprocessor.OnPostprocessAllAssets 0.145ms
	UnloadStreamsBegin: 1.383ms
	GenerateScriptTypeHashes: 2.712ms
	GenerateScriptTypeSerializationHashes: 6.131ms
	Untracked: 655.491ms

Application.AssetDatabase Initial Refresh End
Launched and connected shader compiler UnityShaderCompiler.exe after 0.02 seconds
Scanning for USB devices : 25.177ms
Initializing Unity extensions:
[MODES] ModeService[none].Initialize
[MODES] ModeService[none].LoadModes
[MODES] Loading mode Default (0) for mode-current-id-Sapphire RPG
Unloading 4 Unused Serialized files (Serialized files now loaded: 0)
Unloading 1380 unused Assets / (0.6 MB). Loaded Objects now: 2166.
Memory consumption went from 221.3 MB to 220.7 MB.
Total: 10.368000 ms (FindLiveObjects: 0.375600 ms CreateObjectMapping: 0.688600 ms MarkObjects: 8.573100 ms  DeleteObjects: 0.727100 ms)

Asset Pipeline Refresh (id=892a30040aaacc946853b8cfa724f71f): Total: 0.036 seconds - Initiated by RefreshV2(NoUpdateAssetOptions)
Importing 'GUID: 67919e38704e7514b97636471ce72c25 - Path: Assets/Sapphire/Art/World/Ground/Grass_0.png' with importer (TextureImporter)
Imported 'GUID: 67919e38704e7514b97636471ce72c25' -> (Import Result ID: '98a3a8ee720b23e032cd2b52fa3703ea') in 0.018 seconds [static and dynamic dependencies]. Details - ImportResultOutputID=32f78c8e404483533c1becc24e710262 DependenciesID=6981e00f2ad4d25c546e457047b112a9 StaticDependenciesID=7f8d1578275c589e8395de88fac14e1b 
Asset Pipeline Refresh (id=5e321455230f5da4c8dbe1767d794cea): Total: 0.078 seconds - Initiated by StopAssetImportingV2(NoUpdateAssetOptions)
Importing 'GUID: 4f2bc0d80a0414b4db2f6ac813fef54c - Path: Assets/Sapphire/Art/World/Ground/Grass_1.png' with importer (TextureImporter)
Imported 'GUID: 4f2bc0d80a0414b4db2f6ac813fef54c' -> (Import Result ID: '382ee15d98ec351b491f8bdab5b29dec') in 0.009 seconds [static and dynamic dependencies]. Details - ImportResultOutputID=4be093b41e032a199b4bd57fef496c39 DependenciesID=ea55f96001880a861ddf93d3878a2e83 StaticDependenciesID=5aa4655c3b077bef29d5846b9a7d0f66 
Asset Pipeline Refresh (id=8a12633c4b76f9444afdc30bef7d0972): Total: 0.027 seconds - Initiated by StopAssetImportingV2(NoUpdateAssetOptions)
Importing 'GUID: 9b5d5677a6b7072448d9212fa1314d88 - Path: Assets/Sapphire/Art/World/Ground/Grass_2.png' with importer (TextureImporter)
Imported 'GUID: 9b5d5677a6b7072448d9212fa1314d88' -> (Import Result ID: '28fe2584650c13723ed47e444970af6b') in 0.008 seconds [static and dynamic dependencies]. Details - ImportResultOutputID=10d74c942f379f5ae140c95448b1f5db DependenciesID=87df88546326a99a9d229ef9e8e0ff0b StaticDependenciesID=f218a75a77d8838e6a39a66220307427 
Asset Pipeline Refresh (id=a5b4eeae4a7ae134d95a4a0d4555c836): Total: 0.026 seconds - Initiated by StopAssetImportingV2(NoUpdateAssetOptions)
Importing 'GUID: 0cf4bbec691487648959eb3202745b33 - Path: Assets/Sapphire/Art/World/Ground/Dirt_0.png' with importer (TextureImporter)
Imported 'GUID: 0cf4bbec691487648959eb3202745b33' -> (Import Result ID: '17e73fca9f2bd23dae4e0734cea61624') in 0.010 seconds [static and dynamic dependencies]. Details - ImportResultOutputID=d78ea22cadc8309daafc3eb451d1cd25 DependenciesID=bc291319399e376d53fd806603c76849 StaticDependenciesID=80e0cde20e1788303e660e6ab24a0dcf 
Asset Pipeline Refresh (id=33234f49d67295f44a953033bce51d22): Total: 0.027 seconds - Initiated by StopAssetImportingV2(NoUpdateAssetOptions)
Importing 'GUID: e241f5bc20d6f6649ba8925818b63663 - Path: Assets/Sapphire/Art/World/Ground/Dirt_1.png' with importer (TextureImporter)
Imported 'GUID: e241f5bc20d6f6649ba8925818b63663' -> (Import Result ID: '093e1d8d4358fdfe007e0363033a01ca') in 0.009 seconds [static and dynamic dependencies]. Details - ImportResultOutputID=be7bbd29230b37b239b9051b59ebdb69 DependenciesID=a3ed44c65ea31ca61d89a16dafbd2d22 StaticDependenciesID=56808ca52e9314da7dee5944631d57a3 
Asset Pipeline Refresh (id=0765fdb6f25e65b4ea9a58f832d55673): Total: 0.026 seconds - Initiated by StopAssetImportingV2(NoUpdateAssetOptions)
Importing 'GUID: 61578ea784823874a8cd83c0c3648fa2 - Path: Assets/Sapphire/Art/World/Ground/Dirt_2.png' with importer (TextureImporter)
Imported 'GUID: 61578ea784823874a8cd83c0c3648fa2' -> (Import Result ID: '7da1d237d98cc7d1925489cded0db36b') in 0.009 seconds [static and dynamic dependencies]. Details - ImportResultOutputID=65da1c93da6634d2c4c57b1e071d030f DependenciesID=14f4ff23b7bf7d88bcc4310863a37f8f StaticDependenciesID=73bb9ff0503f1b1640a03508cbbe5829 
Asset Pipeline Refresh (id=021f6be1168e9394d8169b9b1a04ee23): Total: 0.029 seconds - Initiated by StopAssetImportingV2(NoUpdateAssetOptions)
Importing 'GUID: e323213338a5f0544b6ac9b4eb0801be - Path: Assets/Sapphire/Art/World/VillageProps.png' with importer (TextureImporter)
Imported 'GUID: e323213338a5f0544b6ac9b4eb0801be' -> (Import Result ID: 'f22dd70214cfed789ae3efee9e3a2936') in 0.120 seconds [static and dynamic dependencies]. Details - ImportResultOutputID=0c5b04863906247478d01590cf4cd43f DependenciesID=221976264b7657580a4a562189a74fc9 StaticDependenciesID=df8cd229734b9eb428a98d88549677e0 
Asset Pipeline Refresh (id=98f57d64d3fac164db9473ab1aa9db56): Total: 0.159 seconds - Initiated by StopAssetImportingV2(NoUpdateAssetOptions)
Importing 'GUID: e7d4432d015a1184696d02a51d227de7 - Path: Assets/Sapphire/Art/World/TownHallVertical.png' with importer (TextureImporter)
Imported 'GUID: e7d4432d015a1184696d02a51d227de7' -> (Import Result ID: '4cf57f67fa78b88b02180272b3947b2f') in 0.047 seconds [static and dynamic dependencies]. Details - ImportResultOutputID=16a9ee81fc83d82a52566af95fb0a75e DependenciesID=9f89ade0c6b3afde9e311ede2620e6f2 StaticDependenciesID=606ff99b74ed1b23a2ce66d249f374eb 
Asset Pipeline Refresh (id=c8e2f148063fbaa48bf625b93b52a7ac): Total: 0.073 seconds - Initiated by StopAssetImportingV2(NoUpdateAssetOptions)
Importing 'GUID: 283ecab433d12ce4b875ffd893d0356b - Path: Assets/Sapphire/Art/World/SlimeKingdomAtlas.png' with importer (TextureImporter)
Imported 'GUID: 283ecab433d12ce4b875ffd893d0356b' -> (Import Result ID: '1482d860a9f1b63f3eeb4a875dc72ecd') in 0.152 seconds [static and dynamic dependencies]. Details - ImportResultOutputID=78b7d08bdcc62f85d6243ddc7f9f2e7e DependenciesID=ece8f56e00bfb449c0efd21bbb9c7461 StaticDependenciesID=15d66cc374171a2bbab9493fd54d4622 
Asset Pipeline Refresh (id=8d891f879415d97429e7cf9e7fa629bb): Total: 0.203 seconds - Initiated by StopAssetImportingV2(NoUpdateAssetOptions)
Importing 'GUID: dd2f7840b16b31c4d910e4fc95debada - Path: Assets/Sapphire/Art/World/SlimeKingdomProps2.png' with importer (TextureImporter)
Imported 'GUID: dd2f7840b16b31c4d910e4fc95debada' -> (Import Result ID: 'acb69f85a072fedb7958e7624cda6be7') in 0.130 seconds [static and dynamic dependencies]. Details - ImportResultOutputID=589dcd1f108b125eaffb76c2ef9babf1 DependenciesID=8d111cfcda8a623a0174cfc308c8052e StaticDependenciesID=1b1722382cffe3f9f3883f4672c254e8 
Asset Pipeline Refresh (id=0e971aee99fc79649a7824d094de9d05): Total: 0.165 seconds - Initiated by StopAssetImportingV2(NoUpdateAssetOptions)
Importing 'GUID: be831e50a0cafd94ab556ea82b0a0188 - Path: Assets/Sapphire/Art/World/SlimeKingdom/Ground/Grass.png' with importer (TextureImporter)
Imported 'GUID: be831e50a0cafd94ab556ea82b0a0188' -> (Import Result ID: '0614cec721135882f3ec56b2343dbf39') in 0.046 seconds [static and dynamic dependencies]. Details - ImportResultOutputID=5a5afdbd5405404691ced0303fa60577 DependenciesID=00c2ad6ba08c52d1c1caf499ed23fb80 StaticDependenciesID=52da2f866b374e3de0ccb2570724f83b 
Asset Pipeline Refresh (id=54bc78e229d6f05418e71754f1991fed): Total: 0.066 seconds - Initiated by StopAssetImportingV2(NoUpdateAssetOptions)
Importing 'GUID: 067ca092d5411994da3b21dfb80bc82b - Path: Assets/Sapphire/Art/World/SlimeKingdom/Ground/RoyalRoad.png' with importer (TextureImporter)
Imported 'GUID: 067ca092d5411994da3b21dfb80bc82b' -> (Import Result ID: '2700a92320d5a0148720642f0aa065b9') in 0.041 seconds [static and dynamic dependencies]. Details - ImportResultOutputID=237231eae2778e193b50089bc0eef4af DependenciesID=ae1d9e9f7939aa2596332896443e4b74 StaticDependenciesID=d2a1be6df2e7f31034fedebc35ae3f78 
Asset Pipeline Refresh (id=f8bf6bd7c264b944d8d8a409525c0cff): Total: 0.058 seconds - Initiated by StopAssetImportingV2(NoUpdateAssetOptions)
Importing 'GUID: 04e2fdc1fca197d489018e3457f3f283 - Path: Assets/Sapphire/Art/World/SlimeKingdom/Ground/JellyPool.png' with importer (TextureImporter)
Imported 'GUID: 04e2fdc1fca197d489018e3457f3f283' -> (Import Result ID: 'cf027eedcfe9440b407f31244a9f44a8') in 0.044 seconds [static and dynamic dependencies]. Details - ImportResultOutputID=ec9082ee348471972a05f9ed8e511b57 DependenciesID=aca4a5ded51ff217ab5050d660ccabcf StaticDependenciesID=5790b0a089bf0d946fdf870781ff562d 
Asset Pipeline Refresh (id=7e8987bc049076c4ea0c3d51a7721ff7): Total: 0.063 seconds - Initiated by StopAssetImportingV2(NoUpdateAssetOptions)
Importing 'GUID: a0e87f7a8746df949a6727b2fda8685e - Path: Assets/Sapphire/Art/World/SlimeKingdom/Ground/CastleStone.png' with importer (TextureImporter)
Imported 'GUID: a0e87f7a8746df949a6727b2fda8685e' -> (Import Result ID: '3bd73c2b281b44e7b03d31b747f3370b') in 0.043 seconds [static and dynamic dependencies]. Details - ImportResultOutputID=93914664df70da218f07562ff15fdd8e DependenciesID=5d115ce623954ba836b1a29985182c06 StaticDependenciesID=930fc2617b75728c87d299fcfbcdc805 
Asset Pipeline Refresh (id=26e3d9e9d3dd87445aabd0770ab23afe): Total: 0.060 seconds - Initiated by StopAssetImportingV2(NoUpdateAssetOptions)
Importing 'GUID: c04f4488044926641a5010f75093096a - Path: Assets/Sapphire/Art/World/SlimeKingdom/SeamlessV5/Grass0.png' with importer (TextureImporter)
Imported 'GUID: c04f4488044926641a5010f75093096a' -> (Import Result ID: 'c49aa12672c2caa6f946beedc5c2ed4f') in 0.009 seconds [static and dynamic dependencies]. Details - ImportResultOutputID=049e5b40588c0f72e61bb225953dc313 DependenciesID=ccba77633f403ddba8326bff7f16d4d5 StaticDependenciesID=03b240b52ab177cd16a754f5540e7435 
Asset Pipeline Refresh (id=cd19504b2365acf48996b904c367cde0): Total: 0.024 seconds - Initiated by StopAssetImportingV2(NoUpdateAssetOptions)
Importing 'GUID: 3e9883552a75b764e8b1071e6e44c3c3 - Path: Assets/Sapphire/Art/World/SlimeKingdom/SeamlessV5/Grass1.png' with importer (TextureImporter)
Imported 'GUID: 3e9883552a75b764e8b1071e6e44c3c3' -> (Import Result ID: '4d5959f193284f3c74b07db1c2068f86') in 0.009 seconds [static and dynamic dependencies]. Details - ImportResultOutputID=e5367bf99202909521181264cf63f650 DependenciesID=bd6d65756f1b70b6ae168bd2f88fd177 StaticDependenciesID=50e2723afd384323bc6172be301c0da5 
Asset Pipeline Refresh (id=331fad469a1daf74da2f0cf684a65411): Total: 0.031 seconds - Initiated by StopAssetImportingV2(NoUpdateAssetOptions)
Importing 'GUID: 1cd94c8c35910b248a2488ef4817936c - Path: Assets/Sapphire/Art/World/SlimeKingdom/SeamlessV5/Grass2.png' with importer (TextureImporter)
Imported 'GUID: 1cd94c8c35910b248a2488ef4817936c' -> (Import Result ID: '4606c8c0c1bf541e0e805ba3417555e1') in 0.014 seconds [static and dynamic dependencies]. Details - ImportResultOutputID=6b4157788d524c08b99073f4372fb99b DependenciesID=0c7c75dd9ed2ba7140c8562bce454bf9 StaticDependenciesID=fbf3e2d8afce367a76604d1a4e93e39a 
Asset Pipeline Refresh (id=e15fc93e0c0d90242ab917021b6a45c6): Total: 0.134 seconds - Initiated by StopAssetImportingV2(NoUpdateAssetOptions)
Importing 'GUID: 68a4ad4322ed8b14fa3596e1f70b6601 - Path: Assets/Sapphire/Art/World/SlimeKingdom/SeamlessV5/Grass3.png' with importer (TextureImporter)
Imported 'GUID: 68a4ad4322ed8b14fa3596e1f70b6601' -> (Import Result ID: '66a0462f4c0b2b6fc5c1161b44915560') in 0.010 seconds [static and dynamic dependencies]. Details - ImportResultOutputID=ec871a76acf2dc162820d8a90d5defe4 DependenciesID=df61a8a4f62dc307ab91947dd9288cfc StaticDependenciesID=fae92baf10728114ee1bb01157278586 
Asset Pipeline Refresh (id=dbd4cc54d66f9cc45a93e66646439825): Total: 0.037 seconds - Initiated by StopAssetImportingV2(NoUpdateAssetOptions)
Importing 'GUID: 9546e19a62c12b84bb1b07ed94d757ce - Path: Assets/Sapphire/Art/World/SlimeKingdom/SeamlessV5/Dirt0.png' with importer (TextureImporter)
Imported 'GUID: 9546e19a62c12b84bb1b07ed94d757ce' -> (Import Result ID: '69e247c9369c565148116fff42fd8939') in 0.009 seconds [static and dynamic dependencies]. Details - ImportResultOutputID=5d2dc70fdf94266226dc9fe540a3ed3e DependenciesID=9b7a541c7582dbc98823261e820c377f StaticDependenciesID=7ed975ee406587f91b3f2d426d55090d 
Asset Pipeline Refresh (id=e205558864842fa4db9676b878775334): Total: 0.030 seconds - Initiated by StopAssetImportingV2(NoUpdateAssetOptions)
Importing 'GUID: 3eb4d58d4fcdc7a4bb13a39e9b86a40f - Path: Assets/Sapphire/Art/World/SlimeKingdom/SeamlessV5/Dirt1.png' with importer (TextureImporter)
Imported 'GUID: 3eb4d58d4fcdc7a4bb13a39e9b86a40f' -> (Import Result ID: '28b3eb919add0fa1fd0b60629c825a7b') in 0.009 seconds [static and dynamic dependencies]. Details - ImportResultOutputID=5ca6b59d676ba4b9508aae4c58bb6274 DependenciesID=a0033712fa31c962dc317e17442ff375 StaticDependenciesID=847b3d4c98400601ae5227abad4e5174 
Asset Pipeline Refresh (id=601346d394a8c3f4cbe6f4a629f7eb87): Total: 0.035 seconds - Initiated by StopAssetImportingV2(NoUpdateAssetOptions)
Importing 'GUID: d0de854aca41ab840b58a24cecc6e372 - Path: Assets/Sapphire/Art/World/SlimeKingdom/SeamlessV5/Dirt2.png' with importer (TextureImporter)
Imported 'GUID: d0de854aca41ab840b58a24cecc6e372' -> (Import Result ID: 'c49fec6c30294231c669c80b9e17a0f1') in 0.009 seconds [static and dynamic dependencies]. Details - ImportResultOutputID=70856039e4a3ada1f985de998afc4042 DependenciesID=db1c9f690baed834afc0c5e8092c3d15 StaticDependenciesID=9f2f5a1c3b473c8ad15b263353f26707 
Asset Pipeline Refresh (id=932ce84db6eeb0c41af8b11545b3d6d9): Total: 0.035 seconds - Initiated by StopAssetImportingV2(NoUpdateAssetOptions)
Importing 'GUID: 163d5fa2ef61e904180e1e6de0d7ea5c - Path: Assets/Sapphire/Art/World/SlimeKingdom/SeamlessV5/Dirt3.png' with importer (TextureImporter)
Imported 'GUID: 163d5fa2ef61e904180e1e6de0d7ea5c' -> (Import Result ID: '181d51607cd1c6aa437f37cb61998155') in 0.009 seconds [static and dynamic dependencies]. Details - ImportResultOutputID=bd486178ea6a95fdb1ef89cdab224631 DependenciesID=b0dba5f36fa93f2b30035c881681b335 StaticDependenciesID=70aa0294030fe4b9202c4aa4e824088d 
Asset Pipeline Refresh (id=d7e8e53a8e75e2044a6fdaeb86f92662): Total: 0.030 seconds - Initiated by StopAssetImportingV2(NoUpdateAssetOptions)
Importing 'GUID: dae452c5e849db74c938c76e3b38e1db - Path: Assets/Sapphire/Art/World/SlimeKingdom/SeamlessV5/DirtEdge0.png' with importer (TextureImporter)
Imported 'GUID: dae452c5e849db74c938c76e3b38e1db' -> (Import Result ID: 'd95f6393b18bf20d6bbbd8525e41742f') in 0.009 seconds [static and dynamic dependencies]. Details - ImportResultOutputID=8ac5905232e64068e2935aa3f49f855e DependenciesID=0fdf9547a40bb2aebdfb8aecbb0b069b StaticDependenciesID=ac7c3668e126eca425e858aab081e08e 
Asset Pipeline Refresh (id=5c1e8e13fe95424408b905684b3a9e30): Total: 0.029 seconds - Initiated by StopAssetImportingV2(NoUpdateAssetOptions)
Importing 'GUID: 6b12eb95fccdce943b895b4732bfb02d - Path: Assets/Sapphire/Art/World/SlimeKingdom/SeamlessV5/DirtEdge1.png' with importer (TextureImporter)
Imported 'GUID: 6b12eb95fccdce943b895b4732bfb02d' -> (Import Result ID: '181f6b7b6ea99ea2037d1b2785fe6396') in 0.009 seconds [static and dynamic dependencies]. Details - ImportResultOutputID=071905c487db70ee2033c0adb9d8b4b9 DependenciesID=fa8b7f5107c55040b9258903d5e5e465 StaticDependenciesID=127618d2d94fad417d04a21dec5ffa74 
Asset Pipeline Refresh (id=3fd287b10b5a5324db48e6817f4f8589): Total: 0.027 seconds - Initiated by StopAssetImportingV2(NoUpdateAssetOptions)
Importing 'GUID: ebd410387227cc045bc83dc8fb4a81ed - Path: Assets/Sapphire/Art/World/SlimeKingdom/SeamlessV5/DirtEdge2.png' with importer (TextureImporter)
Imported 'GUID: ebd410387227cc045bc83dc8fb4a81ed' -> (Import Result ID: '972e20b310dbd9e59d2b3b587f5b1bdd') in 0.010 seconds [static and dynamic dependencies]. Details - ImportResultOutputID=353e242584bf3fb8f867f6e63a36836c DependenciesID=cd9902bfdbad0fe1c65dbd6b5f421697 StaticDependenciesID=778b97a03a30aa7aa08ca25e16c6f367 
Asset Pipeline Refresh (id=a9037c4531c91b944afe35897657f449): Total: 0.028 seconds - Initiated by StopAssetImportingV2(NoUpdateAssetOptions)
Importing 'GUID: 74e0301d11f548b4c80974b648c4bf92 - Path: Assets/Sapphire/Art/World/SlimeKingdom/SeamlessV5/DirtEdge3.png' with importer (TextureImporter)
Imported 'GUID: 74e0301d11f548b4c80974b648c4bf92' -> (Import Result ID: '8c71704c7406e39764057a9bfe4a4ac9') in 0.010 seconds [static and dynamic dependencies]. Details - ImportResultOutputID=4d05b6532acced51de139aa93def489d DependenciesID=c432bd962adffbf721d11fb107a219e3 StaticDependenciesID=61b422f58e1cc85aa6e25e735e7c37a9 
Asset Pipeline Refresh (id=30bda6f78a7d68c4f93695bd9edaffeb): Total: 0.030 seconds - Initiated by StopAssetImportingV2(NoUpdateAssetOptions)
Importing 'GUID: dcf64b908af433d4b8151910bd3c75eb - Path: Assets/Sapphire/Art/World/SlimeKingdom/SeamlessV5/DirtEdge4.png' with importer (TextureImporter)
Imported 'GUID: dcf64b908af433d4b8151910bd3c75eb' -> (Import Result ID: '1d102113cc0c1d18bc1881e5126b7203') in 0.010 seconds [static and dynamic dependencies]. Details - ImportResultOutputID=e446e17ed71d37c41010e19e26daf747 DependenciesID=6a9be6847a45d8a246cb7fdbe039f5e5 StaticDependenciesID=9188144879ca4bd2e157d159586d5565 
Asset Pipeline Refresh (id=68bb40c95a2803b40bdebbf6f3d2f2d8): Total: 0.024 seconds - Initiated by StopAssetImportingV2(NoUpdateAssetOptions)
Importing 'GUID: a3ccb95f484dfd44bbe063d3f3a38832 - Path: Assets/Sapphire/Art/World/SlimeKingdom/SeamlessV5/DirtEdge5.png' with importer (TextureImporter)
Imported 'GUID: a3ccb95f484dfd44bbe063d3f3a38832' -> (Import Result ID: 'f8773c070d9ad867aa627455d8ca32b8') in 0.012 seconds [static and dynamic dependencies]. Details - ImportResultOutputID=132d17418ad8c255a5bed328b5f74f26 DependenciesID=8e8555efadb2df142c3a4b4f37cbd408 StaticDependenciesID=0a6a899d58fd6ffce68e1fa21369c71f 
Asset Pipeline Refresh (id=d7dfd07894b96a94e95e70e9ba174fc5): Total: 0.029 seconds - Initiated by StopAssetImportingV2(NoUpdateAssetOptions)
Importing 'GUID: a9388b9972e37364bb3b6e612ec7f3eb - Path: Assets/Sapphire/Art/World/SlimeKingdom/SeamlessV5/DirtEdge6.png' with importer (TextureImporter)
Imported 'GUID: a9388b9972e37364bb3b6e612ec7f3eb' -> (Import Result ID: '9e80f7b100aac32f2a72cb54b7056704') in 0.011 seconds [static and dynamic dependencies]. Details - ImportResultOutputID=83c2f77c871010c3488cc08890340084 DependenciesID=1c48798fb5d7ae4157791dc57f71bbee StaticDependenciesID=b6d74d5f719fd0b831b4715bf29c477d 
Asset Pipeline Refresh (id=d07af41553312a5449154f9361b8f673): Total: 0.030 seconds - Initiated by StopAssetImportingV2(NoUpdateAssetOptions)
Importing 'GUID: 760ede54c568a6f4e9f1c5e2e00913b2 - Path: Assets/Sapphire/Art/World/SlimeKingdom/SeamlessV5/DirtEdge7.png' with importer (TextureImporter)
Imported 'GUID: 760ede54c568a6f4e9f1c5e2e00913b2' -> (Import Result ID: '498e2a0e188992c862b4f55712354e73') in 0.016 seconds [static and dynamic dependencies]. Details - ImportResultOutputID=76bdfbe3a87402e6cec969f985654213 DependenciesID=fde86d45cfc2251fd1660719511951b3 StaticDependenciesID=9d3e0b0cbd2a6459afbf8cd71549e813 
Asset Pipeline Refresh (id=e13d1f76e4ff6a042ba2796b1ffd7cf9): Total: 0.057 seconds - Initiated by StopAssetImportingV2(NoUpdateAssetOptions)
Importing 'GUID: 43a15421f0e771049aab4216b4f4cd8b - Path: Assets/Sapphire/Art/World/SlimeKingdom/SeamlessV5/DirtEdge8.png' with importer (TextureImporter)
Imported 'GUID: 43a15421f0e771049aab4216b4f4cd8b' -> (Import Result ID: 'b093f99cf75cc8d9c001febf03f9227c') in 0.014 seconds [static and dynamic dependencies]. Details - ImportResultOutputID=2b0290ce7dae5c7eac4e1022c120f640 DependenciesID=76ee83af3e0d120f8a9582202e7f7fdd StaticDependenciesID=a6b48fd83065ee247bc84dc76407e1e8 
Asset Pipeline Refresh (id=0ae9f87e0a75189439b50742597c275c): Total: 0.046 seconds - Initiated by StopAssetImportingV2(NoUpdateAssetOptions)
Importing 'GUID: 232d6c16d628d7145a9435424ce90713 - Path: Assets/Sapphire/Art/World/SlimeKingdom/SeamlessV5/DirtEdge9.png' with importer (TextureImporter)
Imported 'GUID: 232d6c16d628d7145a9435424ce90713' -> (Import Result ID: '64a57c5aca901fdd2c9fbb5ddcddb3af') in 0.010 seconds [static and dynamic dependencies]. Details - ImportResultOutputID=13d43fb6334c053b54dcac4f565045f8 DependenciesID=774f4a5a0583fc55d3a47bc68447c993 StaticDependenciesID=c350274d3a12ae7eb17d63efeb7d100c 
Asset Pipeline Refresh (id=af503af79807d7548a30986b061e9ca5): Total: 0.035 seconds - Initiated by StopAssetImportingV2(NoUpdateAssetOptions)
Importing 'GUID: f6dbda2166fad824c9bb3d409732ea1e - Path: Assets/Sapphire/Art/World/SlimeKingdom/SeamlessV5/DirtEdge10.png' with importer (TextureImporter)
Imported 'GUID: f6dbda2166fad824c9bb3d409732ea1e' -> (Import Result ID: '09037c9f9c70d9d1eae57d7181afe4b3') in 0.010 seconds [static and dynamic dependencies]. Details - ImportResultOutputID=3cef66ea62ef5f96840c945f7dc43967 DependenciesID=3f027bf124b32a1186949e192116c448 StaticDependenciesID=1710427ac893349c7f152b96a0464e60 
Asset Pipeline Refresh (id=e362732503dfc26459ee3e57d258df11): Total: 0.030 seconds - Initiated by StopAssetImportingV2(NoUpdateAssetOptions)
Importing 'GUID: 0e6feadd10b99ec42a322095ddd42597 - Path: Assets/Sapphire/Art/World/SlimeKingdom/SeamlessV5/DirtEdge11.png' with importer (TextureImporter)
Imported 'GUID: 0e6feadd10b99ec42a322095ddd42597' -> (Import Result ID: '34885fb515d18567bcb11ba20192a650') in 0.012 seconds [static and dynamic dependencies]. Details - ImportResultOutputID=c4b2c4359b1206b94de84cc5c7e5272f DependenciesID=b47efa968b6af6d6aed4779148bd9537 StaticDependenciesID=747e52e94e70ca3e3a046ff97991622a 
Asset Pipeline Refresh (id=0b5f19307849ef945905c4da15d8b6d1): Total: 0.034 seconds - Initiated by StopAssetImportingV2(NoUpdateAssetOptions)
Importing 'GUID: 5d738f782ebff9c42997fd66f1b1ec8d - Path: Assets/Sapphire/Art/World/SlimeKingdom/SeamlessV5/DirtEdge12.png' with importer (TextureImporter)
Imported 'GUID: 5d738f782ebff9c42997fd66f1b1ec8d' -> (Import Result ID: '1f8e1068edb882ef6ee747195a921794') in 0.012 seconds [static and dynamic dependencies]. Details - ImportResultOutputID=125e79643189562f4d177594ac7306cb DependenciesID=d5cfd9cdac4ae687fd125d321edae5f7 StaticDependenciesID=911938ceb37b844cd3302916e9a61296 
Asset Pipeline Refresh (id=23e684e4f8e00c842a46070231f9857f): Total: 0.038 seconds - Initiated by StopAssetImportingV2(NoUpdateAssetOptions)
Importing 'GUID: 2829a038f955d994bb925721b080db15 - Path: Assets/Sapphire/Art/World/SlimeKingdom/SeamlessV5/DirtEdge13.png' with importer (TextureImporter)
Imported 'GUID: 2829a038f955d994bb925721b080db15' -> (Import Result ID: 'b73392e65e9de0629eff4f793b50768b') in 0.016 seconds [static and dynamic dependencies]. Details - ImportResultOutputID=f51497c77669d53a7e217f486a819b62 DependenciesID=ba931b99a99217c55972c72e829ef25d StaticDependenciesID=8f84e247844490247a20cc8f740ebf5b 
Asset Pipeline Refresh (id=1d13e9372fbd1d54f92a4963968b4459): Total: 0.042 seconds - Initiated by StopAssetImportingV2(NoUpdateAssetOptions)
Importing 'GUID: 5e05068a407d9184f928a1a5215a729f - Path: Assets/Sapphire/Art/World/SlimeKingdom/SeamlessV5/DirtEdge14.png' with importer (TextureImporter)
Imported 'GUID: 5e05068a407d9184f928a1a5215a729f' -> (Import Result ID: 'bfae96c9d3ea3c1dc04b034eeef27f68') in 0.016 seconds [static and dynamic dependencies]. Details - ImportResultOutputID=eecf25f1c4936dffc65e10cde8321d41 DependenciesID=a136caf0ec73a7305872d876fa7c3cc8 StaticDependenciesID=17e283fe8f9e7c71e3095f92f9e33f61 
Asset Pipeline Refresh (id=68c60112e798a08498974316f1fb6dab): Total: 0.055 seconds - Initiated by StopAssetImportingV2(NoUpdateAssetOptions)
Importing 'GUID: fc2f1b66ce4002a48977b55c504606e9 - Path: Assets/Sapphire/Art/World/SlimeKingdom/SeamlessV5/DirtEdge15.png' with importer (TextureImporter)
Imported 'GUID: fc2f1b66ce4002a48977b55c504606e9' -> (Import Result ID: 'fa6e950529dc987ce3ba44a7f26a625e') in 0.011 seconds [static and dynamic dependencies]. Details - ImportResultOutputID=febf3c1e3d9e368dab71447b9e8f1144 DependenciesID=0278d3804adcf440a39c87576fd00697 StaticDependenciesID=5667612ad3c96b3ef99a6a9ba0a9318d 
Asset Pipeline Refresh (id=702e6ee6fe379a34390aca4c7df9593d): Total: 0.036 seconds - Initiated by StopAssetImportingV2(NoUpdateAssetOptions)
Importing 'GUID: 324752024d7936e4d8a42a98340b231a - Path: Assets/Sapphire/Art/World/SlimeKingdom/SeamlessV5/DirtEdge16.png' with importer (TextureImporter)
Imported 'GUID: 324752024d7936e4d8a42a98340b231a' -> (Import Result ID: '9cf44d0a5d5e4ff1531a6232257aff7f') in 0.011 seconds [static and dynamic dependencies]. Details - ImportResultOutputID=da21bb342c77aa5ca2e345761f2ec8df DependenciesID=cd933aa3043e1e0cd94ff761a07c7a2b StaticDependenciesID=72315cd2201b18e51ed306c26b8ef30d 
Asset Pipeline Refresh (id=9342e9b5eec472d47b728fac0041285b): Total: 0.031 seconds - Initiated by StopAssetImportingV2(NoUpdateAssetOptions)
Importing 'GUID: ef5924b9a723df94198f5ffdb99ea009 - Path: Assets/Sapphire/Art/World/SlimeKingdom/SeamlessV5/DirtEdge17.png' with importer (TextureImporter)
Imported 'GUID: ef5924b9a723df94198f5ffdb99ea009' -> (Import Result ID: 'a42ce171198964cd85030d277640937c') in 0.010 seconds [static and dynamic dependencies]. Details - ImportResultOutputID=d355e0804ea3d637be0e16d7d149efd1 DependenciesID=4200cfae9f4734236ae6fea2518451bb StaticDependenciesID=6bec08fda59924a939df326a0f52b8ae 
Asset Pipeline Refresh (id=5505dc56665f8cf4dab87ac169204c10): Total: 0.027 seconds - Initiated by StopAssetImportingV2(NoUpdateAssetOptions)
Importing 'GUID: ff7cf70ed6ea7eb4c98d35b5a3065697 - Path: Assets/Sapphire/Art/World/SlimeKingdom/SeamlessV5/DirtEdge18.png' with importer (TextureImporter)
Imported 'GUID: ff7cf70ed6ea7eb4c98d35b5a3065697' -> (Import Result ID: '5da90ba25ed1a254dc692c19c384b5ec') in 0.012 seconds [static and dynamic dependencies]. Details - ImportResultOutputID=6aac144b31751e7e9c4b83373ccfa5be DependenciesID=e516df015a4acef38175d5835ebba00c StaticDependenciesID=bd9274a84642e00552b1e267a276f972 
Asset Pipeline Refresh (id=c9312c3a3d09fac488e228e5a83ca596): Total: 0.033 seconds - Initiated by StopAssetImportingV2(NoUpdateAssetOptions)
Worker ready: AssetImportWorkerHW0 0
Importing 'GUID: 353a6a6705bbdfd4f9555dda476f1aba - Path: Assets/Sapphire/Art/World/SlimeKingdom/SeamlessV5/DirtEdge19.png' with importer (TextureImporter)
Imported 'GUID: 353a6a6705bbdfd4f9555dda476f1aba' -> (Import Result ID: '3b211b81c838b323a86a033342aa7314') in 0.011 seconds [static and dynamic dependencies]. Details - ImportResultOutputID=997bcbc9bb1992fd45ede37087cd343a DependenciesID=365855bc0b618c351cf6f895200985eb StaticDependenciesID=6f543dca65ae04b722081476be1f4cc7 
Asset Pipeline Refresh (id=ad4fb52736680e243add35b42f4cdbc0): Total: 0.034 seconds - Initiated by StopAssetImportingV2(NoUpdateAssetOptions)
Importing 'GUID: 522eda9f6f30de74ba7f1b2eeb2daac0 - Path: Assets/Sapphire/Art/World/SlimeKingdom/SeamlessV5/DirtEdge20.png' with importer (TextureImporter)
Imported 'GUID: 522eda9f6f30de74ba7f1b2eeb2daac0' -> (Import Result ID: '4c45c802f26933e6038cc2e2cb4f9769') in 0.011 seconds [static and dynamic dependencies]. Details - ImportResultOutputID=1fb4135b8e9cc2d1e8d2ea1a6dc15013 DependenciesID=e4c69b58928f589344c89a58d1f7edd3 StaticDependenciesID=3e540dd0f32afdff085b24ba3e92d0df 
Asset Pipeline Refresh (id=2e96e5f249befd24fb8161a2805cdb44): Total: 0.030 seconds - Initiated by StopAssetImportingV2(NoUpdateAssetOptions)
Importing 'GUID: 3162ffa85af1d6941b64e23163b1b15b - Path: Assets/Sapphire/Art/World/SlimeKingdom/SeamlessV5/DirtEdge21.png' with importer (TextureImporter)
Imported 'GUID: 3162ffa85af1d6941b64e23163b1b15b' -> (Import Result ID: '367980c27bbcdbc5fc914a120f92d018') in 0.011 seconds [static and dynamic dependencies]. Details - ImportResultOutputID=12e47b16eb7a09f7d0a62a8e9dad4e57 DependenciesID=6120d9f3543095486a09eab03f3cd226 StaticDependenciesID=cc67293b93dd317d59e347f7119f1b8c 
Asset Pipeline Refresh (id=a6e7373944d8db640a5d19906b443cd2): Total: 0.031 seconds - Initiated by StopAssetImportingV2(NoUpdateAssetOptions)
Importing 'GUID: 23202e9f51e561a4f80a39fff96b1287 - Path: Assets/Sapphire/Art/World/SlimeKingdom/SeamlessV5/DirtEdge22.png' with importer (TextureImporter)
Imported 'GUID: 23202e9f51e561a4f80a39fff96b1287' -> (Import Result ID: 'af53fe66b166d90f08db40bcc6c8da31') in 0.012 seconds [static and dynamic dependencies]. Details - ImportResultOutputID=1d89a3dc13ffa094b0bde4fa39f71fa8 DependenciesID=bbd84342601e76ea2d5b359d992351bf StaticDependenciesID=916e2f8b1815b914a7f1348bc69500fe 
Asset Pipeline Refresh (id=a5fea4c160b7f0b4a91b78bb8792cabc): Total: 0.035 seconds - Initiated by StopAssetImportingV2(NoUpdateAssetOptions)
Importing 'GUID: 887b3f7d22e043e46b22947b0010223d - Path: Assets/Sapphire/Art/World/SlimeKingdom/SeamlessV5/DirtEdge23.png' with importer (TextureImporter)
Imported 'GUID: 887b3f7d22e043e46b22947b0010223d' -> (Import Result ID: '00e04931e5a3dfb8952de5300d235874') in 0.010 seconds [static and dynamic dependencies]. Details - ImportResultOutputID=3041f04abd6cdbfbcdba6c873782f9ee DependenciesID=9d11e6d8940f96e1ac06062bf652a44a StaticDependenciesID=89985e40833eae556cfa88c2a85d68f7 
Asset Pipeline Refresh (id=c49554598bbbe634a94baccf5e301bf8): Total: 0.028 seconds - Initiated by StopAssetImportingV2(NoUpdateAssetOptions)
Importing 'GUID: 7b671e19d4eada044a5ab3cbeec6ab01 - Path: Assets/Sapphire/Art/World/SlimeKingdom/SeamlessV5/DirtEdge24.png' with importer (TextureImporter)
Imported 'GUID: 7b671e19d4eada044a5ab3cbeec6ab01' -> (Import Result ID: 'd0d9ccbea34e19abd203fa6401ef5157') in 0.011 seconds [static and dynamic dependencies]. Details - ImportResultOutputID=312ec44891960570d4b34aed74cfc6c9 DependenciesID=6571e04bc0f71e8654faf6c78f214835 StaticDependenciesID=a311730b0e059d9acfc134582bcae4f1 
Asset Pipeline Refresh (id=186196049a388a24ba3c858d7e087148): Total: 0.028 seconds - Initiated by StopAssetImportingV2(NoUpdateAssetOptions)
Importing 'GUID: 91c1d389725326344a823da9534f2261 - Path: Assets/Sapphire/Art/World/SlimeKingdom/SeamlessV5/DirtEdge25.png' with importer (TextureImporter)
Imported 'GUID: 91c1d389725326344a823da9534f2261' -> (Import Result ID: '3f3530d27e86bbd600861adc89682435') in 0.009 seconds [static and dynamic dependencies]. Details - ImportResultOutputID=5199ec212715a298404d142b9cac1cb0 DependenciesID=b766b118775fd725ec6651d51b707eae StaticDependenciesID=9379d3e4a61ae337956d6cf39a5064a3 
Asset Pipeline Refresh (id=992ca0d7641588d48a270998b883b522): Total: 0.025 seconds - Initiated by StopAssetImportingV2(NoUpdateAssetOptions)
Importing 'GUID: 27ad1532b31fe6b438e5945ac50d721b - Path: Assets/Sapphire/Art/World/SlimeKingdom/SeamlessV5/DirtEdge26.png' with importer (TextureImporter)
Imported 'GUID: 27ad1532b31fe6b438e5945ac50d721b' -> (Import Result ID: 'e34ff09af9429801c8f4913e5052b2f1') in 0.010 seconds [static and dynamic dependencies]. Details - ImportResultOutputID=49b85dd9f1b483477d07b5adf6b782d3 DependenciesID=4b39aa54c3e9e9765a1b979797492f12 StaticDependenciesID=86106e6c457f543228969f5f327df259 
Asset Pipeline Refresh (id=fded1fcf4a2f1064088fc5f0ac5974d9): Total: 0.026 seconds - Initiated by StopAssetImportingV2(NoUpdateAssetOptions)
Importing 'GUID: bf7e42c910917b343ba87b071c52b663 - Path: Assets/Sapphire/Art/World/SlimeKingdom/SeamlessV5/DirtEdge27.png' with importer (TextureImporter)
Imported 'GUID: bf7e42c910917b343ba87b071c52b663' -> (Import Result ID: 'e704513221128e2d717838c7c02ecc33') in 0.013 seconds [static and dynamic dependencies]. Details - ImportResultOutputID=4d6e8a0b2dd3919895955d85ed845f6a DependenciesID=203fb5ed7d0b50f694382414cc023734 StaticDependenciesID=e40095ef88159df9d5a3368fcdc72b70 
Asset Pipeline Refresh (id=852da709ffc22124f96fd6126a2582f8): Total: 0.032 seconds - Initiated by StopAssetImportingV2(NoUpdateAssetOptions)
Importing 'GUID: 413bfdd3726b07540a092cf5545c2307 - Path: Assets/Sapphire/Art/World/SlimeKingdom/SeamlessV5/DirtEdge28.png' with importer (TextureImporter)
Imported 'GUID: 413bfdd3726b07540a092cf5545c2307' -> (Import Result ID: 'b4ea9cd7d9b1c68feec9da6e9c507d50') in 0.012 seconds [static and dynamic dependencies]. Details - ImportResultOutputID=a81a0d5966945da16f57458975ea73d7 DependenciesID=1707c35879e0be6b4debeb3462167f57 StaticDependenciesID=987acdffdaad699de8a6b377815fe381 
Asset Pipeline Refresh (id=3287fdad1de0c2d49b881d0e0ce3f095): Total: 0.030 seconds - Initiated by StopAssetImportingV2(NoUpdateAssetOptions)
Importing 'GUID: 31b1be02c2fe68949b7fd09e62b75cb4 - Path: Assets/Sapphire/Art/World/SlimeKingdom/SeamlessV5/DirtEdge29.png' with importer (TextureImporter)
Imported 'GUID: 31b1be02c2fe68949b7fd09e62b75cb4' -> (Import Result ID: '7b32a5361b5b7d45409780b550461af7') in 0.011 seconds [static and dynamic dependencies]. Details - ImportResultOutputID=c438b253af518e9050352539c1e3cee9 DependenciesID=0ca01be5dcea0fd852e794f76fdf77a2 StaticDependenciesID=9c1350f654802d15f8a10a1dbd244d4b 
Asset Pipeline Refresh (id=888dfbf805e9eb443b0155992bb60fb3): Total: 0.030 seconds - Initiated by StopAssetImportingV2(NoUpdateAssetOptions)
Importing 'GUID: e6f88644fec6a314aa1c2736f176f875 - Path: Assets/Sapphire/Art/World/SlimeKingdom/SeamlessV5/DirtEdge30.png' with importer (TextureImporter)
Imported 'GUID: e6f88644fec6a314aa1c2736f176f875' -> (Import Result ID: '8ab4837cfe5089c8f4db3888943c2f6f') in 0.012 seconds [static and dynamic dependencies]. Details - ImportResultOutputID=70187a7349db857692b7729c8703a358 DependenciesID=8775f407efe93f4a8d483784a4036909 StaticDependenciesID=ecbfb7c24858ecc840b99db4fec35ed5 
Asset Pipeline Refresh (id=471b137d32254024690d20821833a69a): Total: 0.034 seconds - Initiated by StopAssetImportingV2(NoUpdateAssetOptions)
Importing 'GUID: 286315b45c81a624bb62f20c460af632 - Path: Assets/Sapphire/Art/World/SlimeKingdom/SeamlessV5/DirtEdge31.png' with importer (TextureImporter)
Imported 'GUID: 286315b45c81a624bb62f20c460af632' -> (Import Result ID: 'e199b48e03227451d389a5fb11ff7c2a') in 0.011 seconds [static and dynamic dependencies]. Details - ImportResultOutputID=78ee015e0e02162984a2cafc50a7c14e DependenciesID=ca99c308a9ea33759b4a9566ce5d5634 StaticDependenciesID=c50d62422b01af358181a486960ff679 
Asset Pipeline Refresh (id=7828474d9b210864cb9aa4c36122d83b): Total: 0.030 seconds - Initiated by StopAssetImportingV2(NoUpdateAssetOptions)
Importing 'GUID: 4d12ad89aaca4b640b84730d88e63465 - Path: Assets/Sapphire/Art/World/SlimeKingdom/SeamlessV5/Water0.png' with importer (TextureImporter)
Imported 'GUID: 4d12ad89aaca4b640b84730d88e63465' -> (Import Result ID: '590d6d1fae1eff16397b2936ddaadad3') in 0.009 seconds [static and dynamic dependencies]. Details - ImportResultOutputID=21f259217d12e55cf1b71358fe5049d0 DependenciesID=268315c4b945700dd9b935bccca9a443 StaticDependenciesID=b8653a36d6723a8269e61146018e3a5f 
Asset Pipeline Refresh (id=bdc6cb8ab0bc1494e8e8feda9a479dc1): Total: 0.027 seconds - Initiated by StopAssetImportingV2(NoUpdateAssetOptions)
Importing 'GUID: c631a2bc4c393204da798476ee125b74 - Path: Assets/Sapphire/Art/World/SlimeKingdom/SeamlessV5/Water1.png' with importer (TextureImporter)
Imported 'GUID: c631a2bc4c393204da798476ee125b74' -> (Import Result ID: '3263fbe5a28a2dc0207f3bd4ec72a27b') in 0.008 seconds [static and dynamic dependencies]. Details - ImportResultOutputID=8352404868561ac93013e7b00da9062e DependenciesID=27801b334ba71f6bbb9948004e74f3b6 StaticDependenciesID=afcb1326f65cee2b8192c81c7ffdeae7 
Asset Pipeline Refresh (id=13f2dd797c2aeda42986b7a25cf7891b): Total: 0.030 seconds - Initiated by StopAssetImportingV2(NoUpdateAssetOptions)
Importing 'GUID: 26ae61aa7a1dbeb47994f707f3f45297 - Path: Assets/Sapphire/Art/World/SlimeKingdom/SeamlessV5/Water2.png' with importer (TextureImporter)
Imported 'GUID: 26ae61aa7a1dbeb47994f707f3f45297' -> (Import Result ID: 'c609cc2be55c4b74ab82d0d2e296e87f') in 0.008 seconds [static and dynamic dependencies]. Details - ImportResultOutputID=362f46efdf7392da625545cf4f374eb1 DependenciesID=608aeb5cfaeae2e3c65e1f19ea7101e0 StaticDependenciesID=d796063d1cf34e777e95acca5146fea9 
Asset Pipeline Refresh (id=3390e29b53ce30a4687186e40036c5f9): Total: 0.028 seconds - Initiated by StopAssetImportingV2(NoUpdateAssetOptions)
Importing 'GUID: f1b98754f01bb434f8336ab32a2b296a - Path: Assets/Sapphire/Art/World/SlimeKingdom/SeamlessV5/Water3.png' with importer (TextureImporter)
Imported 'GUID: f1b98754f01bb434f8336ab32a2b296a' -> (Import Result ID: '0ed9489c5ce0d912fdf4d97139a14085') in 0.007 seconds [static and dynamic dependencies]. Details - ImportResultOutputID=7a8293e00f17dacf6831a5f4bf66d329 DependenciesID=99e2ec2f76c83ef517eea83d0c7fd4a4 StaticDependenciesID=53cc749b4c55b8e43379f59956e57e45 
Asset Pipeline Refresh (id=9b4e02322ff7ae943954ab6d427fb8b4): Total: 0.024 seconds - Initiated by StopAssetImportingV2(NoUpdateAssetOptions)
Importing 'GUID: e6d2a8ccb1767424397763345f048bbe - Path: Assets/Sapphire/Art/World/SlimeKingdom/SeamlessV5/Forest0.png' with importer (TextureImporter)
Imported 'GUID: e6d2a8ccb1767424397763345f048bbe' -> (Import Result ID: '6f469d6b7845e87e57e50d92c73668ad') in 0.009 seconds [static and dynamic dependencies]. Details - ImportResultOutputID=e83263feb6621d99fa7f4cad1d7c1c25 DependenciesID=1b663f39cf182adf59101533600aef9d StaticDependenciesID=9af108c4c2bf45b28bf054c0f1e42ebb 
Asset Pipeline Refresh (id=204112fccbcc3b4418a0251a569778c0): Total: 0.027 seconds - Initiated by StopAssetImportingV2(NoUpdateAssetOptions)
Importing 'GUID: 078f1198dd2463640b9dc7ae95fb4928 - Path: Assets/Sapphire/Art/World/SlimeKingdom/SeamlessV5/Forest1.png' with importer (TextureImporter)
Imported 'GUID: 078f1198dd2463640b9dc7ae95fb4928' -> (Import Result ID: 'd7083c0d43f4f03f0580a9ab61cf2809') in 0.010 seconds [static and dynamic dependencies]. Details - ImportResultOutputID=34c759e655441a86fb3f64dc5b93abe0 DependenciesID=8f82c5acb8250dc6854af8b066caa449 StaticDependenciesID=4029fbfb63a8326985e55028c42788f4 
Asset Pipeline Refresh (id=66788dde78f5a4044abab05d76678a9f): Total: 0.030 seconds - Initiated by StopAssetImportingV2(NoUpdateAssetOptions)
Importing 'GUID: a19615c222d5a0941933b927a52cf2ec - Path: Assets/Sapphire/Art/World/SlimeKingdom/SeamlessV5/Forest2.png' with importer (TextureImporter)
Imported 'GUID: a19615c222d5a0941933b927a52cf2ec' -> (Import Result ID: '11407a1c2f6b06e98ee90293bdebd4df') in 0.009 seconds [static and dynamic dependencies]. Details - ImportResultOutputID=1678690b1a0890b1169753c81fd4b144 DependenciesID=8350b3d024b3ddb497b25b2dd96140de StaticDependenciesID=250bb4cab4853b5c030eb0245c200827 
Asset Pipeline Refresh (id=dbc9d02385d70864e9b96f999497cb72): Total: 0.031 seconds - Initiated by StopAssetImportingV2(NoUpdateAssetOptions)
Importing 'GUID: bae428cabff39174f988d4f14d52d22a - Path: Assets/Sapphire/Art/World/SlimeKingdom/SeamlessV5/Forest3.png' with importer (TextureImporter)
Imported 'GUID: bae428cabff39174f988d4f14d52d22a' -> (Import Result ID: '7bfd6e553cab867d01e1881ff2892cf2') in 0.011 seconds [static and dynamic dependencies]. Details - ImportResultOutputID=c444c99ef082b33b9140bfb66537b476 DependenciesID=2bbe4f13afd528edd868818a3cc675c7 StaticDependenciesID=774cd0d789d67c5fd233437723a59a50 
Asset Pipeline Refresh (id=a134cfff56617184a975fee68714fe71): Total: 0.034 seconds - Initiated by StopAssetImportingV2(NoUpdateAssetOptions)
Importing 'GUID: 59417ae41dc4512428323c681e09deb5 - Path: Assets/Sapphire/Art/World/SlimeKingdom/SeamlessV5/Cliff0.png' with importer (TextureImporter)
Imported 'GUID: 59417ae41dc4512428323c681e09deb5' -> (Import Result ID: '0f369bd85da8eaadd5cf95c1348abe6e') in 0.010 seconds [static and dynamic dependencies]. Details - ImportResultOutputID=c2b4661931891cc99b6359374921c55c DependenciesID=bba21f58b44f59d0d32e3a94e3654864 StaticDependenciesID=b12009c9b19d025c81e3df3707339910 
Asset Pipeline Refresh (id=86f1d8b4a4cb8384691fc9fa69c29242): Total: 0.033 seconds - Initiated by StopAssetImportingV2(NoUpdateAssetOptions)
Importing 'GUID: 1ab73a1dca88d4449b03661f45b46c53 - Path: Assets/Sapphire/Art/World/SlimeKingdom/SeamlessV5/Cliff1.png' with importer (TextureImporter)
Imported 'GUID: 1ab73a1dca88d4449b03661f45b46c53' -> (Import Result ID: 'd777eeabfdf09ccd6e58b59a714717bd') in 0.009 seconds [static and dynamic dependencies]. Details - ImportResultOutputID=1e7727aaf0bbe05f7befc30296e85174 DependenciesID=1c50bc1e2f001c5cb9b9841f13f5feab StaticDependenciesID=bb9ca126f3ab582178c7a160d61eedf7 
Asset Pipeline Refresh (id=7abdf20182df602439df95c686c0cccd): Total: 0.032 seconds - Initiated by StopAssetImportingV2(NoUpdateAssetOptions)
Importing 'GUID: 4b2f94b4a6b044945be603b5561a9d67 - Path: Assets/Sapphire/Art/World/SlimeKingdom/SeamlessV5/Cliff2.png' with importer (TextureImporter)
Imported 'GUID: 4b2f94b4a6b044945be603b5561a9d67' -> (Import Result ID: 'f676b3526690289ab6c7ce0189411563') in 0.011 seconds [static and dynamic dependencies]. Details - ImportResultOutputID=3f0810e6066735100642ae376277e597 DependenciesID=7333a51b6d26ef1800976868890319b7 StaticDependenciesID=8e4b07a3e0abb5858c8f7fecc947bd9d 
Asset Pipeline Refresh (id=c74b7170dbf887641bb7502e0e05484c): Total: 0.038 seconds - Initiated by StopAssetImportingV2(NoUpdateAssetOptions)
Importing 'GUID: cc3e0691005f38b4abb55d6d3bb28314 - Path: Assets/Sapphire/Art/World/SlimeKingdom/SeamlessV5/Cliff3.png' with importer (TextureImporter)
Imported 'GUID: cc3e0691005f38b4abb55d6d3bb28314' -> (Import Result ID: '3e3cf888685be2dae3dfd33f6cdf96df') in 0.010 seconds [static and dynamic dependencies]. Details - ImportResultOutputID=8d4fb5555772f3a7308d8fa44a32f519 DependenciesID=1be1588cd59100413328453455353303 StaticDependenciesID=63ff0600da19b4f853aa6b7018b9f023 
Asset Pipeline Refresh (id=1b76ddbcfb646604cafab64954f26ca3): Total: 0.029 seconds - Initiated by StopAssetImportingV2(NoUpdateAssetOptions)
Importing 'GUID: 6cc80172ad137ac458542382c398548b - Path: Assets/Sapphire/Art/World/SlimeKingdom/SeamlessV5/Shore0.png' with importer (TextureImporter)
Imported 'GUID: 6cc80172ad137ac458542382c398548b' -> (Import Result ID: 'c48ff704fa1ae8822d462c148ada37be') in 0.010 seconds [static and dynamic dependencies]. Details - ImportResultOutputID=6fd4f27cfb32373e55dd4287528c56d6 DependenciesID=2e355337070e7f3b8f94f3815b8d43fa StaticDependenciesID=d9ab78e9a6eb7c72dd2c80a490feeebc 
Asset Pipeline Refresh (id=603d948e2422f5844a34d3a130b64a42): Total: 0.028 seconds - Initiated by StopAssetImportingV2(NoUpdateAssetOptions)
Importing 'GUID: a6c3581a9d32baa44b12687186fbb8a8 - Path: Assets/Sapphire/Art/World/SlimeKingdom/SeamlessV5/Shore1.png' with importer (TextureImporter)
Imported 'GUID: a6c3581a9d32baa44b12687186fbb8a8' -> (Import Result ID: '4fcfdf07598ab2d008b166497da04c56') in 0.010 seconds [static and dynamic dependencies]. Details - ImportResultOutputID=0671e1814741ea0dbc51258b2b63d70f DependenciesID=fff9005507f8844399dd66f8c3659e8a StaticDependenciesID=2c14637630e0241319dac32adc9a4c35 
Asset Pipeline Refresh (id=ae39df0f6890d754db108bb98ebe10e2): Total: 0.028 seconds - Initiated by StopAssetImportingV2(NoUpdateAssetOptions)
Importing 'GUID: 40161982ffa8f13409bba7896a866206 - Path: Assets/Sapphire/Art/World/SlimeKingdom/SeamlessV5/Shore2.png' with importer (TextureImporter)
Imported 'GUID: 40161982ffa8f13409bba7896a866206' -> (Import Result ID: 'f360cd7a0913dfee07c2900f66b7050c') in 0.010 seconds [static and dynamic dependencies]. Details - ImportResultOutputID=d7d1342c6398aed3549fbc28a221aa47 DependenciesID=c3cb39997d4abec1e48d944e8e6bac24 StaticDependenciesID=d3d04a9e3869fefb87c597126190cf71 
Asset Pipeline Refresh (id=84977c6dee5d2bd4a8b5c9413b7add7d): Total: 0.027 seconds - Initiated by StopAssetImportingV2(NoUpdateAssetOptions)
Importing 'GUID: 7edabf98bb95e994d900cb9679e80353 - Path: Assets/Sapphire/Art/World/SlimeKingdom/SeamlessV5/Shore3.png' with importer (TextureImporter)
Imported 'GUID: 7edabf98bb95e994d900cb9679e80353' -> (Import Result ID: '18d6333ac65550d039a1d5b22bc8c883') in 0.009 seconds [static and dynamic dependencies]. Details - ImportResultOutputID=d88cb188ea261a30c2992f109a760208 DependenciesID=ae396461f1b8884b93e4c88f6673f12c StaticDependenciesID=fc660f359eeb482bd39620b7fcf2c196 
Asset Pipeline Refresh (id=954ffeaed78a9e041b4aa550480232ca): Total: 0.026 seconds - Initiated by StopAssetImportingV2(NoUpdateAssetOptions)
Importing 'GUID: a4e0f9097a0d6d34e9ce91232e749dcc - Path: Assets/Sapphire/Art/World/SlimeKingdom/SeamlessV5/Shore4.png' with importer (TextureImporter)
Imported 'GUID: a4e0f9097a0d6d34e9ce91232e749dcc' -> (Import Result ID: '87a19a0dcc4e9c94b365504045981257') in 0.011 seconds [static and dynamic dependencies]. Details - ImportResultOutputID=785d7080b490cc982e73250bcb4a2265 DependenciesID=0c523f3d40e85f81da620688e1036cd2 StaticDependenciesID=606e298d76663c71368373a1922e1ed1 
Asset Pipeline Refresh (id=25ca30fd642b1114795e3fb85d9eaea8): Total: 0.028 seconds - Initiated by StopAssetImportingV2(NoUpdateAssetOptions)
Importing 'GUID: af6b86ae4adb8124482d90ee68d2baa0 - Path: Assets/Sapphire/Art/World/SlimeKingdom/SeamlessV5/Shore5.png' with importer (TextureImporter)
Imported 'GUID: af6b86ae4adb8124482d90ee68d2baa0' -> (Import Result ID: 'fe653a95246eb066c1bc9e7ca0769242') in 0.010 seconds [static and dynamic dependencies]. Details - ImportResultOutputID=e60c9590d6821d61fad7551a0746d998 DependenciesID=4aa8ddd0930dba2344aedffa803cc61a StaticDependenciesID=18070b8df859b12307d089a47c264d85 
Asset Pipeline Refresh (id=ff6ad5e912cbfef4890e9045b914c1aa): Total: 0.027 seconds - Initiated by StopAssetImportingV2(NoUpdateAssetOptions)
Importing 'GUID: 2d4b0c92135af9a4591034d4e4664127 - Path: Assets/Sapphire/Art/World/SlimeKingdom/SeamlessV5/Shore6.png' with importer (TextureImporter)
Imported 'GUID: 2d4b0c92135af9a4591034d4e4664127' -> (Import Result ID: 'a520fadf0cc5addbb2af7eb77f535bdd') in 0.011 seconds [static and dynamic dependencies]. Details - ImportResultOutputID=4dd2539021425913eba10fc57070c758 DependenciesID=8ee0f05cdd28d155b0320b5af90e34f0 StaticDependenciesID=2ce7b7e5cdaf6ee9fbbc73a85dc74669 
Asset Pipeline Refresh (id=8478290119faf504eb04463b723a8cc4): Total: 0.030 seconds - Initiated by StopAssetImportingV2(NoUpdateAssetOptions)
Importing 'GUID: 61535ffec3723564799f8a3339a0d6d5 - Path: Assets/Sapphire/Art/World/SlimeKingdom/SeamlessV5/Shore7.png' with importer (TextureImporter)
Imported 'GUID: 61535ffec3723564799f8a3339a0d6d5' -> (Import Result ID: 'f2b484027089a7282455121669ee7483') in 0.012 seconds [static and dynamic dependencies]. Details - ImportResultOutputID=de14a06036a07fc98201fb60ce2778f5 DependenciesID=c91cd4161e4bc0fabb98fd0deeffe10d StaticDependenciesID=eca43d9fcabacf51354aeb51e34f406a 
Asset Pipeline Refresh (id=08fe942727322044d84fe5cde5d05460): Total: 0.050 seconds - Initiated by StopAssetImportingV2(NoUpdateAssetOptions)
Importing 'GUID: 2404748d9928d5b4599b49a9370d17e4 - Path: Assets/Sapphire/Art/World/SlimeKingdom/SeamlessV5/Shore8.png' with importer (TextureImporter)
Imported 'GUID: 2404748d9928d5b4599b49a9370d17e4' -> (Import Result ID: 'd1ae52350ceaed7b8b4951c390cddc7a') in 0.009 seconds [static and dynamic dependencies]. Details - ImportResultOutputID=ca628e68b5e78e7d0f569d0442ae480c DependenciesID=57fa8e4edcd5752064d19bbe0909cb3a StaticDependenciesID=9fcca04ecbaad862e82ea8584d5f875f 
Asset Pipeline Refresh (id=75926666c9717bb49bce96107646511f): Total: 0.029 seconds - Initiated by StopAssetImportingV2(NoUpdateAssetOptions)
Importing 'GUID: c04b858f68c00cd40a9b23abb4f46e75 - Path: Assets/Sapphire/Art/World/SlimeKingdom/SeamlessV5/Shore9.png' with importer (TextureImporter)
Imported 'GUID: c04b858f68c00cd40a9b23abb4f46e75' -> (Import Result ID: 'dc4547a3ed00b8154fa840f872c0e7f2') in 0.011 seconds [static and dynamic dependencies]. Details - ImportResultOutputID=3af5fca1734cb17b0c49eaf883687f6f DependenciesID=317174bd72f0edd2dd83a46744085885 StaticDependenciesID=4797aee7723643fdd7fbd94b82378400 
Asset Pipeline Refresh (id=c599511a893483b418d210c30e2ee2b4): Total: 0.029 seconds - Initiated by StopAssetImportingV2(NoUpdateAssetOptions)
Importing 'GUID: 3cedf06210b29fb4cb6da26c5b8b98c1 - Path: Assets/Sapphire/Art/World/SlimeKingdom/SeamlessV5/Shore10.png' with importer (TextureImporter)
Imported 'GUID: 3cedf06210b29fb4cb6da26c5b8b98c1' -> (Import Result ID: 'c4a1967b87e0bfc807bfe6ecb5abfc37') in 0.010 seconds [static and dynamic dependencies]. Details - ImportResultOutputID=64f3f036ce5b73075b9862c827e3f957 DependenciesID=1061648cf44329132fc1a873edba5b59 StaticDependenciesID=968181fecfc54941bc50e068efc701b6 
Asset Pipeline Refresh (id=ac0fa5c645252074ab9fa68ef5f96e2e): Total: 0.030 seconds - Initiated by StopAssetImportingV2(NoUpdateAssetOptions)
Importing 'GUID: e45a4d0d7a398e94aa75c30417c6f476 - Path: Assets/Sapphire/Art/World/SlimeKingdom/SeamlessV5/Shore11.png' with importer (TextureImporter)
Imported 'GUID: e45a4d0d7a398e94aa75c30417c6f476' -> (Import Result ID: 'e9be69df8c40ee8dca009d4a2c51f1ab') in 0.010 seconds [static and dynamic dependencies]. Details - ImportResultOutputID=3a159d4d74864827d8c9c06e4f086f48 DependenciesID=da5a7cf9f55c6b11a823c66eba819c44 StaticDependenciesID=fc77c848ddc6363ece94a6c36d5e9e9e 
Asset Pipeline Refresh (id=058cc62d3aa92ba4c9c1c12b85b9997d): Total: 0.028 seconds - Initiated by StopAssetImportingV2(NoUpdateAssetOptions)
Importing 'GUID: 49a0de84e141b014d996e2602cab679a - Path: Assets/Sapphire/Art/World/SlimeKingdom/SeamlessV5/Shore12.png' with importer (TextureImporter)
Imported 'GUID: 49a0de84e141b014d996e2602cab679a' -> (Import Result ID: 'e78efb8f1f8aa8ab9b857e266ddcf199') in 0.011 seconds [static and dynamic dependencies]. Details - ImportResultOutputID=38104ca10e100376c28ae36367cafa14 DependenciesID=30a8f7cc57a7563fbc564f9bd5189c05 StaticDependenciesID=cf7e9d8f0f99dfcba735fd82270e2027 
Asset Pipeline Refresh (id=a874e70a4717fd44a9ac821517370109): Total: 0.030 seconds - Initiated by StopAssetImportingV2(NoUpdateAssetOptions)
Importing 'GUID: 6a0b93922b1e62b4f896744097f549b0 - Path: Assets/Sapphire/Art/World/SlimeKingdom/SeamlessV5/Shore13.png' with importer (TextureImporter)
Imported 'GUID: 6a0b93922b1e62b4f896744097f549b0' -> (Import Result ID: '96a3d6a69650831893e91baeb7efce63') in 0.011 seconds [static and dynamic dependencies]. Details - ImportResultOutputID=5f90c81aca3ec3e469afdf48631470ef DependenciesID=b2f01eef26e6e2551d372c99ddf6eab0 StaticDependenciesID=218d5c320f4b5520ddd6da8d02a57d66 
Asset Pipeline Refresh (id=89a35cb7b40afca40821b40f67a0f31a): Total: 0.030 seconds - Initiated by StopAssetImportingV2(NoUpdateAssetOptions)
Importing 'GUID: c6eee1c6bd6d26c4da3d5c86e1514d0f - Path: Assets/Sapphire/Art/World/SlimeKingdom/SeamlessV5/Shore14.png' with importer (TextureImporter)
Imported 'GUID: c6eee1c6bd6d26c4da3d5c86e1514d0f' -> (Import Result ID: '83df65d43e7e0351ef40503e826f4328') in 0.010 seconds [static and dynamic dependencies]. Details - ImportResultOutputID=b9376c301bed3366c93661a5d5aa4fd0 DependenciesID=689b9d2f4283c7ab7d6f1ba7886271bd StaticDependenciesID=77addb6a83142b459e0242c8a3540dff 
Asset Pipeline Refresh (id=5c7eff2e0efbf2f4daff1486b7f85f7f): Total: 0.064 seconds - Initiated by StopAssetImportingV2(NoUpdateAssetOptions)
Importing 'GUID: e67cc14bc57bf364cb37cce49da1175a - Path: Assets/Sapphire/Art/World/SlimeKingdom/SeamlessV5/Shore15.png' with importer (TextureImporter)
Imported 'GUID: e67cc14bc57bf364cb37cce49da1175a' -> (Import Result ID: '193502e9499c80425a6cdfa0114e84d5') in 0.011 seconds [static and dynamic dependencies]. Details - ImportResultOutputID=ea7de13cc404a0d671e0c74c2fb15345 DependenciesID=e12bd6479fb76a08764264102b348efd StaticDependenciesID=098645f4828a6283f831f33f27d3d010 
Asset Pipeline Refresh (id=0e514dbf4f91523408948318de282f78): Total: 0.030 seconds - Initiated by StopAssetImportingV2(NoUpdateAssetOptions)
Importing 'GUID: 2180e65d8a33eca4b910ce2f725187b1 - Path: Assets/Sapphire/Art/World/SlimeKingdom/SeamlessV5/Shore16.png' with importer (TextureImporter)
Imported 'GUID: 2180e65d8a33eca4b910ce2f725187b1' -> (Import Result ID: '392b3a3f6463749834013e8fcc08467b') in 0.010 seconds [static and dynamic dependencies]. Details - ImportResultOutputID=88ad5012a97d6beecf6c8c6ff9fefa58 DependenciesID=a6afdf63ea1bb7134e361d9c8516b423 StaticDependenciesID=9e109022870c7a30e3001f83a0120753 
Asset Pipeline Refresh (id=88acced38b3a1a74397dce3999c60291): Total: 0.028 seconds - Initiated by StopAssetImportingV2(NoUpdateAssetOptions)
Importing 'GUID: 270ebd46978c9ba4b8a69d8ee0162509 - Path: Assets/Sapphire/Art/World/SlimeKingdom/SeamlessV5/Shore17.png' with importer (TextureImporter)
Imported 'GUID: 270ebd46978c9ba4b8a69d8ee0162509' -> (Import Result ID: 'b648186da535ed229dda2816d0f73f0b') in 0.009 seconds [static and dynamic dependencies]. Details - ImportResultOutputID=fd258b361675a76005dd37b16b356c30 DependenciesID=7b447d81785bcd5c0c4523ffc33e2b0f StaticDependenciesID=a2b11db5f4eeb606eec1e871489d810f 
Asset Pipeline Refresh (id=1c9a5c2812c99f1498056dfca3a5f109): Total: 0.027 seconds - Initiated by StopAssetImportingV2(NoUpdateAssetOptions)
Importing 'GUID: 9726a1d123b36fa45b711af5ae468bcc - Path: Assets/Sapphire/Art/World/SlimeKingdom/SeamlessV5/Shore18.png' with importer (TextureImporter)
Imported 'GUID: 9726a1d123b36fa45b711af5ae468bcc' -> (Import Result ID: '69c06dc1fa651783fdcb781359164388') in 0.011 seconds [static and dynamic dependencies]. Details - ImportResultOutputID=3fb3e13128fe3711fbcff52e9462bcd8 DependenciesID=22ae86588ca5d83e0fefb4afb777b9ea StaticDependenciesID=0de1cc901dfb44e098915d7ae541a480 
Asset Pipeline Refresh (id=80151f2058ec0a74caaff0de82c8d9a3): Total: 0.032 seconds - Initiated by StopAssetImportingV2(NoUpdateAssetOptions)
Importing 'GUID: 3e04582ff9650e94495c3feb9a884d96 - Path: Assets/Sapphire/Art/World/SlimeKingdom/SeamlessV5/Shore19.png' with importer (TextureImporter)
Imported 'GUID: 3e04582ff9650e94495c3feb9a884d96' -> (Import Result ID: '3ef77787d4493a7210f93e51a85dbdb8') in 0.011 seconds [static and dynamic dependencies]. Details - ImportResultOutputID=1cffaa024377d8a600f85815e2535c3f DependenciesID=db62232ab0da449c44cd73d921c1ea55 StaticDependenciesID=16629993aa3545fe5162485802409a5c 
Asset Pipeline Refresh (id=f2a2bafe1c981194c816b792226a3ee8): Total: 0.030 seconds - Initiated by StopAssetImportingV2(NoUpdateAssetOptions)
Importing 'GUID: 0b4b5fed4d3ec9e4b97d6ad2ee656687 - Path: Assets/Sapphire/Art/World/SlimeKingdom/SeamlessV5/Shore20.png' with importer (TextureImporter)
Imported 'GUID: 0b4b5fed4d3ec9e4b97d6ad2ee656687' -> (Import Result ID: 'b82d2cc284cf8dd8435406ed7e0bad4e') in 0.010 seconds [static and dynamic dependencies]. Details - ImportResultOutputID=4110e1e9a0d992284442cb46191e0db7 DependenciesID=8431d5fd55edd0fee0df8f066137e4ae StaticDependenciesID=3587938b2512c9825d8d35a3845cf9c2 
Asset Pipeline Refresh (id=83b49b2c3d8a7304f96352b9c5d49626): Total: 0.025 seconds - Initiated by StopAssetImportingV2(NoUpdateAssetOptions)
Importing 'GUID: 562d76099cef4784db88da3d1a0a8c3d - Path: Assets/Sapphire/Art/World/SlimeKingdom/SeamlessV5/Shore21.png' with importer (TextureImporter)
Imported 'GUID: 562d76099cef4784db88da3d1a0a8c3d' -> (Import Result ID: 'ae791631ff7185fceb8ff009e57beac6') in 0.011 seconds [static and dynamic dependencies]. Details - ImportResultOutputID=594e3ff84e9be4c017b50c502e299835 DependenciesID=8979c1e1a84845b2aa239e03f78cf765 StaticDependenciesID=b22d79670b04503b282d379e493b862f 
Asset Pipeline Refresh (id=5eb04318ca9f39c4c82085dd72dafd16): Total: 0.032 seconds - Initiated by StopAssetImportingV2(NoUpdateAssetOptions)
Importing 'GUID: ffdc458878439524db05d6f4a516d654 - Path: Assets/Sapphire/Art/World/SlimeKingdom/SeamlessV5/Shore22.png' with importer (TextureImporter)
Imported 'GUID: ffdc458878439524db05d6f4a516d654' -> (Import Result ID: '82eec5137de5f9f6317df2b201432e5c') in 0.012 seconds [static and dynamic dependencies]. Details - ImportResultOutputID=343b246e214f0f712b55bc4f707bee37 DependenciesID=c3ad0c2902ea3fe2698d22fb758aa425 StaticDependenciesID=9e47bb8d1f4e67180b9323a7d76967bf 
Asset Pipeline Refresh (id=922000ea883f85a489d46d9ac5b6568f): Total: 0.033 seconds - Initiated by StopAssetImportingV2(NoUpdateAssetOptions)
Importing 'GUID: b25faf47492997346b26528d6f5c4a90 - Path: Assets/Sapphire/Art/World/SlimeKingdom/SeamlessV5/Shore23.png' with importer (TextureImporter)
Imported 'GUID: b25faf47492997346b26528d6f5c4a90' -> (Import Result ID: '66bc62cadd00256248110d37ba2a7be9') in 0.011 seconds [static and dynamic dependencies]. Details - ImportResultOutputID=18b49b087ba3889c697f10871b84155f DependenciesID=fb97a27deb9bdeef7b75a0780519f077 StaticDependenciesID=9cff74e27a4aa1429a93a8a3c048f099 
Asset Pipeline Refresh (id=cd3e1343af2235d498c3a17c7f1d2782): Total: 0.028 seconds - Initiated by StopAssetImportingV2(NoUpdateAssetOptions)
Importing 'GUID: 84cb6831265e23d40bb66ab145924efb - Path: Assets/Sapphire/Art/World/SlimeKingdom/SeamlessV5/Shore24.png' with importer (TextureImporter)
Imported 'GUID: 84cb6831265e23d40bb66ab145924efb' -> (Import Result ID: 'b6b60c341ddd3999ea86c86eeca102b9') in 0.009 seconds [static and dynamic dependencies]. Details - ImportResultOutputID=44038e12a05bfb53008d8970f31892c9 DependenciesID=4332284be70b4624804336eb9c854833 StaticDependenciesID=5d1aa2ec2bab8d4f29e83df4547651d7 
Asset Pipeline Refresh (id=c555364c7cadf854aa3c38f8b423ed43): Total: 0.027 seconds - Initiated by StopAssetImportingV2(NoUpdateAssetOptions)
Importing 'GUID: d29235e9b8db85f4abc4724229ab3914 - Path: Assets/Sapphire/Art/World/SlimeKingdom/SeamlessV5/Shore25.png' with importer (TextureImporter)
Imported 'GUID: d29235e9b8db85f4abc4724229ab3914' -> (Import Result ID: 'b9a3361c94f442bf74121e2d3a54329b') in 0.009 seconds [static and dynamic dependencies]. Details - ImportResultOutputID=55035a0fe091dd5cdd230f80271acde9 DependenciesID=1eb5473bf911b02c155e2a6cb3b77fdf StaticDependenciesID=8d7a126206ab7a8c5a865fa37901a4cc 
Asset Pipeline Refresh (id=ae911e90991595f4fa6703a2b4344759): Total: 0.028 seconds - Initiated by StopAssetImportingV2(NoUpdateAssetOptions)
Importing 'GUID: de32766a88803324cb530d972d5de871 - Path: Assets/Sapphire/Art/World/SlimeKingdom/SeamlessV5/Shore26.png' with importer (TextureImporter)
Imported 'GUID: de32766a88803324cb530d972d5de871' -> (Import Result ID: 'ee5800102ad8a22be80f88ec00675b6b') in 0.009 seconds [static and dynamic dependencies]. Details - ImportResultOutputID=866c5fad498874769a70a0b0283e5aee DependenciesID=2627886f4e83f6a3149ec0d4ef0b0e8c StaticDependenciesID=a7a3361cbaf7780e726df65b0a572e0b 
Asset Pipeline Refresh (id=579426ba559ccd446957654d8ba5afb2): Total: 0.025 seconds - Initiated by StopAssetImportingV2(NoUpdateAssetOptions)
Importing 'GUID: da9ff557ce889554e8b9cf9505037d3a - Path: Assets/Sapphire/Art/World/SlimeKingdom/SeamlessV5/Shore27.png' with importer (TextureImporter)
Imported 'GUID: da9ff557ce889554e8b9cf9505037d3a' -> (Import Result ID: '6cbc1e301dabae4e9ebc9f9e8800191c') in 0.009 seconds [static and dynamic dependencies]. Details - ImportResultOutputID=8bdff5b2e62c1e4ed8c7407c667a2588 DependenciesID=dc4f678c4edcd35da18b054e6f38af73 StaticDependenciesID=9acedb74716b17b1e2f50ea8ec5a1228 
Asset Pipeline Refresh (id=cf329c26160c9674892fa9f4709f4adf): Total: 0.025 seconds - Initiated by StopAssetImportingV2(NoUpdateAssetOptions)
Importing 'GUID: 21c679827c57eda488d061816cda9bdb - Path: Assets/Sapphire/Art/World/SlimeKingdom/SeamlessV5/Shore28.png' with importer (TextureImporter)
Imported 'GUID: 21c679827c57eda488d061816cda9bdb' -> (Import Result ID: '94bddafe6d7778394823d7d01627ccd5') in 0.009 seconds [static and dynamic dependencies]. Details - ImportResultOutputID=c6842642f8b1015ec2f1131b1d719b78 DependenciesID=f99079c70317f58eb5b4cda0eff9cf10 StaticDependenciesID=6d2509b57ccf8c3086c115374efab652 
Asset Pipeline Refresh (id=a5c7a56e886a00046af49693d5826a57): Total: 0.026 seconds - Initiated by StopAssetImportingV2(NoUpdateAssetOptions)
Importing 'GUID: fea444d53b8836f4e9c4866713a9610c - Path: Assets/Sapphire/Art/World/SlimeKingdom/SeamlessV5/Shore29.png' with importer (TextureImporter)
Imported 'GUID: fea444d53b8836f4e9c4866713a9610c' -> (Import Result ID: 'ebe015bc6f0392beabbf726f55b1d562') in 0.010 seconds [static and dynamic dependencies]. Details - ImportResultOutputID=94423e7da4434d9f38a094c0e867df2c DependenciesID=08e7b5580796790e6aa0695e0a5ee30b StaticDependenciesID=20368bac17c2bccff4ebaf13bfe48a6b 
Asset Pipeline Refresh (id=d48d2f6f44d3ab746a5259e1ae4efbdd): Total: 0.028 seconds - Initiated by StopAssetImportingV2(NoUpdateAssetOptions)
Importing 'GUID: e392b32fb06eb23479ab907f982fbe35 - Path: Assets/Sapphire/Art/World/SlimeKingdom/SeamlessV5/Shore30.png' with importer (TextureImporter)
Imported 'GUID: e392b32fb06eb23479ab907f982fbe35' -> (Import Result ID: 'a37a1ba559cea6769df0b39d06a7ad99') in 0.009 seconds [static and dynamic dependencies]. Details - ImportResultOutputID=e022154248c9137a4b904c7142504846 DependenciesID=c751fbca7c73ec68c77a7518ecb1fd95 StaticDependenciesID=4f692b43a547e81237013cc71f0afd86 
Asset Pipeline Refresh (id=b5ea00048f842c7498c0f61c3cec6f9d): Total: 0.026 seconds - Initiated by StopAssetImportingV2(NoUpdateAssetOptions)
Importing 'GUID: 6661b524243edc5438966604e7ee578e - Path: Assets/Sapphire/Art/World/SlimeKingdom/SeamlessV5/Shore31.png' with importer (TextureImporter)
Imported 'GUID: 6661b524243edc5438966604e7ee578e' -> (Import Result ID: '876a2293428186358734303dc35cabb4') in 0.010 seconds [static and dynamic dependencies]. Details - ImportResultOutputID=16649e2bea672082053c61a069c1327c DependenciesID=f1324b664039e67e0320a9dc0912bcd0 StaticDependenciesID=7b92ca0814c17ca8e5f1fb1d76ce1631 
Asset Pipeline Refresh (id=2c68c2c30b591584092c3dd842787736): Total: 0.027 seconds - Initiated by StopAssetImportingV2(NoUpdateAssetOptions)
Importing 'GUID: 21072615370e2b74d856875bc8300e6f - Path: Assets/Sapphire/Art/World/SlimeKingdom/AutumnTree.png' with importer (TextureImporter)
Imported 'GUID: 21072615370e2b74d856875bc8300e6f' -> (Import Result ID: '2a53d126a03e45ce760bbeb954b5c6a9') in 0.025 seconds [static and dynamic dependencies]. Details - ImportResultOutputID=96284a84482cfa2f9ec3347926eb5460 DependenciesID=1e0b95577edb1ee7a26ee536ec7a9e26 StaticDependenciesID=71d5251c4ee191e00447f9c80b316f23 
Asset Pipeline Refresh (id=2941bc75a0dcb9f47aeb17e80e1d82c3): Total: 0.042 seconds - Initiated by StopAssetImportingV2(NoUpdateAssetOptions)
Importing 'GUID: 6e54b78ec81e54540a09ccf506dcfcf3 - Path: Assets/Sapphire/Art/MageTopdownGridSheet.png' with importer (TextureImporter)
Imported 'GUID: 6e54b78ec81e54540a09ccf506dcfcf3' -> (Import Result ID: 'bb3963c476893cea880785532dd073ce') in 0.146 seconds [static and dynamic dependencies]. Details - ImportResultOutputID=b9436a54baa9c78babc89a1c0fb4bf65 DependenciesID=acc74b8776fa51c77bdfc95df47ab487 StaticDependenciesID=280c146b9e9367e1368a3ced897dcac8 
Asset Pipeline Refresh (id=cae9fcec6f0f668468ce9617588db82a): Total: 0.182 seconds - Initiated by StopAssetImportingV2(NoUpdateAssetOptions)
Importing 'GUID: 2c6e14ac589217b4cac2e947b013f2c4 - Path: Assets/Sapphire/Art/MageAttackGridSheet.png' with importer (TextureImporter)
Imported 'GUID: 2c6e14ac589217b4cac2e947b013f2c4' -> (Import Result ID: '9c9e3f06a9ec226744997e227cb9733b') in 0.107 seconds [static and dynamic dependencies]. Details - ImportResultOutputID=8626b64ed628ebb4db9d4f36904c1b17 DependenciesID=1ccefa3552c88ef34643d890a8caa33b StaticDependenciesID=9ea733cff4cd877e4d0e2476938038df 
Asset Pipeline Refresh (id=f6fab3dc236afeb4f90f3166616f3a33): Total: 0.134 seconds - Initiated by StopAssetImportingV2(NoUpdateAssetOptions)
Importing 'GUID: d97453d562340f248ba410019b2e0c79 - Path: Assets/Sapphire/Art/UI/MessagePanelFrameGold.png' with importer (TextureImporter)
Imported 'GUID: d97453d562340f248ba410019b2e0c79' -> (Import Result ID: 'e7d0eb53ee14af956e32feb91f4fa1c6') in 0.009 seconds [static and dynamic dependencies]. Details - ImportResultOutputID=fc5d5736b4d8ed1c321e4dcef7d4f11e DependenciesID=c6d368bbbff3b2293d3cad3d61615049 StaticDependenciesID=602933a88bfc3e7c04f87b12d4445efc 
Asset Pipeline Refresh (id=d90d67b3f98c26d4f95cba5ae8d5f6e2): Total: 0.030 seconds - Initiated by StopAssetImportingV2(NoUpdateAssetOptions)
Importing 'GUID: 6ec2c65bb7fb72f409324fce3313176b - Path: Assets/Sapphire/Art/UI/MenuButtonGold.png' with importer (TextureImporter)
Imported 'GUID: 6ec2c65bb7fb72f409324fce3313176b' -> (Import Result ID: 'bb634f4e3c04be1f1e43358da23b128b') in 0.003 seconds [static and dynamic dependencies]. Details - ImportResultOutputID=d03c1fce7c96135ddf33296d3534dc4b DependenciesID=d997a006f7f439a7c69f776a64f4d9f1 StaticDependenciesID=0abcadcb8a038eb983011e7f7bcac16d 
Asset Pipeline Refresh (id=6b2717c141cb78f4eb84739b1d9c8586): Total: 0.018 seconds - Initiated by StopAssetImportingV2(NoUpdateAssetOptions)
Importing 'GUID: aae42f796a6d7f24ead776da052249a2 - Path: Assets/Sapphire/Art/UI/SkillButtonFrameGold.png' with importer (TextureImporter)
Imported 'GUID: aae42f796a6d7f24ead776da052249a2' -> (Import Result ID: 'db081e8e1bb2273b25bc76943c1e687e') in 0.014 seconds [static and dynamic dependencies]. Details - ImportResultOutputID=60107bb77ba9a5058b9fabad6d9e089d DependenciesID=d4628c0f6cff636503121f61a92f914d StaticDependenciesID=a6c68d077590c5fc5ad44998c40530a2 
Asset Pipeline Refresh (id=47908dbe0340866449baed5e42a389a8): Total: 0.035 seconds - Initiated by StopAssetImportingV2(NoUpdateAssetOptions)
Importing 'GUID: 159fa0a071ee3a349adafc8f2c345227 - Path: Assets/Sapphire/Art/UI/HealthBarFrameGold.png' with importer (TextureImporter)
Imported 'GUID: 159fa0a071ee3a349adafc8f2c345227' -> (Import Result ID: 'c26d97c59d27e8327a5414fc10976d16') in 0.007 seconds [static and dynamic dependencies]. Details - ImportResultOutputID=21c2476b5449d41e85455fb5f054b14d DependenciesID=cb7b34d9a3d5159ab039094895d0c8c4 StaticDependenciesID=65bef355bf801cd0b1eb9c99c7642be9 
Asset Pipeline Refresh (id=9ad1e55dac7e0d54d85696636289b4b8): Total: 0.034 seconds - Initiated by StopAssetImportingV2(NoUpdateAssetOptions)
Importing 'GUID: a80f5793bf6572e4c814ad9ff846c231 - Path: Assets/Sapphire/Art/UI/SkillIconsSetGold.png' with importer (TextureImporter)
Imported 'GUID: a80f5793bf6572e4c814ad9ff846c231' -> (Import Result ID: '8e8396d122645d451e7e326a80114930') in 0.122 seconds [static and dynamic dependencies]. Details - ImportResultOutputID=af926f542b4718e0587068ec0785c7ab DependenciesID=bc9687f2accdbe66550650b3c9805d08 StaticDependenciesID=49aef37e08f5b5cb1fe64f57a3dedceb 
Asset Pipeline Refresh (id=90dc59e848cc40f4e8d82e082d3bb95f): Total: 0.163 seconds - Initiated by StopAssetImportingV2(NoUpdateAssetOptions)
Importing 'GUID: 3e6a297a18247c9479c8b9626591adbe - Path: Assets/Sapphire/Art/UI/MovementStickGold.png' with importer (TextureImporter)
Imported 'GUID: 3e6a297a18247c9479c8b9626591adbe' -> (Import Result ID: '38c019bd5e97fced1683fefabbccc26b') in 0.014 seconds [static and dynamic dependencies]. Details - ImportResultOutputID=5f07ec44b20a6f2de673e1fb24957d57 DependenciesID=bde7e6ede2ea80e84fa764a08f7df35e StaticDependenciesID=6a88af48e79aad7f826dc21771419bc2 
Asset Pipeline Refresh (id=a4febf15bb806154d82055f1a1fc7fde): Total: 0.036 seconds - Initiated by StopAssetImportingV2(NoUpdateAssetOptions)
Importing 'GUID: 8b51beca032c8dd438856b3b90d1a90d - Path: Assets/Sapphire/Art/UI/MenuPanelOdin.png' with importer (TextureImporter)
Imported 'GUID: 8b51beca032c8dd438856b3b90d1a90d' -> (Import Result ID: '74eab86ae855eca05ff61b2fa58a9ffb') in 0.096 seconds [static and dynamic dependencies]. Details - ImportResultOutputID=881c3858a643e1fdf214fe59e7583a40 DependenciesID=ab3d0dbc3e282055e429d9971421b074 StaticDependenciesID=a2d17aa8f7fa442f257455b528550641 
Asset Pipeline Refresh (id=b82ef6f56c6ec5b47abbf47aa90b86b4): Total: 0.115 seconds - Initiated by StopAssetImportingV2(NoUpdateAssetOptions)
Importing 'GUID: cb1092d2ea046c344a2ae09c9fb63d6a - Path: Assets/Sapphire/Art/UI/MenuSectionDividerSingle.png' with importer (TextureImporter)
Imported 'GUID: cb1092d2ea046c344a2ae09c9fb63d6a' -> (Import Result ID: 'e13167760d4f25a6d48652e200858fe1') in 0.004 seconds [static and dynamic dependencies]. Details - ImportResultOutputID=7e767e8b17f732d82c935cc2d9c0aed5 DependenciesID=7fc3eecdde7f277a9892dde162f8b087 StaticDependenciesID=de08b8da9de5caadbb70566f75baf04f 
Asset Pipeline Refresh (id=14bbdc078b512e2469dd468312fb961c): Total: 0.023 seconds - Initiated by StopAssetImportingV2(NoUpdateAssetOptions)
Importing 'GUID: 6c7474067a11b2c4abb3ce4550a5b084 - Path: Assets/Sapphire/Art/UI/RegionNameplate.png' with importer (TextureImporter)
Imported 'GUID: 6c7474067a11b2c4abb3ce4550a5b084' -> (Import Result ID: '9d1c2e935f646290fd8a737c58e1218d') in 0.005 seconds [static and dynamic dependencies]. Details - ImportResultOutputID=d6ce0a2cbc694b32970b192551bf5456 DependenciesID=00ff7965c1f6bce0276f8aaeb253c554 StaticDependenciesID=68288842f42f7ea0ba47035151fb42f6 
Asset Pipeline Refresh (id=753aa9efbccd5c64c97ddecc90806e8f): Total: 0.031 seconds - Initiated by StopAssetImportingV2(NoUpdateAssetOptions)
Importing 'GUID: d889fe07b36ab5d4881acc4032abe8d3 - Path: Assets/Sapphire/Art/UI/ButtonSecondary.png' with importer (TextureImporter)
Imported 'GUID: d889fe07b36ab5d4881acc4032abe8d3' -> (Import Result ID: '7cf489fbeaa8599f51967fd67f85f751') in 0.027 seconds [static and dynamic dependencies]. Details - ImportResultOutputID=d738e84b02c7436161152578c914fb41 DependenciesID=a802314801b1bcfa72930b12e37b6c55 StaticDependenciesID=9e425a06bc1d75d3c1abc0d2e8e5e22a 
Asset Pipeline Refresh (id=e1c7642c429ac8040b144fdb2e5e5521): Total: 0.062 seconds - Initiated by StopAssetImportingV2(NoUpdateAssetOptions)
Importing 'GUID: d889fe07b36ab5d4881acc4032abe8d3 - Path: Assets/Sapphire/Art/UI/ButtonSecondary.png' with importer (TextureImporter)
Imported 'GUID: d889fe07b36ab5d4881acc4032abe8d3' -> (Import Result ID: '7cf489fbeaa8599f51967fd67f85f751') in 0.027 seconds [static and dynamic dependencies]. Details - ImportResultOutputID=d738e84b02c7436161152578c914fb41 DependenciesID=a802314801b1bcfa72930b12e37b6c55 StaticDependenciesID=9e425a06bc1d75d3c1abc0d2e8e5e22a 
Asset Pipeline Refresh (id=4a48f064df2abe34c8fb05dbfeb11461): Total: 0.052 seconds - Initiated by StopAssetImportingV2(NoUpdateAssetOptions)
Importing 'GUID: d889fe07b36ab5d4881acc4032abe8d3 - Path: Assets/Sapphire/Art/UI/ButtonSecondary.png' with importer (TextureImporter)
Imported 'GUID: d889fe07b36ab5d4881acc4032abe8d3' -> (Import Result ID: '7cf489fbeaa8599f51967fd67f85f751') in 0.028 seconds [static and dynamic dependencies]. Details - ImportResultOutputID=d738e84b02c7436161152578c914fb41 DependenciesID=a802314801b1bcfa72930b12e37b6c55 StaticDependenciesID=9e425a06bc1d75d3c1abc0d2e8e5e22a 
Asset Pipeline Refresh (id=2f9a41851d6c36e4f96f54bebc46cab1): Total: 0.055 seconds - Initiated by StopAssetImportingV2(NoUpdateAssetOptions)
Importing 'GUID: a24129757b2314949b1d3f66eb6e55d1 - Path: Assets/Sapphire/Art/UI/ButtonPrimary.png' with importer (TextureImporter)
Imported 'GUID: a24129757b2314949b1d3f66eb6e55d1' -> (Import Result ID: '55b20896edd1e822bc3d8a0bd6e4e720') in 0.030 seconds [static and dynamic dependencies]. Details - ImportResultOutputID=b5fc9c0839d19239b046a6049f95b685 DependenciesID=0999de113aa33449923ee42e1cdb1a0b StaticDependenciesID=4e7cc0b250098e613f00a208296a542b 
Asset Pipeline Refresh (id=2f99820084d36f645a09f2bb4002f03c): Total: 0.068 seconds - Initiated by StopAssetImportingV2(NoUpdateAssetOptions)
Importing 'GUID: a24129757b2314949b1d3f66eb6e55d1 - Path: Assets/Sapphire/Art/UI/ButtonPrimary.png' with importer (TextureImporter)
Imported 'GUID: a24129757b2314949b1d3f66eb6e55d1' -> (Import Result ID: '55b20896edd1e822bc3d8a0bd6e4e720') in 0.028 seconds [static and dynamic dependencies]. Details - ImportResultOutputID=b5fc9c0839d19239b046a6049f95b685 DependenciesID=0999de113aa33449923ee42e1cdb1a0b StaticDependenciesID=4e7cc0b250098e613f00a208296a542b 
Asset Pipeline Refresh (id=ead060e1519785840898685e9b60f8d8): Total: 0.054 seconds - Initiated by StopAssetImportingV2(NoUpdateAssetOptions)
Importing 'GUID: a24129757b2314949b1d3f66eb6e55d1 - Path: Assets/Sapphire/Art/UI/ButtonPrimary.png' with importer (TextureImporter)
Imported 'GUID: a24129757b2314949b1d3f66eb6e55d1' -> (Import Result ID: '55b20896edd1e822bc3d8a0bd6e4e720') in 0.020 seconds [static and dynamic dependencies]. Details - ImportResultOutputID=b5fc9c0839d19239b046a6049f95b685 DependenciesID=0999de113aa33449923ee42e1cdb1a0b StaticDependenciesID=4e7cc0b250098e613f00a208296a542b 
Asset Pipeline Refresh (id=21bc0b3e7c745f74b9cbe7325a33131c): Total: 0.040 seconds - Initiated by StopAssetImportingV2(NoUpdateAssetOptions)
Importing 'GUID: 6d8c426359adf1c4a9d94ff6cb53b09f - Path: Assets/Sapphire/Art/UI/MenuHamburgerIcon.png' with importer (TextureImporter)
Imported 'GUID: 6d8c426359adf1c4a9d94ff6cb53b09f' -> (Import Result ID: '0f2e6c3688b3b1d6c950620532ffef3c') in 0.108 seconds [static and dynamic dependencies]. Details - ImportResultOutputID=a9370d8200c42138138bc891e6901fcd DependenciesID=a726e4e2df50e87b6c32c19d2393db46 StaticDependenciesID=92ceb0403570064052f1099d628a2e16 
Asset Pipeline Refresh (id=6f63f6691aff591419b8daa08e51833b): Total: 0.132 seconds - Initiated by StopAssetImportingV2(NoUpdateAssetOptions)
Importing 'GUID: 0744777ff6718cd43b8f7f664a68993b - Path: Assets/Sapphire/Art/UI/LevelBadgeHex.png' with importer (TextureImporter)
Imported 'GUID: 0744777ff6718cd43b8f7f664a68993b' -> (Import Result ID: '4864d29eb5b2f4574f51aaf8024e5ac0') in 0.002 seconds [static and dynamic dependencies]. Details - ImportResultOutputID=81420b5fe560117f49220dc6e8541d43 DependenciesID=eb7746c221452f81acfa9aa403202641 StaticDependenciesID=c74535198d2c1d5c1630634df6ce7036 
Asset Pipeline Refresh (id=e266e99a6ea0e364b81753980d0145a5): Total: 0.019 seconds - Initiated by StopAssetImportingV2(NoUpdateAssetOptions)
Importing 'GUID: aaf68ba01c370e94bb0e1992e5944119 - Path: Assets/Sapphire/Art/UI/MenuIconsSet.png' with importer (TextureImporter)
Imported 'GUID: aaf68ba01c370e94bb0e1992e5944119' -> (Import Result ID: 'bc72cb095de9831cfe210cf25b5dd513') in 0.135 seconds [static and dynamic dependencies]. Details - ImportResultOutputID=8700d2baaba6b0e5ef7676c904d40305 DependenciesID=a8518c32e499c930f403e1caf91468ad StaticDependenciesID=84d848ecf8c71fba6a44c6a4bcc443c0 
Asset Pipeline Refresh (id=960e690d50527944692036c667d26b87): Total: 0.159 seconds - Initiated by StopAssetImportingV2(NoUpdateAssetOptions)
Importing 'GUID: 826c91c276e3e12428dc091705a5ae7d - Path: Assets/Sapphire/Art/UI/MenuPanelDark.png' with importer (TextureImporter)
Imported 'GUID: 826c91c276e3e12428dc091705a5ae7d' -> (Import Result ID: '3703bf7a175cb41a0472588086adbe67') in 0.086 seconds [static and dynamic dependencies]. Details - ImportResultOutputID=98ca3743fa64fb20540f92a361550206 DependenciesID=f44aff5cc2da94afd5fe0ead419957a2 StaticDependenciesID=c2bffe8c4a6c0bcbfa3da0f87c56fbb8 
Asset Pipeline Refresh (id=bc14a3e390c639044a408493aa61cad9): Total: 0.104 seconds - Initiated by StopAssetImportingV2(NoUpdateAssetOptions)
Importing 'GUID: 721c435cf85b68043bb0661d77d2e618 - Path: Assets/Sapphire/Art/UI/MenuIconsSetDark.png' with importer (TextureImporter)
Imported 'GUID: 721c435cf85b68043bb0661d77d2e618' -> (Import Result ID: '40f333b54face034066d05e834bc4eb1') in 0.189 seconds [static and dynamic dependencies]. Details - ImportResultOutputID=88b6efbe392d5efdd1034a52b1e5a4da DependenciesID=c97cc4606f352ae3cb3888eb58d89f8f StaticDependenciesID=0dd8f90179c50d72b21110cee4557c8f 
Asset Pipeline Refresh (id=f7f64e07c8a7f1f4d9af45581559f22c): Total: 0.234 seconds - Initiated by StopAssetImportingV2(NoUpdateAssetOptions)
Importing 'GUID: f3266b3f19feb3f4a9005bb999503cf9 - Path: Assets/Sapphire/Art/UI/MenuLockBadge.png' with importer (TextureImporter)
Imported 'GUID: f3266b3f19feb3f4a9005bb999503cf9' -> (Import Result ID: 'de24c63d82822f5ecab245caf3b90bdc') in 0.108 seconds [static and dynamic dependencies]. Details - ImportResultOutputID=3d96d87f865bb4187b58772f9c698b7b DependenciesID=9fa6d99f737102b0df49bd5297793718 StaticDependenciesID=4b093864f67c218bee8b851d26548bf8 
Asset Pipeline Refresh (id=0be215101921fce4cafe9066ba4d30af): Total: 0.143 seconds - Initiated by StopAssetImportingV2(NoUpdateAssetOptions)
Importing 'GUID: 75a64612698beda42a912fe18db8739a - Path: Assets/Sapphire/Art/UI/GaugeFillMana.png' with importer (TextureImporter)
Imported 'GUID: 75a64612698beda42a912fe18db8739a' -> (Import Result ID: 'de3d09026e476b57ddde66ff843961c7') in 0.005 seconds [static and dynamic dependencies]. Details - ImportResultOutputID=d9facc8756cb30486b9909f872112618 DependenciesID=f301df1bb53ba389f82c7c2fa6ef1a6b StaticDependenciesID=1ff1ac3f514368ea9fba9ec665bf3623 
Asset Pipeline Refresh (id=cffbf2914939869458dddac098399005): Total: 0.034 seconds - Initiated by StopAssetImportingV2(NoUpdateAssetOptions)
Importing 'GUID: 034ad5173e1cf6243a97b867b8c83457 - Path: Assets/Sapphire/Art/UI/MenuIconsSetExtra.png' with importer (TextureImporter)
Imported 'GUID: 034ad5173e1cf6243a97b867b8c83457' -> (Import Result ID: '11d816a1e561fa1a4ba6b6da158174bc') in 0.031 seconds [static and dynamic dependencies]. Details - ImportResultOutputID=2f9fa4f14a6dfc9d6131bc3174b2edcc DependenciesID=3a8b8d1b087d75788823c78ccb677ce2 StaticDependenciesID=6b13c65aea645fd84757c073b2de47fb 
Asset Pipeline Refresh (id=847ef8db70f1fef4f808bf73d02889b8): Total: 0.061 seconds - Initiated by StopAssetImportingV2(NoUpdateAssetOptions)
Importing 'GUID: 1cfb58612ae882941b5aa949ee713670 - Path: Assets/Sapphire/Art/WarriorTopdownGridSheet.png' with importer (TextureImporter)
Imported 'GUID: 1cfb58612ae882941b5aa949ee713670' -> (Import Result ID: '7f2db2cb421ae8dbba177de7bc2bdb7e') in 0.116 seconds [static and dynamic dependencies]. Details - ImportResultOutputID=2c72c08957796a032cd29ebd7f2de705 DependenciesID=c6b4b620e64bd2c384efec8d9c9e35f6 StaticDependenciesID=0bd7bf6ba37aee631eb1df268c30142a 
Asset Pipeline Refresh (id=8f601feca818ed84d9bf563804164590): Total: 0.143 seconds - Initiated by StopAssetImportingV2(NoUpdateAssetOptions)
Importing 'GUID: 5d463fe669e462441ab9bc2a315027d1 - Path: Assets/Sapphire/Art/WarriorAttackGridSheet.png' with importer (TextureImporter)
Imported 'GUID: 5d463fe669e462441ab9bc2a315027d1' -> (Import Result ID: 'ef72932923e7b6adff6e50b1556d6c1f') in 0.115 seconds [static and dynamic dependencies]. Details - ImportResultOutputID=113648fef4af83c74d7660c16e980b56 DependenciesID=d47512767b10557cf72d33641d935e84 StaticDependenciesID=861928fa039646e5ab3e0673d814c358 
Asset Pipeline Refresh (id=b45e6ed9590402849be1edd39adb7f7c): Total: 0.145 seconds - Initiated by StopAssetImportingV2(NoUpdateAssetOptions)
Importing 'GUID: 9e94875a024478a48b72ceb43e8a4158 - Path: Assets/Sapphire/Art/UI/WarriorSkillIconsSetGold.png' with importer (TextureImporter)
Imported 'GUID: 9e94875a024478a48b72ceb43e8a4158' -> (Import Result ID: '60581920d95ef6394c4fdcb01ddd8cee') in 0.116 seconds [static and dynamic dependencies]. Details - ImportResultOutputID=7baf0e725aa6bdc28a8ee4273d97498d DependenciesID=79465d79cc0e09e790d497c8d7ffab2d StaticDependenciesID=f4730c0a02ac20a91307a16a3dad7e82 
Asset Pipeline Refresh (id=f7a66c5e38466954b8ed26bb3b121e66): Total: 0.138 seconds - Initiated by StopAssetImportingV2(NoUpdateAssetOptions)
Asset Pipeline Refresh (id=f953fed7237e23245a6d8d621aed4b4c): Total: 0.015 seconds - Initiated by RefreshV2(NoUpdateAssetOptions)
Importing 'GUID: 67919e38704e7514b97636471ce72c25 - Path: Assets/Sapphire/Art/World/Ground/Grass_0.png' with importer (TextureImporter)
Imported 'GUID: 67919e38704e7514b97636471ce72c25' -> (Import Result ID: '98a3a8ee720b23e032cd2b52fa3703ea') in 0.009 seconds [static and dynamic dependencies]. Details - ImportResultOutputID=32f78c8e404483533c1becc24e710262 DependenciesID=6981e00f2ad4d25c546e457047b112a9 StaticDependenciesID=7f8d1578275c589e8395de88fac14e1b 
Asset Pipeline Refresh (id=61ee089e1dca9bb4cb21e5a0acee5ea7): Total: 0.024 seconds - Initiated by StopAssetImportingV2(NoUpdateAssetOptions)
Importing 'GUID: 4f2bc0d80a0414b4db2f6ac813fef54c - Path: Assets/Sapphire/Art/World/Ground/Grass_1.png' with importer (TextureImporter)
Imported 'GUID: 4f2bc0d80a0414b4db2f6ac813fef54c' -> (Import Result ID: '382ee15d98ec351b491f8bdab5b29dec') in 0.008 seconds [static and dynamic dependencies]. Details - ImportResultOutputID=4be093b41e032a199b4bd57fef496c39 DependenciesID=ea55f96001880a861ddf93d3878a2e83 StaticDependenciesID=5aa4655c3b077bef29d5846b9a7d0f66 
Asset Pipeline Refresh (id=6f00670d7ba881f4bbc60d1c5f143c60): Total: 0.024 seconds - Initiated by StopAssetImportingV2(NoUpdateAssetOptions)
Importing 'GUID: 9b5d5677a6b7072448d9212fa1314d88 - Path: Assets/Sapphire/Art/World/Ground/Grass_2.png' with importer (TextureImporter)
Imported 'GUID: 9b5d5677a6b7072448d9212fa1314d88' -> (Import Result ID: '28fe2584650c13723ed47e444970af6b') in 0.009 seconds [static and dynamic dependencies]. Details - ImportResultOutputID=10d74c942f379f5ae140c95448b1f5db DependenciesID=87df88546326a99a9d229ef9e8e0ff0b StaticDependenciesID=f218a75a77d8838e6a39a66220307427 
Asset Pipeline Refresh (id=4d2804baf44e09f45a4057257b925b1e): Total: 0.023 seconds - Initiated by StopAssetImportingV2(NoUpdateAssetOptions)
Importing 'GUID: 0cf4bbec691487648959eb3202745b33 - Path: Assets/Sapphire/Art/World/Ground/Dirt_0.png' with importer (TextureImporter)
Imported 'GUID: 0cf4bbec691487648959eb3202745b33' -> (Import Result ID: '17e73fca9f2bd23dae4e0734cea61624') in 0.008 seconds [static and dynamic dependencies]. Details - ImportResultOutputID=d78ea22cadc8309daafc3eb451d1cd25 DependenciesID=bc291319399e376d53fd806603c76849 StaticDependenciesID=80e0cde20e1788303e660e6ab24a0dcf 
Asset Pipeline Refresh (id=11111b5c2000f244bba58376bb0793ee): Total: 0.022 seconds - Initiated by StopAssetImportingV2(NoUpdateAssetOptions)
Importing 'GUID: e241f5bc20d6f6649ba8925818b63663 - Path: Assets/Sapphire/Art/World/Ground/Dirt_1.png' with importer (TextureImporter)
Imported 'GUID: e241f5bc20d6f6649ba8925818b63663' -> (Import Result ID: '093e1d8d4358fdfe007e0363033a01ca') in 0.007 seconds [static and dynamic dependencies]. Details - ImportResultOutputID=be7bbd29230b37b239b9051b59ebdb69 DependenciesID=a3ed44c65ea31ca61d89a16dafbd2d22 StaticDependenciesID=56808ca52e9314da7dee5944631d57a3 
Asset Pipeline Refresh (id=0414e956771a1054aa84bc574a1055a8): Total: 0.022 seconds - Initiated by StopAssetImportingV2(NoUpdateAssetOptions)
Importing 'GUID: 61578ea784823874a8cd83c0c3648fa2 - Path: Assets/Sapphire/Art/World/Ground/Dirt_2.png' with importer (TextureImporter)
Imported 'GUID: 61578ea784823874a8cd83c0c3648fa2' -> (Import Result ID: '7da1d237d98cc7d1925489cded0db36b') in 0.008 seconds [static and dynamic dependencies]. Details - ImportResultOutputID=65da1c93da6634d2c4c57b1e071d030f DependenciesID=14f4ff23b7bf7d88bcc4310863a37f8f StaticDependenciesID=73bb9ff0503f1b1640a03508cbbe5829 
Asset Pipeline Refresh (id=0d3be84a292f0a94995a2fdfb7a00683): Total: 0.023 seconds - Initiated by StopAssetImportingV2(NoUpdateAssetOptions)
Importing 'GUID: e323213338a5f0544b6ac9b4eb0801be - Path: Assets/Sapphire/Art/World/VillageProps.png' with importer (TextureImporter)
Imported 'GUID: e323213338a5f0544b6ac9b4eb0801be' -> (Import Result ID: 'f22dd70214cfed789ae3efee9e3a2936') in 0.110 seconds [static and dynamic dependencies]. Details - ImportResultOutputID=0c5b04863906247478d01590cf4cd43f DependenciesID=221976264b7657580a4a562189a74fc9 StaticDependenciesID=df8cd229734b9eb428a98d88549677e0 
Asset Pipeline Refresh (id=30d0f9a2553dcdc4aa0d38aed2468259): Total: 0.131 seconds - Initiated by StopAssetImportingV2(NoUpdateAssetOptions)
Importing 'GUID: e7d4432d015a1184696d02a51d227de7 - Path: Assets/Sapphire/Art/World/TownHallVertical.png' with importer (TextureImporter)
Imported 'GUID: e7d4432d015a1184696d02a51d227de7' -> (Import Result ID: '4cf57f67fa78b88b02180272b3947b2f') in 0.060 seconds [static and dynamic dependencies]. Details - ImportResultOutputID=16a9ee81fc83d82a52566af95fb0a75e DependenciesID=9f89ade0c6b3afde9e311ede2620e6f2 StaticDependenciesID=606ff99b74ed1b23a2ce66d249f374eb 
Asset Pipeline Refresh (id=dd0cb9d77ca31f146847487a614f09b8): Total: 0.084 seconds - Initiated by StopAssetImportingV2(NoUpdateAssetOptions)
Importing 'GUID: 283ecab433d12ce4b875ffd893d0356b - Path: Assets/Sapphire/Art/World/SlimeKingdomAtlas.png' with importer (TextureImporter)
Imported 'GUID: 283ecab433d12ce4b875ffd893d0356b' -> (Import Result ID: '1482d860a9f1b63f3eeb4a875dc72ecd') in 0.243 seconds [static and dynamic dependencies]. Details - ImportResultOutputID=78b7d08bdcc62f85d6243ddc7f9f2e7e DependenciesID=ece8f56e00bfb449c0efd21bbb9c7461 StaticDependenciesID=15d66cc374171a2bbab9493fd54d4622 
Refreshing native plugins compatible for Editor in 3.32 ms, found 0 plugins.
Asset Pipeline Refresh (id=8b906d8f82e530547a4b306fa29292f7): Total: 0.295 seconds - Initiated by StopAssetImportingV2(NoUpdateAssetOptions)
Importing 'GUID: dd2f7840b16b31c4d910e4fc95debada - Path: Assets/Sapphire/Art/World/SlimeKingdomProps2.png' with importer (TextureImporter)
Imported 'GUID: dd2f7840b16b31c4d910e4fc95debada' -> (Import Result ID: 'acb69f85a072fedb7958e7624cda6be7') in 0.134 seconds [static and dynamic dependencies]. Details - ImportResultOutputID=589dcd1f108b125eaffb76c2ef9babf1 DependenciesID=8d111cfcda8a623a0174cfc308c8052e StaticDependenciesID=1b1722382cffe3f9f3883f4672c254e8 
Asset Pipeline Refresh (id=41287f508031d4f43a07a147d97c457b): Total: 0.195 seconds - Initiated by StopAssetImportingV2(NoUpdateAssetOptions)
Importing 'GUID: be831e50a0cafd94ab556ea82b0a0188 - Path: Assets/Sapphire/Art/World/SlimeKingdom/Ground/Grass.png' with importer (TextureImporter)
Imported 'GUID: be831e50a0cafd94ab556ea82b0a0188' -> (Import Result ID: '0614cec721135882f3ec56b2343dbf39') in 0.046 seconds [static and dynamic dependencies]. Details - ImportResultOutputID=5a5afdbd5405404691ced0303fa60577 DependenciesID=00c2ad6ba08c52d1c1caf499ed23fb80 StaticDependenciesID=52da2f866b374e3de0ccb2570724f83b 
Asset Pipeline Refresh (id=485c72701c3d9134883583329c59a035): Total: 0.064 seconds - Initiated by StopAssetImportingV2(NoUpdateAssetOptions)
Importing 'GUID: 067ca092d5411994da3b21dfb80bc82b - Path: Assets/Sapphire/Art/World/SlimeKingdom/Ground/RoyalRoad.png' with importer (TextureImporter)
Imported 'GUID: 067ca092d5411994da3b21dfb80bc82b' -> (Import Result ID: '2700a92320d5a0148720642f0aa065b9') in 0.045 seconds [static and dynamic dependencies]. Details - ImportResultOutputID=237231eae2778e193b50089bc0eef4af DependenciesID=ae1d9e9f7939aa2596332896443e4b74 StaticDependenciesID=d2a1be6df2e7f31034fedebc35ae3f78 
Asset Pipeline Refresh (id=02bd60c1bd1252b479d25a579c7f6fcc): Total: 0.064 seconds - Initiated by StopAssetImportingV2(NoUpdateAssetOptions)
Importing 'GUID: 04e2fdc1fca197d489018e3457f3f283 - Path: Assets/Sapphire/Art/World/SlimeKingdom/Ground/JellyPool.png' with importer (TextureImporter)
Imported 'GUID: 04e2fdc1fca197d489018e3457f3f283' -> (Import Result ID: 'cf027eedcfe9440b407f31244a9f44a8') in 0.041 seconds [static and dynamic dependencies]. Details - ImportResultOutputID=ec9082ee348471972a05f9ed8e511b57 DependenciesID=aca4a5ded51ff217ab5050d660ccabcf StaticDependenciesID=5790b0a089bf0d946fdf870781ff562d 
Asset Pipeline Refresh (id=f40d2f25a0ffdd841bb7abd34390248e): Total: 0.063 seconds - Initiated by StopAssetImportingV2(NoUpdateAssetOptions)
Importing 'GUID: a0e87f7a8746df949a6727b2fda8685e - Path: Assets/Sapphire/Art/World/SlimeKingdom/Ground/CastleStone.png' with importer (TextureImporter)
Imported 'GUID: a0e87f7a8746df949a6727b2fda8685e' -> (Import Result ID: '3bd73c2b281b44e7b03d31b747f3370b') in 0.049 seconds [static and dynamic dependencies]. Details - ImportResultOutputID=93914664df70da218f07562ff15fdd8e DependenciesID=5d115ce623954ba836b1a29985182c06 StaticDependenciesID=930fc2617b75728c87d299fcfbcdc805 
Asset Pipeline Refresh (id=8f26cf962791e60479a9465df0a4b0bf): Total: 0.066 seconds - Initiated by StopAssetImportingV2(NoUpdateAssetOptions)
Importing 'GUID: c04f4488044926641a5010f75093096a - Path: Assets/Sapphire/Art/World/SlimeKingdom/SeamlessV5/Grass0.png' with importer (TextureImporter)
Imported 'GUID: c04f4488044926641a5010f75093096a' -> (Import Result ID: 'c49aa12672c2caa6f946beedc5c2ed4f') in 0.009 seconds [static and dynamic dependencies]. Details - ImportResultOutputID=049e5b40588c0f72e61bb225953dc313 DependenciesID=ccba77633f403ddba8326bff7f16d4d5 StaticDependenciesID=03b240b52ab177cd16a754f5540e7435 
Asset Pipeline Refresh (id=0f99b60e20870004f9b85db8ca8091e9): Total: 0.028 seconds - Initiated by StopAssetImportingV2(NoUpdateAssetOptions)
Importing 'GUID: 3e9883552a75b764e8b1071e6e44c3c3 - Path: Assets/Sapphire/Art/World/SlimeKingdom/SeamlessV5/Grass1.png' with importer (TextureImporter)
Imported 'GUID: 3e9883552a75b764e8b1071e6e44c3c3' -> (Import Result ID: '4d5959f193284f3c74b07db1c2068f86') in 0.010 seconds [static and dynamic dependencies]. Details - ImportResultOutputID=e5367bf99202909521181264cf63f650 DependenciesID=bd6d65756f1b70b6ae168bd2f88fd177 StaticDependenciesID=50e2723afd384323bc6172be301c0da5 
Asset Pipeline Refresh (id=0145ab965c453b24184be747b889d38a): Total: 0.030 seconds - Initiated by StopAssetImportingV2(NoUpdateAssetOptions)
Importing 'GUID: 1cd94c8c35910b248a2488ef4817936c - Path: Assets/Sapphire/Art/World/SlimeKingdom/SeamlessV5/Grass2.png' with importer (TextureImporter)
Imported 'GUID: 1cd94c8c35910b248a2488ef4817936c' -> (Import Result ID: '4606c8c0c1bf541e0e805ba3417555e1') in 0.009 seconds [static and dynamic dependencies]. Details - ImportResultOutputID=6b4157788d524c08b99073f4372fb99b DependenciesID=0c7c75dd9ed2ba7140c8562bce454bf9 StaticDependenciesID=fbf3e2d8afce367a76604d1a4e93e39a 
Asset Pipeline Refresh (id=ea222ad6357943e419c8af74992a1876): Total: 0.030 seconds - Initiated by StopAssetImportingV2(NoUpdateAssetOptions)
Importing 'GUID: 68a4ad4322ed8b14fa3596e1f70b6601 - Path: Assets/Sapphire/Art/World/SlimeKingdom/SeamlessV5/Grass3.png' with importer (TextureImporter)
Imported 'GUID: 68a4ad4322ed8b14fa3596e1f70b6601' -> (Import Result ID: '66a0462f4c0b2b6fc5c1161b44915560') in 0.009 seconds [static and dynamic dependencies]. Details - ImportResultOutputID=ec871a76acf2dc162820d8a90d5defe4 DependenciesID=df61a8a4f62dc307ab91947dd9288cfc StaticDependenciesID=fae92baf10728114ee1bb01157278586 
Asset Pipeline Refresh (id=e2f5bbbf71cf6524a88e527f0d8549c2): Total: 0.027 seconds - Initiated by StopAssetImportingV2(NoUpdateAssetOptions)
Importing 'GUID: 9546e19a62c12b84bb1b07ed94d757ce - Path: Assets/Sapphire/Art/World/SlimeKingdom/SeamlessV5/Dirt0.png' with importer (TextureImporter)
Imported 'GUID: 9546e19a62c12b84bb1b07ed94d757ce' -> (Import Result ID: '69e247c9369c565148116fff42fd8939') in 0.007 seconds [static and dynamic dependencies]. Details - ImportResultOutputID=5d2dc70fdf94266226dc9fe540a3ed3e DependenciesID=9b7a541c7582dbc98823261e820c377f StaticDependenciesID=7ed975ee406587f91b3f2d426d55090d 
Asset Pipeline Refresh (id=61655d0caba70f8428596bdbe3a2487b): Total: 0.031 seconds - Initiated by StopAssetImportingV2(NoUpdateAssetOptions)
Importing 'GUID: 3eb4d58d4fcdc7a4bb13a39e9b86a40f - Path: Assets/Sapphire/Art/World/SlimeKingdom/SeamlessV5/Dirt1.png' with importer (TextureImporter)
Imported 'GUID: 3eb4d58d4fcdc7a4bb13a39e9b86a40f' -> (Import Result ID: '28b3eb919add0fa1fd0b60629c825a7b') in 0.008 seconds [static and dynamic dependencies]. Details - ImportResultOutputID=5ca6b59d676ba4b9508aae4c58bb6274 DependenciesID=a0033712fa31c962dc317e17442ff375 StaticDependenciesID=847b3d4c98400601ae5227abad4e5174 
Asset Pipeline Refresh (id=8883acfd35b365348b9f1798a39b76d9): Total: 0.026 seconds - Initiated by StopAssetImportingV2(NoUpdateAssetOptions)
Importing 'GUID: d0de854aca41ab840b58a24cecc6e372 - Path: Assets/Sapphire/Art/World/SlimeKingdom/SeamlessV5/Dirt2.png' with importer (TextureImporter)
Imported 'GUID: d0de854aca41ab840b58a24cecc6e372' -> (Import Result ID: 'c49fec6c30294231c669c80b9e17a0f1') in 0.008 seconds [static and dynamic dependencies]. Details - ImportResultOutputID=70856039e4a3ada1f985de998afc4042 DependenciesID=db1c9f690baed834afc0c5e8092c3d15 StaticDependenciesID=9f2f5a1c3b473c8ad15b263353f26707 
Asset Pipeline Refresh (id=b3dc989d0299e854f8f98bc2e69a696e): Total: 0.024 seconds - Initiated by StopAssetImportingV2(NoUpdateAssetOptions)
Importing 'GUID: 163d5fa2ef61e904180e1e6de0d7ea5c - Path: Assets/Sapphire/Art/World/SlimeKingdom/SeamlessV5/Dirt3.png' with importer (TextureImporter)
Imported 'GUID: 163d5fa2ef61e904180e1e6de0d7ea5c' -> (Import Result ID: '181d51607cd1c6aa437f37cb61998155') in 0.007 seconds [static and dynamic dependencies]. Details - ImportResultOutputID=bd486178ea6a95fdb1ef89cdab224631 DependenciesID=b0dba5f36fa93f2b30035c881681b335 StaticDependenciesID=70aa0294030fe4b9202c4aa4e824088d 
Asset Pipeline Refresh (id=1fc3450884860a146adc940699d37ea3): Total: 0.024 seconds - Initiated by StopAssetImportingV2(NoUpdateAssetOptions)
Importing 'GUID: dae452c5e849db74c938c76e3b38e1db - Path: Assets/Sapphire/Art/World/SlimeKingdom/SeamlessV5/DirtEdge0.png' with importer (TextureImporter)
Imported 'GUID: dae452c5e849db74c938c76e3b38e1db' -> (Import Result ID: 'd95f6393b18bf20d6bbbd8525e41742f') in 0.010 seconds [static and dynamic dependencies]. Details - ImportResultOutputID=8ac5905232e64068e2935aa3f49f855e DependenciesID=0fdf9547a40bb2aebdfb8aecbb0b069b StaticDependenciesID=ac7c3668e126eca425e858aab081e08e 
Asset Pipeline Refresh (id=d2c2b062d3d42374c9d3bda28ef038cb): Total: 0.027 seconds - Initiated by StopAssetImportingV2(NoUpdateAssetOptions)
Importing 'GUID: 6b12eb95fccdce943b895b4732bfb02d - Path: Assets/Sapphire/Art/World/SlimeKingdom/SeamlessV5/DirtEdge1.png' with importer (TextureImporter)
Imported 'GUID: 6b12eb95fccdce943b895b4732bfb02d' -> (Import Result ID: '181f6b7b6ea99ea2037d1b2785fe6396') in 0.011 seconds [static and dynamic dependencies]. Details - ImportResultOutputID=071905c487db70ee2033c0adb9d8b4b9 DependenciesID=fa8b7f5107c55040b9258903d5e5e465 StaticDependenciesID=127618d2d94fad417d04a21dec5ffa74 
Asset Pipeline Refresh (id=3a27ce41dad26c045b67fc8e5ed2351f): Total: 0.027 seconds - Initiated by StopAssetImportingV2(NoUpdateAssetOptions)
Importing 'GUID: ebd410387227cc045bc83dc8fb4a81ed - Path: Assets/Sapphire/Art/World/SlimeKingdom/SeamlessV5/DirtEdge2.png' with importer (TextureImporter)
Imported 'GUID: ebd410387227cc045bc83dc8fb4a81ed' -> (Import Result ID: '972e20b310dbd9e59d2b3b587f5b1bdd') in 0.010 seconds [static and dynamic dependencies]. Details - ImportResultOutputID=353e242584bf3fb8f867f6e63a36836c DependenciesID=cd9902bfdbad0fe1c65dbd6b5f421697 StaticDependenciesID=778b97a03a30aa7aa08ca25e16c6f367 
Asset Pipeline Refresh (id=940454b414dd22c4e9aa271f5963067d): Total: 0.026 seconds - Initiated by StopAssetImportingV2(NoUpdateAssetOptions)
Importing 'GUID: 74e0301d11f548b4c80974b648c4bf92 - Path: Assets/Sapphire/Art/World/SlimeKingdom/SeamlessV5/DirtEdge3.png' with importer (TextureImporter)
Imported 'GUID: 74e0301d11f548b4c80974b648c4bf92' -> (Import Result ID: '8c71704c7406e39764057a9bfe4a4ac9') in 0.011 seconds [static and dynamic dependencies]. Details - ImportResultOutputID=4d05b6532acced51de139aa93def489d DependenciesID=c432bd962adffbf721d11fb107a219e3 StaticDependenciesID=61b422f58e1cc85aa6e25e735e7c37a9 
Asset Pipeline Refresh (id=443af3533538de342abba2546de3db08): Total: 0.031 seconds - Initiated by StopAssetImportingV2(NoUpdateAssetOptions)
Importing 'GUID: dcf64b908af433d4b8151910bd3c75eb - Path: Assets/Sapphire/Art/World/SlimeKingdom/SeamlessV5/DirtEdge4.png' with importer (TextureImporter)
Imported 'GUID: dcf64b908af433d4b8151910bd3c75eb' -> (Import Result ID: '1d102113cc0c1d18bc1881e5126b7203') in 0.011 seconds [static and dynamic dependencies]. Details - ImportResultOutputID=e446e17ed71d37c41010e19e26daf747 DependenciesID=6a9be6847a45d8a246cb7fdbe039f5e5 StaticDependenciesID=9188144879ca4bd2e157d159586d5565 
Asset Pipeline Refresh (id=2cf5e62e969e5304b81d1aa505286bf8): Total: 0.029 seconds - Initiated by StopAssetImportingV2(NoUpdateAssetOptions)
Importing 'GUID: a3ccb95f484dfd44bbe063d3f3a38832 - Path: Assets/Sapphire/Art/World/SlimeKingdom/SeamlessV5/DirtEdge5.png' with importer (TextureImporter)
Imported 'GUID: a3ccb95f484dfd44bbe063d3f3a38832' -> (Import Result ID: 'f8773c070d9ad867aa627455d8ca32b8') in 0.010 seconds [static and dynamic dependencies]. Details - ImportResultOutputID=132d17418ad8c255a5bed328b5f74f26 DependenciesID=8e8555efadb2df142c3a4b4f37cbd408 StaticDependenciesID=0a6a899d58fd6ffce68e1fa21369c71f 
Asset Pipeline Refresh (id=490adc59cdacd3c41929ae3da06b0435): Total: 0.027 seconds - Initiated by StopAssetImportingV2(NoUpdateAssetOptions)
Importing 'GUID: a9388b9972e37364bb3b6e612ec7f3eb - Path: Assets/Sapphire/Art/World/SlimeKingdom/SeamlessV5/DirtEdge6.png' with importer (TextureImporter)
Imported 'GUID: a9388b9972e37364bb3b6e612ec7f3eb' -> (Import Result ID: '9e80f7b100aac32f2a72cb54b7056704') in 0.012 seconds [static and dynamic dependencies]. Details - ImportResultOutputID=83c2f77c871010c3488cc08890340084 DependenciesID=1c48798fb5d7ae4157791dc57f71bbee StaticDependenciesID=b6d74d5f719fd0b831b4715bf29c477d 
Asset Pipeline Refresh (id=2b38031d81dbe364fb22103722606125): Total: 0.031 seconds - Initiated by StopAssetImportingV2(NoUpdateAssetOptions)
Importing 'GUID: 760ede54c568a6f4e9f1c5e2e00913b2 - Path: Assets/Sapphire/Art/World/SlimeKingdom/SeamlessV5/DirtEdge7.png' with importer (TextureImporter)
Imported 'GUID: 760ede54c568a6f4e9f1c5e2e00913b2' -> (Import Result ID: '498e2a0e188992c862b4f55712354e73') in 0.010 seconds [static and dynamic dependencies]. Details - ImportResultOutputID=76bdfbe3a87402e6cec969f985654213 DependenciesID=fde86d45cfc2251fd1660719511951b3 StaticDependenciesID=9d3e0b0cbd2a6459afbf8cd71549e813 
Asset Pipeline Refresh (id=c71d52175c99c4143b4e92dbed4a3839): Total: 0.027 seconds - Initiated by StopAssetImportingV2(NoUpdateAssetOptions)
Importing 'GUID: 43a15421f0e771049aab4216b4f4cd8b - Path: Assets/Sapphire/Art/World/SlimeKingdom/SeamlessV5/DirtEdge8.png' with importer (TextureImporter)
Imported 'GUID: 43a15421f0e771049aab4216b4f4cd8b' -> (Import Result ID: 'b093f99cf75cc8d9c001febf03f9227c') in 0.011 seconds [static and dynamic dependencies]. Details - ImportResultOutputID=2b0290ce7dae5c7eac4e1022c120f640 DependenciesID=76ee83af3e0d120f8a9582202e7f7fdd StaticDependenciesID=a6b48fd83065ee247bc84dc76407e1e8 
Asset Pipeline Refresh (id=4df0f8ea2bae34d418c5f0103e206832): Total: 0.029 seconds - Initiated by StopAssetImportingV2(NoUpdateAssetOptions)
Importing 'GUID: 232d6c16d628d7145a9435424ce90713 - Path: Assets/Sapphire/Art/World/SlimeKingdom/SeamlessV5/DirtEdge9.png' with importer (TextureImporter)
Imported 'GUID: 232d6c16d628d7145a9435424ce90713' -> (Import Result ID: '64a57c5aca901fdd2c9fbb5ddcddb3af') in 0.016 seconds [static and dynamic dependencies]. Details - ImportResultOutputID=13d43fb6334c053b54dcac4f565045f8 DependenciesID=774f4a5a0583fc55d3a47bc68447c993 StaticDependenciesID=c350274d3a12ae7eb17d63efeb7d100c 
Asset Pipeline Refresh (id=f8ce612b60e4ebe4b9ea1f221dfe2416): Total: 0.035 seconds - Initiated by StopAssetImportingV2(NoUpdateAssetOptions)
Importing 'GUID: f6dbda2166fad824c9bb3d409732ea1e - Path: Assets/Sapphire/Art/World/SlimeKingdom/SeamlessV5/DirtEdge10.png' with importer (TextureImporter)
Imported 'GUID: f6dbda2166fad824c9bb3d409732ea1e' -> (Import Result ID: '09037c9f9c70d9d1eae57d7181afe4b3') in 0.009 seconds [static and dynamic dependencies]. Details - ImportResultOutputID=3cef66ea62ef5f96840c945f7dc43967 DependenciesID=3f027bf124b32a1186949e192116c448 StaticDependenciesID=1710427ac893349c7f152b96a0464e60 
Asset Pipeline Refresh (id=db7e8575cd8db554bb2800537f8877bb): Total: 0.028 seconds - Initiated by StopAssetImportingV2(NoUpdateAssetOptions)
Importing 'GUID: 0e6feadd10b99ec42a322095ddd42597 - Path: Assets/Sapphire/Art/World/SlimeKingdom/SeamlessV5/DirtEdge11.png' with importer (TextureImporter)
Imported 'GUID: 0e6feadd10b99ec42a322095ddd42597' -> (Import Result ID: '34885fb515d18567bcb11ba20192a650') in 0.012 seconds [static and dynamic dependencies]. Details - ImportResultOutputID=c4b2c4359b1206b94de84cc5c7e5272f DependenciesID=b47efa968b6af6d6aed4779148bd9537 StaticDependenciesID=747e52e94e70ca3e3a046ff97991622a 
Asset Pipeline Refresh (id=cac29ffabf65bac4da1d52d6397d1e12): Total: 0.030 seconds - Initiated by StopAssetImportingV2(NoUpdateAssetOptions)
Importing 'GUID: 5d738f782ebff9c42997fd66f1b1ec8d - Path: Assets/Sapphire/Art/World/SlimeKingdom/SeamlessV5/DirtEdge12.png' with importer (TextureImporter)
Imported 'GUID: 5d738f782ebff9c42997fd66f1b1ec8d' -> (Import Result ID: '1f8e1068edb882ef6ee747195a921794') in 0.009 seconds [static and dynamic dependencies]. Details - ImportResultOutputID=125e79643189562f4d177594ac7306cb DependenciesID=d5cfd9cdac4ae687fd125d321edae5f7 StaticDependenciesID=911938ceb37b844cd3302916e9a61296 
Asset Pipeline Refresh (id=6f402d159e8152a459b8148d0f56f7a2): Total: 0.027 seconds - Initiated by StopAssetImportingV2(NoUpdateAssetOptions)
Importing 'GUID: 2829a038f955d994bb925721b080db15 - Path: Assets/Sapphire/Art/World/SlimeKingdom/SeamlessV5/DirtEdge13.png' with importer (TextureImporter)
Imported 'GUID: 2829a038f955d994bb925721b080db15' -> (Import Result ID: 'b73392e65e9de0629eff4f793b50768b') in 0.009 seconds [static and dynamic dependencies]. Details - ImportResultOutputID=f51497c77669d53a7e217f486a819b62 DependenciesID=ba931b99a99217c55972c72e829ef25d StaticDependenciesID=8f84e247844490247a20cc8f740ebf5b 
Asset Pipeline Refresh (id=c8d29b9d78332e3478e8ae5f3cb98128): Total: 0.025 seconds - Initiated by StopAssetImportingV2(NoUpdateAssetOptions)
Importing 'GUID: 5e05068a407d9184f928a1a5215a729f - Path: Assets/Sapphire/Art/World/SlimeKingdom/SeamlessV5/DirtEdge14.png' with importer (TextureImporter)
Imported 'GUID: 5e05068a407d9184f928a1a5215a729f' -> (Import Result ID: 'bfae96c9d3ea3c1dc04b034eeef27f68') in 0.013 seconds [static and dynamic dependencies]. Details - ImportResultOutputID=eecf25f1c4936dffc65e10cde8321d41 DependenciesID=a136caf0ec73a7305872d876fa7c3cc8 StaticDependenciesID=17e283fe8f9e7c71e3095f92f9e33f61 
Asset Pipeline Refresh (id=1c9b322b0474cdb42a6449c7b1c127dd): Total: 0.032 seconds - Initiated by StopAssetImportingV2(NoUpdateAssetOptions)
Importing 'GUID: fc2f1b66ce4002a48977b55c504606e9 - Path: Assets/Sapphire/Art/World/SlimeKingdom/SeamlessV5/DirtEdge15.png' with importer (TextureImporter)
Imported 'GUID: fc2f1b66ce4002a48977b55c504606e9' -> (Import Result ID: 'fa6e950529dc987ce3ba44a7f26a625e') in 0.010 seconds [static and dynamic dependencies]. Details - ImportResultOutputID=febf3c1e3d9e368dab71447b9e8f1144 DependenciesID=0278d3804adcf440a39c87576fd00697 StaticDependenciesID=5667612ad3c96b3ef99a6a9ba0a9318d 
Asset Pipeline Refresh (id=da5681cf842b47349b689f9c1ef79bba): Total: 0.028 seconds - Initiated by StopAssetImportingV2(NoUpdateAssetOptions)
Importing 'GUID: 324752024d7936e4d8a42a98340b231a - Path: Assets/Sapphire/Art/World/SlimeKingdom/SeamlessV5/DirtEdge16.png' with importer (TextureImporter)
Imported 'GUID: 324752024d7936e4d8a42a98340b231a' -> (Import Result ID: '9cf44d0a5d5e4ff1531a6232257aff7f') in 0.011 seconds [static and dynamic dependencies]. Details - ImportResultOutputID=da21bb342c77aa5ca2e345761f2ec8df DependenciesID=cd933aa3043e1e0cd94ff761a07c7a2b StaticDependenciesID=72315cd2201b18e51ed306c26b8ef30d 
Asset Pipeline Refresh (id=79f10e11f167d1a41b4b16203a86f3c0): Total: 0.025 seconds - Initiated by StopAssetImportingV2(NoUpdateAssetOptions)
Importing 'GUID: ef5924b9a723df94198f5ffdb99ea009 - Path: Assets/Sapphire/Art/World/SlimeKingdom/SeamlessV5/DirtEdge17.png' with importer (TextureImporter)
Imported 'GUID: ef5924b9a723df94198f5ffdb99ea009' -> (Import Result ID: 'a42ce171198964cd85030d277640937c') in 0.009 seconds [static and dynamic dependencies]. Details - ImportResultOutputID=d355e0804ea3d637be0e16d7d149efd1 DependenciesID=4200cfae9f4734236ae6fea2518451bb StaticDependenciesID=6bec08fda59924a939df326a0f52b8ae 
Asset Pipeline Refresh (id=c2c94c2e825668c4cadd6b81766aa356): Total: 0.026 seconds - Initiated by StopAssetImportingV2(NoUpdateAssetOptions)
Importing 'GUID: ff7cf70ed6ea7eb4c98d35b5a3065697 - Path: Assets/Sapphire/Art/World/SlimeKingdom/SeamlessV5/DirtEdge18.png' with importer (TextureImporter)
Imported 'GUID: ff7cf70ed6ea7eb4c98d35b5a3065697' -> (Import Result ID: '5da90ba25ed1a254dc692c19c384b5ec') in 0.009 seconds [static and dynamic dependencies]. Details - ImportResultOutputID=6aac144b31751e7e9c4b83373ccfa5be DependenciesID=e516df015a4acef38175d5835ebba00c StaticDependenciesID=bd9274a84642e00552b1e267a276f972 
Asset Pipeline Refresh (id=cc865558724809e4dab23734a58dafd1): Total: 0.025 seconds - Initiated by StopAssetImportingV2(NoUpdateAssetOptions)
Importing 'GUID: 353a6a6705bbdfd4f9555dda476f1aba - Path: Assets/Sapphire/Art/World/SlimeKingdom/SeamlessV5/DirtEdge19.png' with importer (TextureImporter)
Imported 'GUID: 353a6a6705bbdfd4f9555dda476f1aba' -> (Import Result ID: '3b211b81c838b323a86a033342aa7314') in 0.009 seconds [static and dynamic dependencies]. Details - ImportResultOutputID=997bcbc9bb1992fd45ede37087cd343a DependenciesID=365855bc0b618c351cf6f895200985eb StaticDependenciesID=6f543dca65ae04b722081476be1f4cc7 
Asset Pipeline Refresh (id=214e072f7599c804da59219db5f2914c): Total: 0.025 seconds - Initiated by StopAssetImportingV2(NoUpdateAssetOptions)
Importing 'GUID: 522eda9f6f30de74ba7f1b2eeb2daac0 - Path: Assets/Sapphire/Art/World/SlimeKingdom/SeamlessV5/DirtEdge20.png' with importer (TextureImporter)
Imported 'GUID: 522eda9f6f30de74ba7f1b2eeb2daac0' -> (Import Result ID: '4c45c802f26933e6038cc2e2cb4f9769') in 0.011 seconds [static and dynamic dependencies]. Details - ImportResultOutputID=1fb4135b8e9cc2d1e8d2ea1a6dc15013 DependenciesID=e4c69b58928f589344c89a58d1f7edd3 StaticDependenciesID=3e540dd0f32afdff085b24ba3e92d0df 
Asset Pipeline Refresh (id=88266e617a3b25249b3d20a8ed486a16): Total: 0.027 seconds - Initiated by StopAssetImportingV2(NoUpdateAssetOptions)
Importing 'GUID: 3162ffa85af1d6941b64e23163b1b15b - Path: Assets/Sapphire/Art/World/SlimeKingdom/SeamlessV5/DirtEdge21.png' with importer (TextureImporter)
Imported 'GUID: 3162ffa85af1d6941b64e23163b1b15b' -> (Import Result ID: '367980c27bbcdbc5fc914a120f92d018') in 0.009 seconds [static and dynamic dependencies]. Details - ImportResultOutputID=12e47b16eb7a09f7d0a62a8e9dad4e57 DependenciesID=6120d9f3543095486a09eab03f3cd226 StaticDependenciesID=cc67293b93dd317d59e347f7119f1b8c 
Asset Pipeline Refresh (id=2c34d11628cb97543b9601679d6070ca): Total: 0.026 seconds - Initiated by StopAssetImportingV2(NoUpdateAssetOptions)
Importing 'GUID: 23202e9f51e561a4f80a39fff96b1287 - Path: Assets/Sapphire/Art/World/SlimeKingdom/SeamlessV5/DirtEdge22.png' with importer (TextureImporter)
Imported 'GUID: 23202e9f51e561a4f80a39fff96b1287' -> (Import Result ID: 'af53fe66b166d90f08db40bcc6c8da31') in 0.010 seconds [static and dynamic dependencies]. Details - ImportResultOutputID=1d89a3dc13ffa094b0bde4fa39f71fa8 DependenciesID=bbd84342601e76ea2d5b359d992351bf StaticDependenciesID=916e2f8b1815b914a7f1348bc69500fe 
Asset Pipeline Refresh (id=607af28df344e54439c3a1df8107f6dd): Total: 0.026 seconds - Initiated by StopAssetImportingV2(NoUpdateAssetOptions)
Importing 'GUID: 887b3f7d22e043e46b22947b0010223d - Path: Assets/Sapphire/Art/World/SlimeKingdom/SeamlessV5/DirtEdge23.png' with importer (TextureImporter)
Imported 'GUID: 887b3f7d22e043e46b22947b0010223d' -> (Import Result ID: '00e04931e5a3dfb8952de5300d235874') in 0.009 seconds [static and dynamic dependencies]. Details - ImportResultOutputID=3041f04abd6cdbfbcdba6c873782f9ee DependenciesID=9d11e6d8940f96e1ac06062bf652a44a StaticDependenciesID=89985e40833eae556cfa88c2a85d68f7 
Asset Pipeline Refresh (id=6b464fd4e9ccc4c4e83af7879ac63a5a): Total: 0.023 seconds - Initiated by StopAssetImportingV2(NoUpdateAssetOptions)
Importing 'GUID: 7b671e19d4eada044a5ab3cbeec6ab01 - Path: Assets/Sapphire/Art/World/SlimeKingdom/SeamlessV5/DirtEdge24.png' with importer (TextureImporter)
Imported 'GUID: 7b671e19d4eada044a5ab3cbeec6ab01' -> (Import Result ID: 'd0d9ccbea34e19abd203fa6401ef5157') in 0.009 seconds [static and dynamic dependencies]. Details - ImportResultOutputID=312ec44891960570d4b34aed74cfc6c9 DependenciesID=6571e04bc0f71e8654faf6c78f214835 StaticDependenciesID=a311730b0e059d9acfc134582bcae4f1 
Asset Pipeline Refresh (id=c94afa909923f36498bac28312cd678f): Total: 0.026 seconds - Initiated by StopAssetImportingV2(NoUpdateAssetOptions)
Importing 'GUID: 91c1d389725326344a823da9534f2261 - Path: Assets/Sapphire/Art/World/SlimeKingdom/SeamlessV5/DirtEdge25.png' with importer (TextureImporter)
Imported 'GUID: 91c1d389725326344a823da9534f2261' -> (Import Result ID: '3f3530d27e86bbd600861adc89682435') in 0.010 seconds [static and dynamic dependencies]. Details - ImportResultOutputID=5199ec212715a298404d142b9cac1cb0 DependenciesID=b766b118775fd725ec6651d51b707eae StaticDependenciesID=9379d3e4a61ae337956d6cf39a5064a3 
Asset Pipeline Refresh (id=a8ea11d05ff03914badd8ccd8b146167): Total: 0.026 seconds - Initiated by StopAssetImportingV2(NoUpdateAssetOptions)
Importing 'GUID: 27ad1532b31fe6b438e5945ac50d721b - Path: Assets/Sapphire/Art/World/SlimeKingdom/SeamlessV5/DirtEdge26.png' with importer (TextureImporter)
Imported 'GUID: 27ad1532b31fe6b438e5945ac50d721b' -> (Import Result ID: 'e34ff09af9429801c8f4913e5052b2f1') in 0.009 seconds [static and dynamic dependencies]. Details - ImportResultOutputID=49b85dd9f1b483477d07b5adf6b782d3 DependenciesID=4b39aa54c3e9e9765a1b979797492f12 StaticDependenciesID=86106e6c457f543228969f5f327df259 
Asset Pipeline Refresh (id=6180f4bb0c143a641b85c834786fe800): Total: 0.025 seconds - Initiated by StopAssetImportingV2(NoUpdateAssetOptions)
Importing 'GUID: bf7e42c910917b343ba87b071c52b663 - Path: Assets/Sapphire/Art/World/SlimeKingdom/SeamlessV5/DirtEdge27.png' with importer (TextureImporter)
Imported 'GUID: bf7e42c910917b343ba87b071c52b663' -> (Import Result ID: 'e704513221128e2d717838c7c02ecc33') in 0.009 seconds [static and dynamic dependencies]. Details - ImportResultOutputID=4d6e8a0b2dd3919895955d85ed845f6a DependenciesID=203fb5ed7d0b50f694382414cc023734 StaticDependenciesID=e40095ef88159df9d5a3368fcdc72b70 
Asset Pipeline Refresh (id=f43368e4dc6d37a4a902a45b58db3e37): Total: 0.026 seconds - Initiated by StopAssetImportingV2(NoUpdateAssetOptions)
Importing 'GUID: 413bfdd3726b07540a092cf5545c2307 - Path: Assets/Sapphire/Art/World/SlimeKingdom/SeamlessV5/DirtEdge28.png' with importer (TextureImporter)
Imported 'GUID: 413bfdd3726b07540a092cf5545c2307' -> (Import Result ID: 'b4ea9cd7d9b1c68feec9da6e9c507d50') in 0.009 seconds [static and dynamic dependencies]. Details - ImportResultOutputID=a81a0d5966945da16f57458975ea73d7 DependenciesID=1707c35879e0be6b4debeb3462167f57 StaticDependenciesID=987acdffdaad699de8a6b377815fe381 
Asset Pipeline Refresh (id=79eda1e35deb319409288f53a9da9739): Total: 0.024 seconds - Initiated by StopAssetImportingV2(NoUpdateAssetOptions)
Importing 'GUID: 31b1be02c2fe68949b7fd09e62b75cb4 - Path: Assets/Sapphire/Art/World/SlimeKingdom/SeamlessV5/DirtEdge29.png' with importer (TextureImporter)
Imported 'GUID: 31b1be02c2fe68949b7fd09e62b75cb4' -> (Import Result ID: '7b32a5361b5b7d45409780b550461af7') in 0.009 seconds [static and dynamic dependencies]. Details - ImportResultOutputID=c438b253af518e9050352539c1e3cee9 DependenciesID=0ca01be5dcea0fd852e794f76fdf77a2 StaticDependenciesID=9c1350f654802d15f8a10a1dbd244d4b 
Asset Pipeline Refresh (id=eef098ea88d226d499d4bee2cc34b368): Total: 0.025 seconds - Initiated by StopAssetImportingV2(NoUpdateAssetOptions)
Importing 'GUID: e6f88644fec6a314aa1c2736f176f875 - Path: Assets/Sapphire/Art/World/SlimeKingdom/SeamlessV5/DirtEdge30.png' with importer (TextureImporter)
Imported 'GUID: e6f88644fec6a314aa1c2736f176f875' -> (Import Result ID: '8ab4837cfe5089c8f4db3888943c2f6f') in 0.009 seconds [static and dynamic dependencies]. Details - ImportResultOutputID=70187a7349db857692b7729c8703a358 DependenciesID=8775f407efe93f4a8d483784a4036909 StaticDependenciesID=ecbfb7c24858ecc840b99db4fec35ed5 
Asset Pipeline Refresh (id=c761890a691f42348b26e087f8529155): Total: 0.026 seconds - Initiated by StopAssetImportingV2(NoUpdateAssetOptions)
Importing 'GUID: 286315b45c81a624bb62f20c460af632 - Path: Assets/Sapphire/Art/World/SlimeKingdom/SeamlessV5/DirtEdge31.png' with importer (TextureImporter)
Imported 'GUID: 286315b45c81a624bb62f20c460af632' -> (Import Result ID: 'e199b48e03227451d389a5fb11ff7c2a') in 0.009 seconds [static and dynamic dependencies]. Details - ImportResultOutputID=78ee015e0e02162984a2cafc50a7c14e DependenciesID=ca99c308a9ea33759b4a9566ce5d5634 StaticDependenciesID=c50d62422b01af358181a486960ff679 
Asset Pipeline Refresh (id=3cc51517baeac944f9c8885fe9098311): Total: 0.024 seconds - Initiated by StopAssetImportingV2(NoUpdateAssetOptions)
Importing 'GUID: 4d12ad89aaca4b640b84730d88e63465 - Path: Assets/Sapphire/Art/World/SlimeKingdom/SeamlessV5/Water0.png' with importer (TextureImporter)
Imported 'GUID: 4d12ad89aaca4b640b84730d88e63465' -> (Import Result ID: '590d6d1fae1eff16397b2936ddaadad3') in 0.009 seconds [static and dynamic dependencies]. Details - ImportResultOutputID=21f259217d12e55cf1b71358fe5049d0 DependenciesID=268315c4b945700dd9b935bccca9a443 StaticDependenciesID=b8653a36d6723a8269e61146018e3a5f 
Asset Pipeline Refresh (id=c07297c19037ad346a806fc2e696be05): Total: 0.027 seconds - Initiated by StopAssetImportingV2(NoUpdateAssetOptions)
Importing 'GUID: c631a2bc4c393204da798476ee125b74 - Path: Assets/Sapphire/Art/World/SlimeKingdom/SeamlessV5/Water1.png' with importer (TextureImporter)
Imported 'GUID: c631a2bc4c393204da798476ee125b74' -> (Import Result ID: '3263fbe5a28a2dc0207f3bd4ec72a27b') in 0.009 seconds [static and dynamic dependencies]. Details - ImportResultOutputID=8352404868561ac93013e7b00da9062e DependenciesID=27801b334ba71f6bbb9948004e74f3b6 StaticDependenciesID=afcb1326f65cee2b8192c81c7ffdeae7 
Asset Pipeline Refresh (id=4d0cc503b1321b74d866b36a214fc515): Total: 0.027 seconds - Initiated by StopAssetImportingV2(NoUpdateAssetOptions)
Importing 'GUID: 26ae61aa7a1dbeb47994f707f3f45297 - Path: Assets/Sapphire/Art/World/SlimeKingdom/SeamlessV5/Water2.png' with importer (TextureImporter)
Imported 'GUID: 26ae61aa7a1dbeb47994f707f3f45297' -> (Import Result ID: 'c609cc2be55c4b74ab82d0d2e296e87f') in 0.008 seconds [static and dynamic dependencies]. Details - ImportResultOutputID=362f46efdf7392da625545cf4f374eb1 DependenciesID=608aeb5cfaeae2e3c65e1f19ea7101e0 StaticDependenciesID=d796063d1cf34e777e95acca5146fea9 
Asset Pipeline Refresh (id=f2a0954e51606cb439c6b27538aa6293): Total: 0.025 seconds - Initiated by StopAssetImportingV2(NoUpdateAssetOptions)
Importing 'GUID: f1b98754f01bb434f8336ab32a2b296a - Path: Assets/Sapphire/Art/World/SlimeKingdom/SeamlessV5/Water3.png' with importer (TextureImporter)
Imported 'GUID: f1b98754f01bb434f8336ab32a2b296a' -> (Import Result ID: '0ed9489c5ce0d912fdf4d97139a14085') in 0.009 seconds [static and dynamic dependencies]. Details - ImportResultOutputID=7a8293e00f17dacf6831a5f4bf66d329 DependenciesID=99e2ec2f76c83ef517eea83d0c7fd4a4 StaticDependenciesID=53cc749b4c55b8e43379f59956e57e45 
Asset Pipeline Refresh (id=5138f06cfcb6e8d48967a4d65cb490cf): Total: 0.026 seconds - Initiated by StopAssetImportingV2(NoUpdateAssetOptions)
Importing 'GUID: e6d2a8ccb1767424397763345f048bbe - Path: Assets/Sapphire/Art/World/SlimeKingdom/SeamlessV5/Forest0.png' with importer (TextureImporter)
Imported 'GUID: e6d2a8ccb1767424397763345f048bbe' -> (Import Result ID: '6f469d6b7845e87e57e50d92c73668ad') in 0.009 seconds [static and dynamic dependencies]. Details - ImportResultOutputID=e83263feb6621d99fa7f4cad1d7c1c25 DependenciesID=1b663f39cf182adf59101533600aef9d StaticDependenciesID=9af108c4c2bf45b28bf054c0f1e42ebb 
Asset Pipeline Refresh (id=c852aa3cf29ac2e4ea38471c38bce996): Total: 0.027 seconds - Initiated by StopAssetImportingV2(NoUpdateAssetOptions)
Importing 'GUID: 078f1198dd2463640b9dc7ae95fb4928 - Path: Assets/Sapphire/Art/World/SlimeKingdom/SeamlessV5/Forest1.png' with importer (TextureImporter)
Imported 'GUID: 078f1198dd2463640b9dc7ae95fb4928' -> (Import Result ID: 'd7083c0d43f4f03f0580a9ab61cf2809') in 0.008 seconds [static and dynamic dependencies]. Details - ImportResultOutputID=34c759e655441a86fb3f64dc5b93abe0 DependenciesID=8f82c5acb8250dc6854af8b066caa449 StaticDependenciesID=4029fbfb63a8326985e55028c42788f4 
Asset Pipeline Refresh (id=307c53a50801f8d46b1e9f8405609375): Total: 0.026 seconds - Initiated by StopAssetImportingV2(NoUpdateAssetOptions)
Importing 'GUID: a19615c222d5a0941933b927a52cf2ec - Path: Assets/Sapphire/Art/World/SlimeKingdom/SeamlessV5/Forest2.png' with importer (TextureImporter)
Imported 'GUID: a19615c222d5a0941933b927a52cf2ec' -> (Import Result ID: '11407a1c2f6b06e98ee90293bdebd4df') in 0.008 seconds [static and dynamic dependencies]. Details - ImportResultOutputID=1678690b1a0890b1169753c81fd4b144 DependenciesID=8350b3d024b3ddb497b25b2dd96140de StaticDependenciesID=250bb4cab4853b5c030eb0245c200827 
Asset Pipeline Refresh (id=db9c709b395d02048af85a9df0b7ae96): Total: 0.024 seconds - Initiated by StopAssetImportingV2(NoUpdateAssetOptions)
Importing 'GUID: bae428cabff39174f988d4f14d52d22a - Path: Assets/Sapphire/Art/World/SlimeKingdom/SeamlessV5/Forest3.png' with importer (TextureImporter)
Imported 'GUID: bae428cabff39174f988d4f14d52d22a' -> (Import Result ID: '7bfd6e553cab867d01e1881ff2892cf2') in 0.008 seconds [static and dynamic dependencies]. Details - ImportResultOutputID=c444c99ef082b33b9140bfb66537b476 DependenciesID=2bbe4f13afd528edd868818a3cc675c7 StaticDependenciesID=774cd0d789d67c5fd233437723a59a50 
Asset Pipeline Refresh (id=b12ef7d586c1bea48b91dabbee97bf6c): Total: 0.024 seconds - Initiated by StopAssetImportingV2(NoUpdateAssetOptions)
Importing 'GUID: 59417ae41dc4512428323c681e09deb5 - Path: Assets/Sapphire/Art/World/SlimeKingdom/SeamlessV5/Cliff0.png' with importer (TextureImporter)
Imported 'GUID: 59417ae41dc4512428323c681e09deb5' -> (Import Result ID: '0f369bd85da8eaadd5cf95c1348abe6e') in 0.007 seconds [static and dynamic dependencies]. Details - ImportResultOutputID=c2b4661931891cc99b6359374921c55c DependenciesID=bba21f58b44f59d0d32e3a94e3654864 StaticDependenciesID=b12009c9b19d025c81e3df3707339910 
Asset Pipeline Refresh (id=311eb4426c6cd874cbfea698ca785b75): Total: 0.024 seconds - Initiated by StopAssetImportingV2(NoUpdateAssetOptions)
Importing 'GUID: 1ab73a1dca88d4449b03661f45b46c53 - Path: Assets/Sapphire/Art/World/SlimeKingdom/SeamlessV5/Cliff1.png' with importer (TextureImporter)
Imported 'GUID: 1ab73a1dca88d4449b03661f45b46c53' -> (Import Result ID: 'd777eeabfdf09ccd6e58b59a714717bd') in 0.008 seconds [static and dynamic dependencies]. Details - ImportResultOutputID=1e7727aaf0bbe05f7befc30296e85174 DependenciesID=1c50bc1e2f001c5cb9b9841f13f5feab StaticDependenciesID=bb9ca126f3ab582178c7a160d61eedf7 
Asset Pipeline Refresh (id=233898f666db51244b93480ee4561ae8): Total: 0.023 seconds - Initiated by StopAssetImportingV2(NoUpdateAssetOptions)
Importing 'GUID: 4b2f94b4a6b044945be603b5561a9d67 - Path: Assets/Sapphire/Art/World/SlimeKingdom/SeamlessV5/Cliff2.png' with importer (TextureImporter)
Imported 'GUID: 4b2f94b4a6b044945be603b5561a9d67' -> (Import Result ID: 'f676b3526690289ab6c7ce0189411563') in 0.009 seconds [static and dynamic dependencies]. Details - ImportResultOutputID=3f0810e6066735100642ae376277e597 DependenciesID=7333a51b6d26ef1800976868890319b7 StaticDependenciesID=8e4b07a3e0abb5858c8f7fecc947bd9d 
Asset Pipeline Refresh (id=4116d26579c4a2b41a4139dfd5b4d3e3): Total: 0.031 seconds - Initiated by StopAssetImportingV2(NoUpdateAssetOptions)
Importing 'GUID: cc3e0691005f38b4abb55d6d3bb28314 - Path: Assets/Sapphire/Art/World/SlimeKingdom/SeamlessV5/Cliff3.png' with importer (TextureImporter)
Imported 'GUID: cc3e0691005f38b4abb55d6d3bb28314' -> (Import Result ID: '3e3cf888685be2dae3dfd33f6cdf96df') in 0.007 seconds [static and dynamic dependencies]. Details - ImportResultOutputID=8d4fb5555772f3a7308d8fa44a32f519 DependenciesID=1be1588cd59100413328453455353303 StaticDependenciesID=63ff0600da19b4f853aa6b7018b9f023 
Asset Pipeline Refresh (id=f1e246a59eafd4143b385b5536efb1c5): Total: 0.027 seconds - Initiated by StopAssetImportingV2(NoUpdateAssetOptions)
Importing 'GUID: 6cc80172ad137ac458542382c398548b - Path: Assets/Sapphire/Art/World/SlimeKingdom/SeamlessV5/Shore0.png' with importer (TextureImporter)
Imported 'GUID: 6cc80172ad137ac458542382c398548b' -> (Import Result ID: 'c48ff704fa1ae8822d462c148ada37be') in 0.009 seconds [static and dynamic dependencies]. Details - ImportResultOutputID=6fd4f27cfb32373e55dd4287528c56d6 DependenciesID=2e355337070e7f3b8f94f3815b8d43fa StaticDependenciesID=d9ab78e9a6eb7c72dd2c80a490feeebc 
Asset Pipeline Refresh (id=faabe8f2d05949648b6054ac1c48a89b): Total: 0.024 seconds - Initiated by StopAssetImportingV2(NoUpdateAssetOptions)
Importing 'GUID: a6c3581a9d32baa44b12687186fbb8a8 - Path: Assets/Sapphire/Art/World/SlimeKingdom/SeamlessV5/Shore1.png' with importer (TextureImporter)
Imported 'GUID: a6c3581a9d32baa44b12687186fbb8a8' -> (Import Result ID: '4fcfdf07598ab2d008b166497da04c56') in 0.010 seconds [static and dynamic dependencies]. Details - ImportResultOutputID=0671e1814741ea0dbc51258b2b63d70f DependenciesID=fff9005507f8844399dd66f8c3659e8a StaticDependenciesID=2c14637630e0241319dac32adc9a4c35 
Asset Pipeline Refresh (id=98e81d802dc5bb141b7fbce7e9a959a7): Total: 0.027 seconds - Initiated by StopAssetImportingV2(NoUpdateAssetOptions)
Importing 'GUID: 40161982ffa8f13409bba7896a866206 - Path: Assets/Sapphire/Art/World/SlimeKingdom/SeamlessV5/Shore2.png' with importer (TextureImporter)
Imported 'GUID: 40161982ffa8f13409bba7896a866206' -> (Import Result ID: 'f360cd7a0913dfee07c2900f66b7050c') in 0.009 seconds [static and dynamic dependencies]. Details - ImportResultOutputID=d7d1342c6398aed3549fbc28a221aa47 DependenciesID=c3cb39997d4abec1e48d944e8e6bac24 StaticDependenciesID=d3d04a9e3869fefb87c597126190cf71 
Asset Pipeline Refresh (id=59e424434b431044881005e17de0ef7c): Total: 0.027 seconds - Initiated by StopAssetImportingV2(NoUpdateAssetOptions)
Importing 'GUID: 7edabf98bb95e994d900cb9679e80353 - Path: Assets/Sapphire/Art/World/SlimeKingdom/SeamlessV5/Shore3.png' with importer (TextureImporter)
Imported 'GUID: 7edabf98bb95e994d900cb9679e80353' -> (Import Result ID: '18d6333ac65550d039a1d5b22bc8c883') in 0.009 seconds [static and dynamic dependencies]. Details - ImportResultOutputID=d88cb188ea261a30c2992f109a760208 DependenciesID=ae396461f1b8884b93e4c88f6673f12c StaticDependenciesID=fc660f359eeb482bd39620b7fcf2c196 
Asset Pipeline Refresh (id=e697bd6be431f724db5dc38bc074b14c): Total: 0.026 seconds - Initiated by StopAssetImportingV2(NoUpdateAssetOptions)
Importing 'GUID: a4e0f9097a0d6d34e9ce91232e749dcc - Path: Assets/Sapphire/Art/World/SlimeKingdom/SeamlessV5/Shore4.png' with importer (TextureImporter)
Imported 'GUID: a4e0f9097a0d6d34e9ce91232e749dcc' -> (Import Result ID: '87a19a0dcc4e9c94b365504045981257') in 0.009 seconds [static and dynamic dependencies]. Details - ImportResultOutputID=785d7080b490cc982e73250bcb4a2265 DependenciesID=0c523f3d40e85f81da620688e1036cd2 StaticDependenciesID=606e298d76663c71368373a1922e1ed1 
Asset Pipeline Refresh (id=78afbbbfa5677c64681e0ce9d7b59ff7): Total: 0.024 seconds - Initiated by StopAssetImportingV2(NoUpdateAssetOptions)
Importing 'GUID: af6b86ae4adb8124482d90ee68d2baa0 - Path: Assets/Sapphire/Art/World/SlimeKingdom/SeamlessV5/Shore5.png' with importer (TextureImporter)
Imported 'GUID: af6b86ae4adb8124482d90ee68d2baa0' -> (Import Result ID: 'fe653a95246eb066c1bc9e7ca0769242') in 0.009 seconds [static and dynamic dependencies]. Details - ImportResultOutputID=e60c9590d6821d61fad7551a0746d998 DependenciesID=4aa8ddd0930dba2344aedffa803cc61a StaticDependenciesID=18070b8df859b12307d089a47c264d85 
Asset Pipeline Refresh (id=2f0728d7ac8706845916e2ebb8a8eaca): Total: 0.026 seconds - Initiated by StopAssetImportingV2(NoUpdateAssetOptions)
Importing 'GUID: 2d4b0c92135af9a4591034d4e4664127 - Path: Assets/Sapphire/Art/World/SlimeKingdom/SeamlessV5/Shore6.png' with importer (TextureImporter)
Imported 'GUID: 2d4b0c92135af9a4591034d4e4664127' -> (Import Result ID: 'a520fadf0cc5addbb2af7eb77f535bdd') in 0.009 seconds [static and dynamic dependencies]. Details - ImportResultOutputID=4dd2539021425913eba10fc57070c758 DependenciesID=8ee0f05cdd28d155b0320b5af90e34f0 StaticDependenciesID=2ce7b7e5cdaf6ee9fbbc73a85dc74669 
Asset Pipeline Refresh (id=4651642814ac3674aaac7b4f5a1a682d): Total: 0.025 seconds - Initiated by StopAssetImportingV2(NoUpdateAssetOptions)
Importing 'GUID: 61535ffec3723564799f8a3339a0d6d5 - Path: Assets/Sapphire/Art/World/SlimeKingdom/SeamlessV5/Shore7.png' with importer (TextureImporter)
Imported 'GUID: 61535ffec3723564799f8a3339a0d6d5' -> (Import Result ID: 'f2b484027089a7282455121669ee7483') in 0.009 seconds [static and dynamic dependencies]. Details - ImportResultOutputID=de14a06036a07fc98201fb60ce2778f5 DependenciesID=c91cd4161e4bc0fabb98fd0deeffe10d StaticDependenciesID=eca43d9fcabacf51354aeb51e34f406a 
Asset Pipeline Refresh (id=2888b13b39c1bb441b48c7c318be89b1): Total: 0.024 seconds - Initiated by StopAssetImportingV2(NoUpdateAssetOptions)
Importing 'GUID: 2404748d9928d5b4599b49a9370d17e4 - Path: Assets/Sapphire/Art/World/SlimeKingdom/SeamlessV5/Shore8.png' with importer (TextureImporter)
Imported 'GUID: 2404748d9928d5b4599b49a9370d17e4' -> (Import Result ID: 'd1ae52350ceaed7b8b4951c390cddc7a') in 0.008 seconds [static and dynamic dependencies]. Details - ImportResultOutputID=ca628e68b5e78e7d0f569d0442ae480c DependenciesID=57fa8e4edcd5752064d19bbe0909cb3a StaticDependenciesID=9fcca04ecbaad862e82ea8584d5f875f 
Asset Pipeline Refresh (id=351f732dc414fda41aeccf9f740d7f5c): Total: 0.024 seconds - Initiated by StopAssetImportingV2(NoUpdateAssetOptions)
Importing 'GUID: c04b858f68c00cd40a9b23abb4f46e75 - Path: Assets/Sapphire/Art/World/SlimeKingdom/SeamlessV5/Shore9.png' with importer (TextureImporter)
Imported 'GUID: c04b858f68c00cd40a9b23abb4f46e75' -> (Import Result ID: 'dc4547a3ed00b8154fa840f872c0e7f2') in 0.008 seconds [static and dynamic dependencies]. Details - ImportResultOutputID=3af5fca1734cb17b0c49eaf883687f6f DependenciesID=317174bd72f0edd2dd83a46744085885 StaticDependenciesID=4797aee7723643fdd7fbd94b82378400 
Asset Pipeline Refresh (id=bb48de34585b36642a403c36c7b1bacd): Total: 0.024 seconds - Initiated by StopAssetImportingV2(NoUpdateAssetOptions)
Importing 'GUID: 3cedf06210b29fb4cb6da26c5b8b98c1 - Path: Assets/Sapphire/Art/World/SlimeKingdom/SeamlessV5/Shore10.png' with importer (TextureImporter)
Imported 'GUID: 3cedf06210b29fb4cb6da26c5b8b98c1' -> (Import Result ID: 'c4a1967b87e0bfc807bfe6ecb5abfc37') in 0.009 seconds [static and dynamic dependencies]. Details - ImportResultOutputID=64f3f036ce5b73075b9862c827e3f957 DependenciesID=1061648cf44329132fc1a873edba5b59 StaticDependenciesID=968181fecfc54941bc50e068efc701b6 
Asset Pipeline Refresh (id=4f179d5e0d78c4e4f94da9b5170e1202): Total: 0.026 seconds - Initiated by StopAssetImportingV2(NoUpdateAssetOptions)
Importing 'GUID: e45a4d0d7a398e94aa75c30417c6f476 - Path: Assets/Sapphire/Art/World/SlimeKingdom/SeamlessV5/Shore11.png' with importer (TextureImporter)
Imported 'GUID: e45a4d0d7a398e94aa75c30417c6f476' -> (Import Result ID: 'e9be69df8c40ee8dca009d4a2c51f1ab') in 0.009 seconds [static and dynamic dependencies]. Details - ImportResultOutputID=3a159d4d74864827d8c9c06e4f086f48 DependenciesID=da5a7cf9f55c6b11a823c66eba819c44 StaticDependenciesID=fc77c848ddc6363ece94a6c36d5e9e9e 
Asset Pipeline Refresh (id=b9d04ace7e6985249b8b1404b0489835): Total: 0.025 seconds - Initiated by StopAssetImportingV2(NoUpdateAssetOptions)
Importing 'GUID: 49a0de84e141b014d996e2602cab679a - Path: Assets/Sapphire/Art/World/SlimeKingdom/SeamlessV5/Shore12.png' with importer (TextureImporter)
Imported 'GUID: 49a0de84e141b014d996e2602cab679a' -> (Import Result ID: 'e78efb8f1f8aa8ab9b857e266ddcf199') in 0.009 seconds [static and dynamic dependencies]. Details - ImportResultOutputID=38104ca10e100376c28ae36367cafa14 DependenciesID=30a8f7cc57a7563fbc564f9bd5189c05 StaticDependenciesID=cf7e9d8f0f99dfcba735fd82270e2027 
Asset Pipeline Refresh (id=38de25c0c39c91446809a4acf4f6c3eb): Total: 0.024 seconds - Initiated by StopAssetImportingV2(NoUpdateAssetOptions)
Importing 'GUID: 6a0b93922b1e62b4f896744097f549b0 - Path: Assets/Sapphire/Art/World/SlimeKingdom/SeamlessV5/Shore13.png' with importer (TextureImporter)
Imported 'GUID: 6a0b93922b1e62b4f896744097f549b0' -> (Import Result ID: '96a3d6a69650831893e91baeb7efce63') in 0.009 seconds [static and dynamic dependencies]. Details - ImportResultOutputID=5f90c81aca3ec3e469afdf48631470ef DependenciesID=b2f01eef26e6e2551d372c99ddf6eab0 StaticDependenciesID=218d5c320f4b5520ddd6da8d02a57d66 
Asset Pipeline Refresh (id=2083738aebff6844385face07017daf3): Total: 0.025 seconds - Initiated by StopAssetImportingV2(NoUpdateAssetOptions)
Importing 'GUID: c6eee1c6bd6d26c4da3d5c86e1514d0f - Path: Assets/Sapphire/Art/World/SlimeKingdom/SeamlessV5/Shore14.png' with importer (TextureImporter)
Imported 'GUID: c6eee1c6bd6d26c4da3d5c86e1514d0f' -> (Import Result ID: '83df65d43e7e0351ef40503e826f4328') in 0.009 seconds [static and dynamic dependencies]. Details - ImportResultOutputID=b9376c301bed3366c93661a5d5aa4fd0 DependenciesID=689b9d2f4283c7ab7d6f1ba7886271bd StaticDependenciesID=77addb6a83142b459e0242c8a3540dff 
Asset Pipeline Refresh (id=5421f4305549c014499f78338f96fbc5): Total: 0.025 seconds - Initiated by StopAssetImportingV2(NoUpdateAssetOptions)
Importing 'GUID: e67cc14bc57bf364cb37cce49da1175a - Path: Assets/Sapphire/Art/World/SlimeKingdom/SeamlessV5/Shore15.png' with importer (TextureImporter)
Imported 'GUID: e67cc14bc57bf364cb37cce49da1175a' -> (Import Result ID: '193502e9499c80425a6cdfa0114e84d5') in 0.009 seconds [static and dynamic dependencies]. Details - ImportResultOutputID=ea7de13cc404a0d671e0c74c2fb15345 DependenciesID=e12bd6479fb76a08764264102b348efd StaticDependenciesID=098645f4828a6283f831f33f27d3d010 
Asset Pipeline Refresh (id=3533a05fa62b60e489150dab152ab855): Total: 0.025 seconds - Initiated by StopAssetImportingV2(NoUpdateAssetOptions)
Importing 'GUID: 2180e65d8a33eca4b910ce2f725187b1 - Path: Assets/Sapphire/Art/World/SlimeKingdom/SeamlessV5/Shore16.png' with importer (TextureImporter)
Imported 'GUID: 2180e65d8a33eca4b910ce2f725187b1' -> (Import Result ID: '392b3a3f6463749834013e8fcc08467b') in 0.009 seconds [static and dynamic dependencies]. Details - ImportResultOutputID=88ad5012a97d6beecf6c8c6ff9fefa58 DependenciesID=a6afdf63ea1bb7134e361d9c8516b423 StaticDependenciesID=9e109022870c7a30e3001f83a0120753 
Asset Pipeline Refresh (id=18b21e62bae9fc24bbf914b4f7e9aacf): Total: 0.025 seconds - Initiated by StopAssetImportingV2(NoUpdateAssetOptions)
Importing 'GUID: 270ebd46978c9ba4b8a69d8ee0162509 - Path: Assets/Sapphire/Art/World/SlimeKingdom/SeamlessV5/Shore17.png' with importer (TextureImporter)
Imported 'GUID: 270ebd46978c9ba4b8a69d8ee0162509' -> (Import Result ID: 'b648186da535ed229dda2816d0f73f0b') in 0.010 seconds [static and dynamic dependencies]. Details - ImportResultOutputID=fd258b361675a76005dd37b16b356c30 DependenciesID=7b447d81785bcd5c0c4523ffc33e2b0f StaticDependenciesID=a2b11db5f4eeb606eec1e871489d810f 
Asset Pipeline Refresh (id=e210b8078b490ee44b5992d55cd1bfa9): Total: 0.027 seconds - Initiated by StopAssetImportingV2(NoUpdateAssetOptions)
Importing 'GUID: 9726a1d123b36fa45b711af5ae468bcc - Path: Assets/Sapphire/Art/World/SlimeKingdom/SeamlessV5/Shore18.png' with importer (TextureImporter)
Imported 'GUID: 9726a1d123b36fa45b711af5ae468bcc' -> (Import Result ID: '69c06dc1fa651783fdcb781359164388') in 0.011 seconds [static and dynamic dependencies]. Details - ImportResultOutputID=3fb3e13128fe3711fbcff52e9462bcd8 DependenciesID=22ae86588ca5d83e0fefb4afb777b9ea StaticDependenciesID=0de1cc901dfb44e098915d7ae541a480 
Asset Pipeline Refresh (id=4ea1414f08dbc0a439d0be63658d0102): Total: 0.027 seconds - Initiated by StopAssetImportingV2(NoUpdateAssetOptions)
Importing 'GUID: 3e04582ff9650e94495c3feb9a884d96 - Path: Assets/Sapphire/Art/World/SlimeKingdom/SeamlessV5/Shore19.png' with importer (TextureImporter)
Imported 'GUID: 3e04582ff9650e94495c3feb9a884d96' -> (Import Result ID: '3ef77787d4493a7210f93e51a85dbdb8') in 0.009 seconds [static and dynamic dependencies]. Details - ImportResultOutputID=1cffaa024377d8a600f85815e2535c3f DependenciesID=db62232ab0da449c44cd73d921c1ea55 StaticDependenciesID=16629993aa3545fe5162485802409a5c 
Asset Pipeline Refresh (id=d5dca37fbc84758439fa0a8cd7319012): Total: 0.025 seconds - Initiated by StopAssetImportingV2(NoUpdateAssetOptions)
Importing 'GUID: 0b4b5fed4d3ec9e4b97d6ad2ee656687 - Path: Assets/Sapphire/Art/World/SlimeKingdom/SeamlessV5/Shore20.png' with importer (TextureImporter)
Imported 'GUID: 0b4b5fed4d3ec9e4b97d6ad2ee656687' -> (Import Result ID: 'b82d2cc284cf8dd8435406ed7e0bad4e') in 0.009 seconds [static and dynamic dependencies]. Details - ImportResultOutputID=4110e1e9a0d992284442cb46191e0db7 DependenciesID=8431d5fd55edd0fee0df8f066137e4ae StaticDependenciesID=3587938b2512c9825d8d35a3845cf9c2 
Asset Pipeline Refresh (id=5dc690841a6606a4da98654701314d67): Total: 0.026 seconds - Initiated by StopAssetImportingV2(NoUpdateAssetOptions)
Importing 'GUID: 562d76099cef4784db88da3d1a0a8c3d - Path: Assets/Sapphire/Art/World/SlimeKingdom/SeamlessV5/Shore21.png' with importer (TextureImporter)
Imported 'GUID: 562d76099cef4784db88da3d1a0a8c3d' -> (Import Result ID: 'ae791631ff7185fceb8ff009e57beac6') in 0.011 seconds [static and dynamic dependencies]. Details - ImportResultOutputID=594e3ff84e9be4c017b50c502e299835 DependenciesID=8979c1e1a84845b2aa239e03f78cf765 StaticDependenciesID=b22d79670b04503b282d379e493b862f 
Asset Pipeline Refresh (id=7f775dd2290e09d4696159ba8d36ed59): Total: 0.027 seconds - Initiated by StopAssetImportingV2(NoUpdateAssetOptions)
Importing 'GUID: ffdc458878439524db05d6f4a516d654 - Path: Assets/Sapphire/Art/World/SlimeKingdom/SeamlessV5/Shore22.png' with importer (TextureImporter)
Imported 'GUID: ffdc458878439524db05d6f4a516d654' -> (Import Result ID: '82eec5137de5f9f6317df2b201432e5c') in 0.012 seconds [static and dynamic dependencies]. Details - ImportResultOutputID=343b246e214f0f712b55bc4f707bee37 DependenciesID=c3ad0c2902ea3fe2698d22fb758aa425 StaticDependenciesID=9e47bb8d1f4e67180b9323a7d76967bf 
Asset Pipeline Refresh (id=bd5103ea03415094cb222ea0b01bdf91): Total: 0.035 seconds - Initiated by StopAssetImportingV2(NoUpdateAssetOptions)
Importing 'GUID: b25faf47492997346b26528d6f5c4a90 - Path: Assets/Sapphire/Art/World/SlimeKingdom/SeamlessV5/Shore23.png' with importer (TextureImporter)
Imported 'GUID: b25faf47492997346b26528d6f5c4a90' -> (Import Result ID: '66bc62cadd00256248110d37ba2a7be9') in 0.013 seconds [static and dynamic dependencies]. Details - ImportResultOutputID=18b49b087ba3889c697f10871b84155f DependenciesID=fb97a27deb9bdeef7b75a0780519f077 StaticDependenciesID=9cff74e27a4aa1429a93a8a3c048f099 
Asset Pipeline Refresh (id=18a109b340adf2849a7b9fca6d89539c): Total: 0.041 seconds - Initiated by StopAssetImportingV2(NoUpdateAssetOptions)
Importing 'GUID: 84cb6831265e23d40bb66ab145924efb - Path: Assets/Sapphire/Art/World/SlimeKingdom/SeamlessV5/Shore24.png' with importer (TextureImporter)
Imported 'GUID: 84cb6831265e23d40bb66ab145924efb' -> (Import Result ID: 'b6b60c341ddd3999ea86c86eeca102b9') in 0.010 seconds [static and dynamic dependencies]. Details - ImportResultOutputID=44038e12a05bfb53008d8970f31892c9 DependenciesID=4332284be70b4624804336eb9c854833 StaticDependenciesID=5d1aa2ec2bab8d4f29e83df4547651d7 
Asset Pipeline Refresh (id=c6e3168908446d54aa9cd561b7ebb246): Total: 0.024 seconds - Initiated by StopAssetImportingV2(NoUpdateAssetOptions)
Importing 'GUID: d29235e9b8db85f4abc4724229ab3914 - Path: Assets/Sapphire/Art/World/SlimeKingdom/SeamlessV5/Shore25.png' with importer (TextureImporter)
Imported 'GUID: d29235e9b8db85f4abc4724229ab3914' -> (Import Result ID: 'b9a3361c94f442bf74121e2d3a54329b') in 0.009 seconds [static and dynamic dependencies]. Details - ImportResultOutputID=55035a0fe091dd5cdd230f80271acde9 DependenciesID=1eb5473bf911b02c155e2a6cb3b77fdf StaticDependenciesID=8d7a126206ab7a8c5a865fa37901a4cc 
Asset Pipeline Refresh (id=d1fec1b1dda7da942a6d5d4c032b9836): Total: 0.025 seconds - Initiated by StopAssetImportingV2(NoUpdateAssetOptions)
Importing 'GUID: de32766a88803324cb530d972d5de871 - Path: Assets/Sapphire/Art/World/SlimeKingdom/SeamlessV5/Shore26.png' with importer (TextureImporter)
Imported 'GUID: de32766a88803324cb530d972d5de871' -> (Import Result ID: 'ee5800102ad8a22be80f88ec00675b6b') in 0.009 seconds [static and dynamic dependencies]. Details - ImportResultOutputID=866c5fad498874769a70a0b0283e5aee DependenciesID=2627886f4e83f6a3149ec0d4ef0b0e8c StaticDependenciesID=a7a3361cbaf7780e726df65b0a572e0b 
Asset Pipeline Refresh (id=de8637d66cdaa0c488a6542e1d611065): Total: 0.025 seconds - Initiated by StopAssetImportingV2(NoUpdateAssetOptions)
Importing 'GUID: da9ff557ce889554e8b9cf9505037d3a - Path: Assets/Sapphire/Art/World/SlimeKingdom/SeamlessV5/Shore27.png' with importer (TextureImporter)
Imported 'GUID: da9ff557ce889554e8b9cf9505037d3a' -> (Import Result ID: '6cbc1e301dabae4e9ebc9f9e8800191c') in 0.009 seconds [static and dynamic dependencies]. Details - ImportResultOutputID=8bdff5b2e62c1e4ed8c7407c667a2588 DependenciesID=dc4f678c4edcd35da18b054e6f38af73 StaticDependenciesID=9acedb74716b17b1e2f50ea8ec5a1228 
Asset Pipeline Refresh (id=259573d958e27ca4ead8afa30fdf7122): Total: 0.025 seconds - Initiated by StopAssetImportingV2(NoUpdateAssetOptions)
Importing 'GUID: 21c679827c57eda488d061816cda9bdb - Path: Assets/Sapphire/Art/World/SlimeKingdom/SeamlessV5/Shore28.png' with importer (TextureImporter)
Imported 'GUID: 21c679827c57eda488d061816cda9bdb' -> (Import Result ID: '94bddafe6d7778394823d7d01627ccd5') in 0.009 seconds [static and dynamic dependencies]. Details - ImportResultOutputID=c6842642f8b1015ec2f1131b1d719b78 DependenciesID=f99079c70317f58eb5b4cda0eff9cf10 StaticDependenciesID=6d2509b57ccf8c3086c115374efab652 
Asset Pipeline Refresh (id=0fcd43bf03626be43a50e0c832a0d183): Total: 0.025 seconds - Initiated by StopAssetImportingV2(NoUpdateAssetOptions)
Importing 'GUID: fea444d53b8836f4e9c4866713a9610c - Path: Assets/Sapphire/Art/World/SlimeKingdom/SeamlessV5/Shore29.png' with importer (TextureImporter)
Imported 'GUID: fea444d53b8836f4e9c4866713a9610c' -> (Import Result ID: 'ebe015bc6f0392beabbf726f55b1d562') in 0.011 seconds [static and dynamic dependencies]. Details - ImportResultOutputID=94423e7da4434d9f38a094c0e867df2c DependenciesID=08e7b5580796790e6aa0695e0a5ee30b StaticDependenciesID=20368bac17c2bccff4ebaf13bfe48a6b 
Asset Pipeline Refresh (id=15334ff984b21984cacf97f6d5de6815): Total: 0.027 seconds - Initiated by StopAssetImportingV2(NoUpdateAssetOptions)
Importing 'GUID: e392b32fb06eb23479ab907f982fbe35 - Path: Assets/Sapphire/Art/World/SlimeKingdom/SeamlessV5/Shore30.png' with importer (TextureImporter)
Imported 'GUID: e392b32fb06eb23479ab907f982fbe35' -> (Import Result ID: 'a37a1ba559cea6769df0b39d06a7ad99') in 0.010 seconds [static and dynamic dependencies]. Details - ImportResultOutputID=e022154248c9137a4b904c7142504846 DependenciesID=c751fbca7c73ec68c77a7518ecb1fd95 StaticDependenciesID=4f692b43a547e81237013cc71f0afd86 
Asset Pipeline Refresh (id=0f069f21f6512654bbaff638d872d43c): Total: 0.025 seconds - Initiated by StopAssetImportingV2(NoUpdateAssetOptions)
Importing 'GUID: 6661b524243edc5438966604e7ee578e - Path: Assets/Sapphire/Art/World/SlimeKingdom/SeamlessV5/Shore31.png' with importer (TextureImporter)
Imported 'GUID: 6661b524243edc5438966604e7ee578e' -> (Import Result ID: '876a2293428186358734303dc35cabb4') in 0.010 seconds [static and dynamic dependencies]. Details - ImportResultOutputID=16649e2bea672082053c61a069c1327c DependenciesID=f1324b664039e67e0320a9dc0912bcd0 StaticDependenciesID=7b92ca0814c17ca8e5f1fb1d76ce1631 
Asset Pipeline Refresh (id=69b2e514e706d00478b83d220f79b8fa): Total: 0.029 seconds - Initiated by StopAssetImportingV2(NoUpdateAssetOptions)
Importing 'GUID: 21072615370e2b74d856875bc8300e6f - Path: Assets/Sapphire/Art/World/SlimeKingdom/AutumnTree.png' with importer (TextureImporter)
Imported 'GUID: 21072615370e2b74d856875bc8300e6f' -> (Import Result ID: '2a53d126a03e45ce760bbeb954b5c6a9') in 0.024 seconds [static and dynamic dependencies]. Details - ImportResultOutputID=96284a84482cfa2f9ec3347926eb5460 DependenciesID=1e0b95577edb1ee7a26ee536ec7a9e26 StaticDependenciesID=71d5251c4ee191e00447f9c80b316f23 
Asset Pipeline Refresh (id=0ef4102f0a3646948b24bae607f2a474): Total: 0.042 seconds - Initiated by StopAssetImportingV2(NoUpdateAssetOptions)
Importing 'GUID: 6e54b78ec81e54540a09ccf506dcfcf3 - Path: Assets/Sapphire/Art/MageTopdownGridSheet.png' with importer (TextureImporter)
Imported 'GUID: 6e54b78ec81e54540a09ccf506dcfcf3' -> (Import Result ID: 'bb3963c476893cea880785532dd073ce') in 0.134 seconds [static and dynamic dependencies]. Details - ImportResultOutputID=b9436a54baa9c78babc89a1c0fb4bf65 DependenciesID=acc74b8776fa51c77bdfc95df47ab487 StaticDependenciesID=280c146b9e9367e1368a3ced897dcac8 
Asset Pipeline Refresh (id=284036106b019ed43852dc5604ee98cf): Total: 0.165 seconds - Initiated by StopAssetImportingV2(NoUpdateAssetOptions)
Importing 'GUID: 2c6e14ac589217b4cac2e947b013f2c4 - Path: Assets/Sapphire/Art/MageAttackGridSheet.png' with importer (TextureImporter)
Imported 'GUID: 2c6e14ac589217b4cac2e947b013f2c4' -> (Import Result ID: '9c9e3f06a9ec226744997e227cb9733b') in 0.132 seconds [static and dynamic dependencies]. Details - ImportResultOutputID=8626b64ed628ebb4db9d4f36904c1b17 DependenciesID=1ccefa3552c88ef34643d890a8caa33b StaticDependenciesID=9ea733cff4cd877e4d0e2476938038df 
Asset Pipeline Refresh (id=753069cf8c0bccb4c8a5de9b80f4b2f6): Total: 0.171 seconds - Initiated by StopAssetImportingV2(NoUpdateAssetOptions)
Importing 'GUID: d97453d562340f248ba410019b2e0c79 - Path: Assets/Sapphire/Art/UI/MessagePanelFrameGold.png' with importer (TextureImporter)
Imported 'GUID: d97453d562340f248ba410019b2e0c79' -> (Import Result ID: 'e7d0eb53ee14af956e32feb91f4fa1c6') in 0.010 seconds [static and dynamic dependencies]. Details - ImportResultOutputID=fc5d5736b4d8ed1c321e4dcef7d4f11e DependenciesID=c6d368bbbff3b2293d3cad3d61615049 StaticDependenciesID=602933a88bfc3e7c04f87b12d4445efc 
Asset Pipeline Refresh (id=ae32c4f23731da6408385e2667e08455): Total: 0.033 seconds - Initiated by StopAssetImportingV2(NoUpdateAssetOptions)
Importing 'GUID: 6ec2c65bb7fb72f409324fce3313176b - Path: Assets/Sapphire/Art/UI/MenuButtonGold.png' with importer (TextureImporter)
Imported 'GUID: 6ec2c65bb7fb72f409324fce3313176b' -> (Import Result ID: 'bb634f4e3c04be1f1e43358da23b128b') in 0.004 seconds [static and dynamic dependencies]. Details - ImportResultOutputID=d03c1fce7c96135ddf33296d3534dc4b DependenciesID=d997a006f7f439a7c69f776a64f4d9f1 StaticDependenciesID=0abcadcb8a038eb983011e7f7bcac16d 
Asset Pipeline Refresh (id=bd59bb377e71549429db86288ec8d103): Total: 0.025 seconds - Initiated by StopAssetImportingV2(NoUpdateAssetOptions)
Importing 'GUID: aae42f796a6d7f24ead776da052249a2 - Path: Assets/Sapphire/Art/UI/SkillButtonFrameGold.png' with importer (TextureImporter)
Imported 'GUID: aae42f796a6d7f24ead776da052249a2' -> (Import Result ID: 'db081e8e1bb2273b25bc76943c1e687e') in 0.016 seconds [static and dynamic dependencies]. Details - ImportResultOutputID=60107bb77ba9a5058b9fabad6d9e089d DependenciesID=d4628c0f6cff636503121f61a92f914d StaticDependenciesID=a6c68d077590c5fc5ad44998c40530a2 
Asset Pipeline Refresh (id=6679a5bfcb4e4df4b8e02970937307c8): Total: 0.041 seconds - Initiated by StopAssetImportingV2(NoUpdateAssetOptions)
Importing 'GUID: 159fa0a071ee3a349adafc8f2c345227 - Path: Assets/Sapphire/Art/UI/HealthBarFrameGold.png' with importer (TextureImporter)
Imported 'GUID: 159fa0a071ee3a349adafc8f2c345227' -> (Import Result ID: 'c26d97c59d27e8327a5414fc10976d16') in 0.007 seconds [static and dynamic dependencies]. Details - ImportResultOutputID=21c2476b5449d41e85455fb5f054b14d DependenciesID=cb7b34d9a3d5159ab039094895d0c8c4 StaticDependenciesID=65bef355bf801cd0b1eb9c99c7642be9 
Asset Pipeline Refresh (id=b1db2fa8353957d4c9720f3d166b68f1): Total: 0.030 seconds - Initiated by StopAssetImportingV2(NoUpdateAssetOptions)
Importing 'GUID: a80f5793bf6572e4c814ad9ff846c231 - Path: Assets/Sapphire/Art/UI/SkillIconsSetGold.png' with importer (TextureImporter)
Imported 'GUID: a80f5793bf6572e4c814ad9ff846c231' -> (Import Result ID: '8e8396d122645d451e7e326a80114930') in 0.141 seconds [static and dynamic dependencies]. Details - ImportResultOutputID=af926f542b4718e0587068ec0785c7ab DependenciesID=bc9687f2accdbe66550650b3c9805d08 StaticDependenciesID=49aef37e08f5b5cb1fe64f57a3dedceb 
Asset Pipeline Refresh (id=3eedc8087e5fdb0469d9cfba1948b18b): Total: 0.164 seconds - Initiated by StopAssetImportingV2(NoUpdateAssetOptions)
Importing 'GUID: 3e6a297a18247c9479c8b9626591adbe - Path: Assets/Sapphire/Art/UI/MovementStickGold.png' with importer (TextureImporter)
Imported 'GUID: 3e6a297a18247c9479c8b9626591adbe' -> (Import Result ID: '38c019bd5e97fced1683fefabbccc26b') in 0.030 seconds [static and dynamic dependencies]. Details - ImportResultOutputID=5f07ec44b20a6f2de673e1fb24957d57 DependenciesID=bde7e6ede2ea80e84fa764a08f7df35e StaticDependenciesID=6a88af48e79aad7f826dc21771419bc2 
Asset Pipeline Refresh (id=9620f840eb50b0541b094fbfeaae1a34): Total: 0.055 seconds - Initiated by StopAssetImportingV2(NoUpdateAssetOptions)
Importing 'GUID: 8b51beca032c8dd438856b3b90d1a90d - Path: Assets/Sapphire/Art/UI/MenuPanelOdin.png' with importer (TextureImporter)
Imported 'GUID: 8b51beca032c8dd438856b3b90d1a90d' -> (Import Result ID: '74eab86ae855eca05ff61b2fa58a9ffb') in 0.109 seconds [static and dynamic dependencies]. Details - ImportResultOutputID=881c3858a643e1fdf214fe59e7583a40 DependenciesID=ab3d0dbc3e282055e429d9971421b074 StaticDependenciesID=a2d17aa8f7fa442f257455b528550641 
Asset Pipeline Refresh (id=44f6252adc5de3f40a0e6862f3a64ae3): Total: 0.133 seconds - Initiated by StopAssetImportingV2(NoUpdateAssetOptions)
Importing 'GUID: cb1092d2ea046c344a2ae09c9fb63d6a - Path: Assets/Sapphire/Art/UI/MenuSectionDividerSingle.png' with importer (TextureImporter)
Imported 'GUID: cb1092d2ea046c344a2ae09c9fb63d6a' -> (Import Result ID: 'e13167760d4f25a6d48652e200858fe1') in 0.005 seconds [static and dynamic dependencies]. Details - ImportResultOutputID=7e767e8b17f732d82c935cc2d9c0aed5 DependenciesID=7fc3eecdde7f277a9892dde162f8b087 StaticDependenciesID=de08b8da9de5caadbb70566f75baf04f 
Asset Pipeline Refresh (id=9ea345cf43707f3478dd23cd421c9d7b): Total: 0.023 seconds - Initiated by StopAssetImportingV2(NoUpdateAssetOptions)
Importing 'GUID: 6c7474067a11b2c4abb3ce4550a5b084 - Path: Assets/Sapphire/Art/UI/RegionNameplate.png' with importer (TextureImporter)
Imported 'GUID: 6c7474067a11b2c4abb3ce4550a5b084' -> (Import Result ID: '9d1c2e935f646290fd8a737c58e1218d') in 0.004 seconds [static and dynamic dependencies]. Details - ImportResultOutputID=d6ce0a2cbc694b32970b192551bf5456 DependenciesID=00ff7965c1f6bce0276f8aaeb253c554 StaticDependenciesID=68288842f42f7ea0ba47035151fb42f6 
Asset Pipeline Refresh (id=b6b4029297ef69545a763d4649ce006d): Total: 0.022 seconds - Initiated by StopAssetImportingV2(NoUpdateAssetOptions)
Importing 'GUID: d889fe07b36ab5d4881acc4032abe8d3 - Path: Assets/Sapphire/Art/UI/ButtonSecondary.png' with importer (TextureImporter)
Imported 'GUID: d889fe07b36ab5d4881acc4032abe8d3' -> (Import Result ID: '7cf489fbeaa8599f51967fd67f85f751') in 0.020 seconds [static and dynamic dependencies]. Details - ImportResultOutputID=d738e84b02c7436161152578c914fb41 DependenciesID=a802314801b1bcfa72930b12e37b6c55 StaticDependenciesID=9e425a06bc1d75d3c1abc0d2e8e5e22a 
Asset Pipeline Refresh (id=81b475049f43d2744baf94fce114b7ab): Total: 0.050 seconds - Initiated by StopAssetImportingV2(NoUpdateAssetOptions)
Importing 'GUID: d889fe07b36ab5d4881acc4032abe8d3 - Path: Assets/Sapphire/Art/UI/ButtonSecondary.png' with importer (TextureImporter)
Imported 'GUID: d889fe07b36ab5d4881acc4032abe8d3' -> (Import Result ID: '7cf489fbeaa8599f51967fd67f85f751') in 0.019 seconds [static and dynamic dependencies]. Details - ImportResultOutputID=d738e84b02c7436161152578c914fb41 DependenciesID=a802314801b1bcfa72930b12e37b6c55 StaticDependenciesID=9e425a06bc1d75d3c1abc0d2e8e5e22a 
Asset Pipeline Refresh (id=b8bbac3852b875e4785f6c2176a0e286): Total: 0.037 seconds - Initiated by StopAssetImportingV2(NoUpdateAssetOptions)
Importing 'GUID: d889fe07b36ab5d4881acc4032abe8d3 - Path: Assets/Sapphire/Art/UI/ButtonSecondary.png' with importer (TextureImporter)
Imported 'GUID: d889fe07b36ab5d4881acc4032abe8d3' -> (Import Result ID: '7cf489fbeaa8599f51967fd67f85f751') in 0.030 seconds [static and dynamic dependencies]. Details - ImportResultOutputID=d738e84b02c7436161152578c914fb41 DependenciesID=a802314801b1bcfa72930b12e37b6c55 StaticDependenciesID=9e425a06bc1d75d3c1abc0d2e8e5e22a 
Asset Pipeline Refresh (id=2a87b56ba56f5104e889a76645959b1a): Total: 0.062 seconds - Initiated by StopAssetImportingV2(NoUpdateAssetOptions)
Importing 'GUID: a24129757b2314949b1d3f66eb6e55d1 - Path: Assets/Sapphire/Art/UI/ButtonPrimary.png' with importer (TextureImporter)
Imported 'GUID: a24129757b2314949b1d3f66eb6e55d1' -> (Import Result ID: '55b20896edd1e822bc3d8a0bd6e4e720') in 0.027 seconds [static and dynamic dependencies]. Details - ImportResultOutputID=b5fc9c0839d19239b046a6049f95b685 DependenciesID=0999de113aa33449923ee42e1cdb1a0b StaticDependenciesID=4e7cc0b250098e613f00a208296a542b 
Asset Pipeline Refresh (id=fc55f8a5ed8963941b45851ba4e297ae): Total: 0.056 seconds - Initiated by StopAssetImportingV2(NoUpdateAssetOptions)
Importing 'GUID: a24129757b2314949b1d3f66eb6e55d1 - Path: Assets/Sapphire/Art/UI/ButtonPrimary.png' with importer (TextureImporter)
Imported 'GUID: a24129757b2314949b1d3f66eb6e55d1' -> (Import Result ID: '55b20896edd1e822bc3d8a0bd6e4e720') in 0.030 seconds [static and dynamic dependencies]. Details - ImportResultOutputID=b5fc9c0839d19239b046a6049f95b685 DependenciesID=0999de113aa33449923ee42e1cdb1a0b StaticDependenciesID=4e7cc0b250098e613f00a208296a542b 
Asset Pipeline Refresh (id=9b4f5092696d98941989c9ab4b69b8e7): Total: 0.049 seconds - Initiated by StopAssetImportingV2(NoUpdateAssetOptions)
Importing 'GUID: a24129757b2314949b1d3f66eb6e55d1 - Path: Assets/Sapphire/Art/UI/ButtonPrimary.png' with importer (TextureImporter)
Imported 'GUID: a24129757b2314949b1d3f66eb6e55d1' -> (Import Result ID: '55b20896edd1e822bc3d8a0bd6e4e720') in 0.025 seconds [static and dynamic dependencies]. Details - ImportResultOutputID=b5fc9c0839d19239b046a6049f95b685 DependenciesID=0999de113aa33449923ee42e1cdb1a0b StaticDependenciesID=4e7cc0b250098e613f00a208296a542b 
Asset Pipeline Refresh (id=7bacf8c8e713fa54ba19953d9192356e): Total: 0.065 seconds - Initiated by StopAssetImportingV2(NoUpdateAssetOptions)
Importing 'GUID: 6d8c426359adf1c4a9d94ff6cb53b09f - Path: Assets/Sapphire/Art/UI/MenuHamburgerIcon.png' with importer (TextureImporter)
Imported 'GUID: 6d8c426359adf1c4a9d94ff6cb53b09f' -> (Import Result ID: '0f2e6c3688b3b1d6c950620532ffef3c') in 0.120 seconds [static and dynamic dependencies]. Details - ImportResultOutputID=a9370d8200c42138138bc891e6901fcd DependenciesID=a726e4e2df50e87b6c32c19d2393db46 StaticDependenciesID=92ceb0403570064052f1099d628a2e16 
Asset Pipeline Refresh (id=47a01bebdc69f7947818cccc78ac5053): Total: 0.151 seconds - Initiated by StopAssetImportingV2(NoUpdateAssetOptions)
Importing 'GUID: 0744777ff6718cd43b8f7f664a68993b - Path: Assets/Sapphire/Art/UI/LevelBadgeHex.png' with importer (TextureImporter)
Imported 'GUID: 0744777ff6718cd43b8f7f664a68993b' -> (Import Result ID: '4864d29eb5b2f4574f51aaf8024e5ac0') in 0.006 seconds [static and dynamic dependencies]. Details - ImportResultOutputID=81420b5fe560117f49220dc6e8541d43 DependenciesID=eb7746c221452f81acfa9aa403202641 StaticDependenciesID=c74535198d2c1d5c1630634df6ce7036 
Asset Pipeline Refresh (id=af6e47a602a1f1b4c9d9981a090ecfd0): Total: 0.025 seconds - Initiated by StopAssetImportingV2(NoUpdateAssetOptions)
Importing 'GUID: aaf68ba01c370e94bb0e1992e5944119 - Path: Assets/Sapphire/Art/UI/MenuIconsSet.png' with importer (TextureImporter)
Imported 'GUID: aaf68ba01c370e94bb0e1992e5944119' -> (Import Result ID: 'bc72cb095de9831cfe210cf25b5dd513') in 0.113 seconds [static and dynamic dependencies]. Details - ImportResultOutputID=8700d2baaba6b0e5ef7676c904d40305 DependenciesID=a8518c32e499c930f403e1caf91468ad StaticDependenciesID=84d848ecf8c71fba6a44c6a4bcc443c0 
Asset Pipeline Refresh (id=4f6c8787b1e80e54d9fdce06f6d8f549): Total: 0.137 seconds - Initiated by StopAssetImportingV2(NoUpdateAssetOptions)
Importing 'GUID: 826c91c276e3e12428dc091705a5ae7d - Path: Assets/Sapphire/Art/UI/MenuPanelDark.png' with importer (TextureImporter)
Imported 'GUID: 826c91c276e3e12428dc091705a5ae7d' -> (Import Result ID: '3703bf7a175cb41a0472588086adbe67') in 0.092 seconds [static and dynamic dependencies]. Details - ImportResultOutputID=98ca3743fa64fb20540f92a361550206 DependenciesID=f44aff5cc2da94afd5fe0ead419957a2 StaticDependenciesID=c2bffe8c4a6c0bcbfa3da0f87c56fbb8 
Asset Pipeline Refresh (id=59c9e015a5bd1a74c84180928bc29654): Total: 0.113 seconds - Initiated by StopAssetImportingV2(NoUpdateAssetOptions)
Importing 'GUID: 721c435cf85b68043bb0661d77d2e618 - Path: Assets/Sapphire/Art/UI/MenuIconsSetDark.png' with importer (TextureImporter)
Imported 'GUID: 721c435cf85b68043bb0661d77d2e618' -> (Import Result ID: '40f333b54face034066d05e834bc4eb1') in 0.176 seconds [static and dynamic dependencies]. Details - ImportResultOutputID=88b6efbe392d5efdd1034a52b1e5a4da DependenciesID=c97cc4606f352ae3cb3888eb58d89f8f StaticDependenciesID=0dd8f90179c50d72b21110cee4557c8f 
Asset Pipeline Refresh (id=073aa5797d989ad4fb1bf4dbedbf52a5): Total: 0.226 seconds - Initiated by StopAssetImportingV2(NoUpdateAssetOptions)
Importing 'GUID: f3266b3f19feb3f4a9005bb999503cf9 - Path: Assets/Sapphire/Art/UI/MenuLockBadge.png' with importer (TextureImporter)
Imported 'GUID: f3266b3f19feb3f4a9005bb999503cf9' -> (Import Result ID: 'de24c63d82822f5ecab245caf3b90bdc') in 0.084 seconds [static and dynamic dependencies]. Details - ImportResultOutputID=3d96d87f865bb4187b58772f9c698b7b DependenciesID=9fa6d99f737102b0df49bd5297793718 StaticDependenciesID=4b093864f67c218bee8b851d26548bf8 
Asset Pipeline Refresh (id=a36fd77e21409e644888f0f9d4f9e583): Total: 0.110 seconds - Initiated by StopAssetImportingV2(NoUpdateAssetOptions)
Importing 'GUID: 75a64612698beda42a912fe18db8739a - Path: Assets/Sapphire/Art/UI/GaugeFillMana.png' with importer (TextureImporter)
Imported 'GUID: 75a64612698beda42a912fe18db8739a' -> (Import Result ID: 'de3d09026e476b57ddde66ff843961c7') in 0.004 seconds [static and dynamic dependencies]. Details - ImportResultOutputID=d9facc8756cb30486b9909f872112618 DependenciesID=f301df1bb53ba389f82c7c2fa6ef1a6b StaticDependenciesID=1ff1ac3f514368ea9fba9ec665bf3623 
Asset Pipeline Refresh (id=c31dde40c6c02174794068212b594911): Total: 0.023 seconds - Initiated by StopAssetImportingV2(NoUpdateAssetOptions)
Importing 'GUID: 034ad5173e1cf6243a97b867b8c83457 - Path: Assets/Sapphire/Art/UI/MenuIconsSetExtra.png' with importer (TextureImporter)
Imported 'GUID: 034ad5173e1cf6243a97b867b8c83457' -> (Import Result ID: '11d816a1e561fa1a4ba6b6da158174bc') in 0.041 seconds [static and dynamic dependencies]. Details - ImportResultOutputID=2f9fa4f14a6dfc9d6131bc3174b2edcc DependenciesID=3a8b8d1b087d75788823c78ccb677ce2 StaticDependenciesID=6b13c65aea645fd84757c073b2de47fb 
Asset Pipeline Refresh (id=496fc05c5bc3cf6438f9f62dc90af31e): Total: 0.081 seconds - Initiated by StopAssetImportingV2(NoUpdateAssetOptions)
Importing 'GUID: 1cfb58612ae882941b5aa949ee713670 - Path: Assets/Sapphire/Art/WarriorTopdownGridSheet.png' with importer (TextureImporter)
Imported 'GUID: 1cfb58612ae882941b5aa949ee713670' -> (Import Result ID: '7f2db2cb421ae8dbba177de7bc2bdb7e') in 0.272 seconds [static and dynamic dependencies]. Details - ImportResultOutputID=2c72c08957796a032cd29ebd7f2de705 DependenciesID=c6b4b620e64bd2c384efec8d9c9e35f6 StaticDependenciesID=0bd7bf6ba37aee631eb1df268c30142a 

Asset Pipeline Refresh (id=ef13ea0451e616647bb9d9b88a646895): Total: 0.372 seconds - Initiated by StopAssetImportingV2(NoUpdateAssetOptions)
	(Values over 0.05ms)
	Summary:
		Imports: total=1 (actual=1, local cache=0, cache server=0)
		Asset DB Process Time: managed=0 ms, native=369 ms
		Asset DB Callback time: managed=0 ms, native=0 ms
		Scripting: domain reloads=0, domain reload time=0 ms, compile time=0 ms, other=0 ms
		Project Asset Count: scripts=388, non-scripts=733
		Asset File Changes: new=0, changed=1, moved=0, deleted=0
		Scan Filter Count: 4
	ApplyChangesToAssetFolders: 0.172ms
	Scan: 70.623ms
	Collect global state as custom dependencies: 1.062ms
	OnSourceAssetsModified: 0.067ms
	CategorizeAssets: 1.693ms
	ImportOutOfDateAssets: 286.548ms (8.010ms without children)
		ImportManagerImport: 273.248ms (0.174ms without children)
		UnloadImportedAssets: 0.595ms
		ReloadImportedAssets: 0.414ms
		EnsureUptoDateAssetsAreRegisteredWithGuidPM: 0.285ms
		ImportSchedulerStart: 4.399ms
	PostProcessAllAssets: 0.861ms
		XRBuildSystem.XRAssetImported 0.085ms
		MonoPostProcessAllAssets: 0.638ms
			SkillVfxImporter.OnPostprocessAllAssets 0.095ms
			AssetPostprocessor.OnPostprocessAllAssets 0.074ms
			ScenarioDriftAssetsTracker.OnPostprocessAllAssets 0.061ms
			SyncVS.PostprocessSyncProject 0.050ms
	PostAssetChangesProfiler: 0.367ms
	GatherAllCurrentPrimaryImportResultRevisions: 0.075ms
	Untracked: 10.120ms

Importing 'GUID: 5d463fe669e462441ab9bc2a315027d1 - Path: Assets/Sapphire/Art/WarriorAttackGridSheet.png' with importer (TextureImporter)
Imported 'GUID: 5d463fe669e462441ab9bc2a315027d1' -> (Import Result ID: 'ef72932923e7b6adff6e50b1556d6c1f') in 0.155 seconds [static and dynamic dependencies]. Details - ImportResultOutputID=113648fef4af83c74d7660c16e980b56 DependenciesID=d47512767b10557cf72d33641d935e84 StaticDependenciesID=861928fa039646e5ab3e0673d814c358 
Asset Pipeline Refresh (id=a92cdf67192521748ae2d616da1cf742): Total: 0.195 seconds - Initiated by StopAssetImportingV2(NoUpdateAssetOptions)
Importing 'GUID: 9e94875a024478a48b72ceb43e8a4158 - Path: Assets/Sapphire/Art/UI/WarriorSkillIconsSetGold.png' with importer (TextureImporter)
Imported 'GUID: 9e94875a024478a48b72ceb43e8a4158' -> (Import Result ID: '60581920d95ef6394c4fdcb01ddd8cee') in 0.127 seconds [static and dynamic dependencies]. Details - ImportResultOutputID=7baf0e725aa6bdc28a8ee4273d97498d DependenciesID=79465d79cc0e09e790d497c8d7ffab2d StaticDependenciesID=f4730c0a02ac20a91307a16a3dad7e82 
Asset Pipeline Refresh (id=f198a830c7303df488f31ebe69492036): Total: 0.158 seconds - Initiated by StopAssetImportingV2(NoUpdateAssetOptions)
Asset Pipeline Refresh (id=4e6c65fb60fb93f46b681e7064e6084d): Total: 0.017 seconds - Initiated by RefreshV2(NoUpdateAssetOptions)
Unloading 8 Unused Serialized files (Serialized files now loaded: 0)
Unloading 267 unused Assets / (0.8 MB). Loaded Objects now: 2168.
Memory consumption went from 256.8 MB to 256.0 MB.
Total: 9.853700 ms (FindLiveObjects: 0.206800 ms CreateObjectMapping: 0.152400 ms MarkObjects: 8.700700 ms  DeleteObjects: 0.791800 ms)

Importing 'GUID: 50c013d742d25774c842802408832407 - Path: Assets/Sapphire/Generated/Tile_V5_Shore19.asset' with importer (NativeFormatImporter)
Imported 'GUID: 50c013d742d25774c842802408832407' -> (Import Result ID: '4778dcb55bd1f9c3992aaac0b4360040') in 0.004 seconds [static dependencies only]. Details - ImportResultOutputID=5316e2587a5617e54496a17cc906d0ea DependenciesID=29811bf495aebd1c807f971a69fd8f8f StaticDependenciesID=003278e2ee8292452947711afa6c8908 
Importing 'GUID: 50ad4dc53cc90c048ae1421c78849aa8 - Path: Assets/Sapphire/Generated/Tile_V5_DirtEdge29.asset' with importer (NativeFormatImporter)
Imported 'GUID: 50ad4dc53cc90c048ae1421c78849aa8' -> (Import Result ID: '809cbf2163237ffa26fe6ad8e747153c') in 0.002 seconds [static dependencies only]. Details - ImportResultOutputID=095759bc306bbeb2bb8f2077e298c22c DependenciesID=dcba6de1d6a92b2933bd74a2afa59a38 StaticDependenciesID=1f8d07bc789fd0f1e295d253e9d8b280 
Importing 'GUID: 90ba593b65bf6d645802835cdfa740ae - Path: Assets/Sapphire/Generated/Tile_V5_Shore29.asset' with importer (NativeFormatImporter)
Imported 'GUID: 90ba593b65bf6d645802835cdfa740ae' -> (Import Result ID: '7bb407df7926feea8b6b607db597d37f') in 0.001 seconds [static dependencies only]. Details - ImportResultOutputID=6c309271aba2bffb72eb7d4737203cfd DependenciesID=676fba9e7c77c4da31ef8415a829d806 StaticDependenciesID=e100d96fb8b8688cebea24cc299dbad6 
Importing 'GUID: b0f1795effe2f1e4283a66d7354580b5 - Path: Assets/Sapphire/Generated/Tile_V5_DirtEdge16.asset' with importer (NativeFormatImporter)
Imported 'GUID: b0f1795effe2f1e4283a66d7354580b5' -> (Import Result ID: 'ab87b8c26de0e1b07c69428fa55deb8d') in 0.001 seconds [static dependencies only]. Details - ImportResultOutputID=30d785004b9197bfa12ca6b934c713c3 DependenciesID=ef54738c5657a0e5583e7bcb4deef7f3 StaticDependenciesID=4477d0ca24b7cb3a99fe3bb440ac69dd 
Importing 'GUID: d0e9ba5e7bacda2488d96a2547ab354c - Path: Assets/Sapphire/Generated/Tile_V5_DirtEdge24.asset' with importer (NativeFormatImporter)
Imported 'GUID: d0e9ba5e7bacda2488d96a2547ab354c' -> (Import Result ID: 'bed740bd928e27c30b5b7a3a375b5662') in 0.001 seconds [static dependencies only]. Details - ImportResultOutputID=b2e9fab3e87e1eee844d843f44753472 DependenciesID=4b7c1cc6e787c038adbcd6ce27df3248 StaticDependenciesID=dc5851d24d3b90e3bb36cf1912eae14a 
Importing 'GUID: 111c0dc20a04b07428c0cbdf14f9281c - Path: Assets/Sapphire/Generated/Tile_V5_DirtEdge19.asset' with importer (NativeFormatImporter)
Imported 'GUID: 111c0dc20a04b07428c0cbdf14f9281c' -> (Import Result ID: '9393d454739f0dd805feddc0733d33d0') in 0.001 seconds [static dependencies only]. Details - ImportResultOutputID=92565e99029d9c2e3624ca1c59645c2b DependenciesID=83031d19e2cf4dda123b9bd899a8406f StaticDependenciesID=90252fea545320068edf06058aeaca19 
Importing 'GUID: 71911bcc788a3db4797fdebc614e30e0 - Path: Assets/Sapphire/Generated/Tile_V5_DirtEdge8.asset' with importer (NativeFormatImporter)
Imported 'GUID: 71911bcc788a3db4797fdebc614e30e0' -> (Import Result ID: '9aa110d03ec8309930081dd9cf4effa3') in 0.001 seconds [static dependencies only]. Details - ImportResultOutputID=052ef011dd2e1f778ae072e9b2fa4aa4 DependenciesID=aa5868b0de24d70b2444546ba33fc7f6 StaticDependenciesID=91eda914591edc2272f9645a1825142f 
Importing 'GUID: 810b00fbe35a4e345b17f0a02c5cc2af - Path: Assets/Sapphire/Generated/Tile_V5_Shore6.asset' with importer (NativeFormatImporter)
Imported 'GUID: 810b00fbe35a4e345b17f0a02c5cc2af' -> (Import Result ID: 'c2b3a898e96fc893e4815f184e54b536') in 0.001 seconds [static dependencies only]. Details - ImportResultOutputID=52310f955165a638ea75d7872e6f4836 DependenciesID=41be42947e912f5fd7805d919fb25603 StaticDependenciesID=ea7249336266a737499c7e94180f7116 
Importing 'GUID: 6236a5b103142434b8a855f1486f2391 - Path: Assets/Sapphire/Generated/Tile_V5_Shore21.asset' with importer (NativeFormatImporter)
Imported 'GUID: 6236a5b103142434b8a855f1486f2391' -> (Import Result ID: 'eb6b577bb8a2abe02bb4716b24e7cae9') in 0.001 seconds [static dependencies only]. Details - ImportResultOutputID=715d9f0eb69aad459237054a6d9f03e2 DependenciesID=311a710ea7228b409a00b31dedda7c4c StaticDependenciesID=c71c34fbf0f243e9fe34b116fc3ba75d 
Importing 'GUID: 620c339b9dbc1a94ba5c9ae1f7e7e06d - Path: Assets/Sapphire/Generated/Tile_V5_Dirt0.asset' with importer (NativeFormatImporter)
Imported 'GUID: 620c339b9dbc1a94ba5c9ae1f7e7e06d' -> (Import Result ID: '5ae18f4a43e2afd8a9727af35828b471') in 0.001 seconds [static dependencies only]. Details - ImportResultOutputID=2aae6283985af4a5e2f5b35caca37eb3 DependenciesID=154648fef1565cf6df180d09a9bfcf1e StaticDependenciesID=68ce6ead6033c9cce796f9af97ac33e4 
Importing 'GUID: 8276a5e5e842b5c42ac352c444696e2f - Path: Assets/Sapphire/Generated/Tile_V5_DirtEdge3.asset' with importer (NativeFormatImporter)
Imported 'GUID: 8276a5e5e842b5c42ac352c444696e2f' -> (Import Result ID: '6493fca8b697b30e28d5b882de9793a3') in 0.001 seconds [static dependencies only]. Details - ImportResultOutputID=1c590e3dbdaab1535c36f2dd7c9049aa DependenciesID=76719357461848ca02b996eadf9f9014 StaticDependenciesID=b3591938c29c423b7e8a7a722bd37433 
Importing 'GUID: c2d1de2e5cfaffe49949c345e74393c0 - Path: Assets/Sapphire/Generated/Tile_V5_Shore10.asset' with importer (NativeFormatImporter)
Imported 'GUID: c2d1de2e5cfaffe49949c345e74393c0' -> (Import Result ID: '43073efa39a60ac3f1084c06775a7802') in 0.001 seconds [static dependencies only]. Details - ImportResultOutputID=e65096e8644d5a5435dcc58684565151 DependenciesID=21b04d342fe1941a9f4a7d3f2b0a1694 StaticDependenciesID=13fe84877a64cf2afcbf9f48c182e4a3 
Importing 'GUID: e217bf68fe6c6924695ad3c1a412d842 - Path: Assets/Sapphire/Generated/Tile_V5_Shore25.asset' with importer (NativeFormatImporter)
Imported 'GUID: e217bf68fe6c6924695ad3c1a412d842' -> (Import Result ID: '512d84dac8a3df988286deff34e5ef89') in 0.001 seconds [static dependencies only]. Details - ImportResultOutputID=ed0a487482b61346a57af35b749d0403 DependenciesID=eaf472486e80fd4dcad41df0d19b14cf StaticDependenciesID=5041dab78b57a64a4cf0216e2e75226f 
Importing 'GUID: e21985d7ca5d03a4eb82489f79f67493 - Path: Assets/Sapphire/Generated/Tile_V5_DirtEdge21.asset' with importer (NativeFormatImporter)
Imported 'GUID: e21985d7ca5d03a4eb82489f79f67493' -> (Import Result ID: '9bb20a33f89b7ab01ef64bc1e9351e98') in 0.001 seconds [static dependencies only]. Details - ImportResultOutputID=7d83cf4537f6ed283ba4d7e9a2382689 DependenciesID=6fca8efa8124620b902a8b8f7a10cc31 StaticDependenciesID=ecde49c3a3fd78bba1c2aa6efc20bd10 
Importing 'GUID: 73451fd2294640747b548cf6da6ca1c9 - Path: Assets/Sapphire/Generated/Tile_V5_DirtEdge2.asset' with importer (NativeFormatImporter)
Imported 'GUID: 73451fd2294640747b548cf6da6ca1c9' -> (Import Result ID: '1fe70acadf558df584d693da700858db') in 0.001 seconds [static dependencies only]. Details - ImportResultOutputID=1ea405e2d2e3a9b5413cd09810230627 DependenciesID=77c9bc07609d3d5581196ce449a6c20d StaticDependenciesID=e88d1e1badaff5f8ff77969aead37be4 
Importing 'GUID: 93c104aeac047994cbf35212ca4cd07e - Path: Assets/Sapphire/Generated/Tile_V5_Dirt3.asset' with importer (NativeFormatImporter)
Imported 'GUID: 93c104aeac047994cbf35212ca4cd07e' -> (Import Result ID: 'ecbdc0a405b31faa9f54b29a17b48ad3') in 0.001 seconds [static dependencies only]. Details - ImportResultOutputID=e3ddead19a7341aac3966968f3674f24 DependenciesID=5c120615178e6c1fb0cdb9a407c1393e StaticDependenciesID=2802c350cc7b02c7d27e0fe4f6a8eec1 
Importing 'GUID: b3b37dde2ff10e94d9c43733aafd84de - Path: Assets/Sapphire/Generated/Tile_V5_Shore15.asset' with importer (NativeFormatImporter)
Imported 'GUID: b3b37dde2ff10e94d9c43733aafd84de' -> (Import Result ID: '96d590b56c1f7bd2d8e6bcf1c7eee34f') in 0.001 seconds [static dependencies only]. Details - ImportResultOutputID=00702f41f5f9951f98e372ae8cc144ce DependenciesID=2d512ff198fdf9c070962fa81c29de4b StaticDependenciesID=72a15948165438d9df243ff9120d2e33 
Importing 'GUID: e31661d1d210d624d9e16ff5be68728f - Path: Assets/Sapphire/Generated/Tile_V5_Shore20.asset' with importer (NativeFormatImporter)
Imported 'GUID: e31661d1d210d624d9e16ff5be68728f' -> (Import Result ID: 'b30627a20db15fa8a63c3847006921ad') in 0.001 seconds [static dependencies only]. Details - ImportResultOutputID=4bcd5422664bc52d4e6fd6c81282c513 DependenciesID=aca658e4eadceef556310eb700af56ae StaticDependenciesID=e71ef3a18c89d90507e8046536eba0e0 
Importing 'GUID: f330b8dfd1fa24049af48349fcb6e69e - Path: Assets/Sapphire/Generated/Tile_V5_DirtEdge7.asset' with importer (NativeFormatImporter)
Imported 'GUID: f330b8dfd1fa24049af48349fcb6e69e' -> (Import Result ID: 'ea6f45d9e5418666039520001ce9c57f') in 0.001 seconds [static dependencies only]. Details - ImportResultOutputID=744c802d5902bda20fc294c2b89d162c DependenciesID=2241bbe019c5c6a36e023b4dffda81ee StaticDependenciesID=39d3881d333dd4810e2d1b8c5a7248c1 
Importing 'GUID: f387e38b58164034da1003136056afcd - Path: Assets/Sapphire/Generated/Tile_V5_Shore1.asset' with importer (NativeFormatImporter)
Imported 'GUID: f387e38b58164034da1003136056afcd' -> (Import Result ID: 'cd690027439723b50a29603f478b97c4') in 0.002 seconds [static dependencies only]. Details - ImportResultOutputID=92056428e4a6d6dc92482068529a9c19 DependenciesID=79751af0ca79c5b7d37af71011a12c17 StaticDependenciesID=7dc1f0a0755f5cc99663f4b168d1f473 
Importing 'GUID: 04fc0cae4ed3f174896d6005e9b95247 - Path: Assets/Sapphire/Generated/Tile_V5_DirtEdge1.asset' with importer (NativeFormatImporter)
Imported 'GUID: 04fc0cae4ed3f174896d6005e9b95247' -> (Import Result ID: '1170c93079cd7c26f03eb61a15710f19') in 0.001 seconds [static dependencies only]. Details - ImportResultOutputID=df9aa7831325bd2fb808861590f13590 DependenciesID=db68d18a2b103773af402c7d465fa6fd StaticDependenciesID=b71513ecd8846baa271ebfa8e7f9b6f1 
Importing 'GUID: 442e7f596b240274ba6c29c42a6da5b4 - Path: Assets/Sapphire/Generated/Tile_V5_DirtEdge18.asset' with importer (NativeFormatImporter)
Imported 'GUID: 442e7f596b240274ba6c29c42a6da5b4' -> (Import Result ID: '2975ad5ff8eb3777f9ce12a5b28e038b') in 0.001 seconds [static dependencies only]. Details - ImportResultOutputID=becae84eb8cdde26b155b302baa7583e DependenciesID=fd529b49788aed16ea32abf665683211 StaticDependenciesID=f0904fd7caec873d704e6ebe87656d30 
Importing 'GUID: 94513a5c9f8b08940b5b6c09f14aa16f - Path: Assets/Sapphire/Generated/Tile_V5_Shore31.asset' with importer (NativeFormatImporter)
Imported 'GUID: 94513a5c9f8b08940b5b6c09f14aa16f' -> (Import Result ID: '4acd2abfe9b43681334c15f044873f3d') in 0.001 seconds [static dependencies only]. Details - ImportResultOutputID=40ee822f481dc304399df4fcc6866b01 DependenciesID=019a5d4788a30bbd862b9269f1f836fa StaticDependenciesID=2e82ff5a4722ac42c101a06c5ae0a5ff 
Importing 'GUID: c41315b76e120c7428df13648edba4d6 - Path: Assets/Sapphire/Generated/Tile_V5_Shore27.asset' with importer (NativeFormatImporter)
Imported 'GUID: c41315b76e120c7428df13648edba4d6' -> (Import Result ID: '0ef9ca8720e8e734a3e8101d287cef05') in 0.001 seconds [static dependencies only]. Details - ImportResultOutputID=47755d5349cfbed866667ab9aac03e8d DependenciesID=bdd822d1a10bb8639eb824bece68cf3c StaticDependenciesID=0e4dfb158e48f360cae797d8175279f2 
Importing 'GUID: a5e091ac5b3aa7d4aa5f1a9224bd190d - Path: Assets/Sapphire/Generated/Tile_V5_Grass2.asset' with importer (NativeFormatImporter)
Imported 'GUID: a5e091ac5b3aa7d4aa5f1a9224bd190d' -> (Import Result ID: '3a3b1f359f9b56426209a917edc5539a') in 0.001 seconds [static dependencies only]. Details - ImportResultOutputID=cfc69980eab08ccbf9d3a733e5b3e021 DependenciesID=403ade35f97ed367c6622e2561c6d739 StaticDependenciesID=dca592795bcdfe45f4559717b1b91cc7 
Importing 'GUID: f5d0cbff99085d940a2e6d3b2fcf5109 - Path: Assets/Sapphire/Generated/Tile_V5_DirtEdge14.asset' with importer (NativeFormatImporter)
Imported 'GUID: f5d0cbff99085d940a2e6d3b2fcf5109' -> (Import Result ID: '6568cfebe44ba78815202948069b8fcf') in 0.001 seconds [static dependencies only]. Details - ImportResultOutputID=02e0e6813527f37b0397996135f5c32a DependenciesID=f793f78bdfc754e1dc869b2d69c195ee StaticDependenciesID=8c3d9c5695e9ad45a58ff2e52aae90a7 
Importing 'GUID: f5f4e91737f383f40825b138c98dcf24 - Path: Assets/Sapphire/Generated/Tile_V5_DirtEdge22.asset' with importer (NativeFormatImporter)
Imported 'GUID: f5f4e91737f383f40825b138c98dcf24' -> (Import Result ID: '575da651ab34c359ac941d240f5f1fa8') in 0.001 seconds [static dependencies only]. Details - ImportResultOutputID=4476c0385d86167b51d259ec0dd6739d DependenciesID=6eeeb113c2a31aad8ac9c49af1a87259 StaticDependenciesID=d4ad6a49034a7a0e87e6ccdac1005272 
Importing 'GUID: 06e2bc6db241db54d9d20c624a87d96b - Path: Assets/Sapphire/Generated/Tile_V5_Shore23.asset' with importer (NativeFormatImporter)
Imported 'GUID: 06e2bc6db241db54d9d20c624a87d96b' -> (Import Result ID: '50def11048237d5921c6b50a0887f4b4') in 0.001 seconds [static dependencies only]. Details - ImportResultOutputID=ed4f209de0263a44890c52bd5f20df89 DependenciesID=8a78f0ad66e16d7c8c3058aab592d730 StaticDependenciesID=f81a2ba91a38a74158234f3aa1576c7f 
Importing 'GUID: 26945cece8d0ee145afb4af5e50a0fb3 - Path: Assets/Sapphire/Generated/Tile_V5_Shore0.asset' with importer (NativeFormatImporter)
Imported 'GUID: 26945cece8d0ee145afb4af5e50a0fb3' -> (Import Result ID: '1dca589ae6ded5f3839ff7081d2dd06a') in 0.001 seconds [static dependencies only]. Details - ImportResultOutputID=9204976212754b94f196e1d277fb5442 DependenciesID=bee1f114dc223f96d10c7111b8d75d6b StaticDependenciesID=2222a570e5a7f04b129ec9cda6a647cb 
Importing 'GUID: 265ab3b08b6a5754f932e0a7453386a8 - Path: Assets/Sapphire/Generated/Tile_V5_Shore3.asset' with importer (NativeFormatImporter)
Imported 'GUID: 265ab3b08b6a5754f932e0a7453386a8' -> (Import Result ID: '69ddafbf196a498cf803127fce4c7996') in 0.001 seconds [static dependencies only]. Details - ImportResultOutputID=2d93de901c170156c93acb49f15391fd DependenciesID=c60c88b69135edb2f5afa2af0b23d98b StaticDependenciesID=65134a113bf613affc8dc59982e925b4 
Importing 'GUID: 3630e5d973dcd944487933e8a1d4ccdb - Path: Assets/Sapphire/Generated/Tile_V5_Water2.asset' with importer (NativeFormatImporter)
Imported 'GUID: 3630e5d973dcd944487933e8a1d4ccdb' -> (Import Result ID: 'c316b2880ca0d47c9c3c66ddcaeb0e2b') in 0.001 seconds [static dependencies only]. Details - ImportResultOutputID=6bda9f58d188b82940d7f1d630165aa5 DependenciesID=13dd8725df3ce1f3cb8fe6d75be9e30c StaticDependenciesID=9d66121945b6ad9d57e03dd165cc2dfb 
Importing 'GUID: 36f72e50a50936e4c894f4c9ec1a5f50 - Path: Assets/Sapphire/Generated/Tile_V5_DirtEdge11.asset' with importer (NativeFormatImporter)
Imported 'GUID: 36f72e50a50936e4c894f4c9ec1a5f50' -> (Import Result ID: 'a9b95ff9539dff67822ef8ae18a26c18') in 0.001 seconds [static dependencies only]. Details - ImportResultOutputID=4a82538a19a2c862663bf709d2f11be5 DependenciesID=e6554063a3793610b6b344f7b87dcc39 StaticDependenciesID=fc229a005cd605bd6bd96def690c68a2 
Importing 'GUID: 46e2b564dddb7144c91e778fa7324014 - Path: Assets/Sapphire/Generated/Tile_V5_Shore4.asset' with importer (NativeFormatImporter)
Imported 'GUID: 46e2b564dddb7144c91e778fa7324014' -> (Import Result ID: '23c8d8fbb895eb324305256efadb9568') in 0.001 seconds [static dependencies only]. Details - ImportResultOutputID=31458f995e129983f4c7467755f58545 DependenciesID=1938a62b4f85eb1700ce79bf1ddc76b6 StaticDependenciesID=3242ad35fdbb1c4df6a6e94e0ef37229 
Importing 'GUID: b669dcec713dd2b4db6eef50e95ac7e4 - Path: Assets/Sapphire/Generated/Tile_V5_DirtEdge5.asset' with importer (NativeFormatImporter)
Imported 'GUID: b669dcec713dd2b4db6eef50e95ac7e4' -> (Import Result ID: '29c3b78f7b9f78614e95b1227e7312ee') in 0.001 seconds [static dependencies only]. Details - ImportResultOutputID=bf8b297be4cb3bd4b461036161b9fc39 DependenciesID=bd880b953a07a2687d528dc96de2d98f StaticDependenciesID=ebd4b71855cdc8b4f83ae01c0af56773 
Importing 'GUID: 179c8d81fb123c749abf1478260fb53a - Path: Assets/Sapphire/Generated/Tile_V5_Grass1.asset' with importer (NativeFormatImporter)
Imported 'GUID: 179c8d81fb123c749abf1478260fb53a' -> (Import Result ID: 'bfc7ad970bf0033338bea2b9458e7c6a') in 0.001 seconds [static dependencies only]. Details - ImportResultOutputID=3e07c95645ed7e31902b5a507560df0b DependenciesID=c9a8567b23fffe4263c158cffbfed11f StaticDependenciesID=789e89f4eef710cdf07c7a82bd6f6fe7 
Importing 'GUID: 67c6ec55d654f3949a15ae7d2af25914 - Path: Assets/Sapphire/Generated/Tile_V5_Shore28.asset' with importer (NativeFormatImporter)
Imported 'GUID: 67c6ec55d654f3949a15ae7d2af25914' -> (Import Result ID: '5ecd0000bc40591fd084f9f66c248fd0') in 0.001 seconds [static dependencies only]. Details - ImportResultOutputID=a9800db522b689fcf62b629128824f0f DependenciesID=aa936e7b400813f139be617c9f6ae98e StaticDependenciesID=6f69725261cc03867405a808932a7d63 
Importing 'GUID: b7f3efa52de8fc7429ce68e0cc057485 - Path: Assets/Sapphire/Generated/Tile_V5_DirtEdge28.asset' with importer (NativeFormatImporter)
Imported 'GUID: b7f3efa52de8fc7429ce68e0cc057485' -> (Import Result ID: '8d9c75916aa37a84301f7a65b3c5a248') in 0.001 seconds [static dependencies only]. Details - ImportResultOutputID=c4138dcad85968dad372368bde5711f7 DependenciesID=cacbf63bff53644738effd7d7c2889c0 StaticDependenciesID=7de3deac882e4a8498a66a231f1f5178 
Importing 'GUID: 584929dd0bb1b4449bc59d7c2aef4281 - Path: Assets/Sapphire/Generated/Tile_V5_DirtEdge4.asset' with importer (NativeFormatImporter)
Imported 'GUID: 584929dd0bb1b4449bc59d7c2aef4281' -> (Import Result ID: 'c25c670cbbd5508f4573525db5f8926f') in 0.001 seconds [static dependencies only]. Details - ImportResultOutputID=390f56cfcaa6420c6be539f779a4f12d DependenciesID=e397b260dccfc71ac8556876d43fdbb3 StaticDependenciesID=27366f0cfca26c510d8bf3725f1bd675 
Importing 'GUID: 6825506785adae6448a5c09908d56eaf - Path: Assets/Sapphire/Generated/Tile_V5_Shore22.asset' with importer (NativeFormatImporter)
Imported 'GUID: 6825506785adae6448a5c09908d56eaf' -> (Import Result ID: 'c9b9466360a5b3b981c659e84a7caa0f') in 0.001 seconds [static dependencies only]. Details - ImportResultOutputID=eaa5f114da06d6d0662a52d7cb0dede5 DependenciesID=4309f3b2ae0b9b69f2edc3ae64751ba0 StaticDependenciesID=97510d06fc58e153d03dddbc172a8743 
Importing 'GUID: 787152e3d8d7ed34e82105905236922c - Path: Assets/Sapphire/Generated/Tile_V5_DirtEdge9.asset' with importer (NativeFormatImporter)
Imported 'GUID: 787152e3d8d7ed34e82105905236922c' -> (Import Result ID: 'bd475af9808df47070bd576e94e5d20c') in 0.001 seconds [static dependencies only]. Details - ImportResultOutputID=b5056b824ef71bea95d25fcb846342ed DependenciesID=2eeecad16515d6cdec6822769746c704 StaticDependenciesID=5d1c7b660934ebc91d53e54a139ede72 
Importing 'GUID: a8cd079ddcb48434da0710ba8ad420c1 - Path: Assets/Sapphire/Generated/Tile_V5_Shore24.asset' with importer (NativeFormatImporter)
Imported 'GUID: a8cd079ddcb48434da0710ba8ad420c1' -> (Import Result ID: '199d4981150f04e0484ac5e75752c9e7') in 0.001 seconds [static dependencies only]. Details - ImportResultOutputID=9d65d0d11a79a7a1e4e55acc0167771f DependenciesID=9e1916fad811aee2d3bcbe5afa043848 StaticDependenciesID=c12077096b10f9e1df2034ae25217b88 
Importing 'GUID: 09fd1efbd20d08b45ba68a0e570cd5f7 - Path: Assets/Sapphire/Generated/Tile_V5_Shore5.asset' with importer (NativeFormatImporter)
Imported 'GUID: 09fd1efbd20d08b45ba68a0e570cd5f7' -> (Import Result ID: '397291e97cffb802afb7c58bd9ccc1c1') in 0.001 seconds [static dependencies only]. Details - ImportResultOutputID=2f92b0a7cf7c0427a9c98121aaab4864 DependenciesID=0ee6713096b6feb337d01a4ecc453fdd StaticDependenciesID=884a1c755d42447b91b3a9a307b09e1d 
Importing 'GUID: 29eeaa469c69742469e1ba9de996349d - Path: Assets/Sapphire/Generated/Tile_V5_DirtEdge26.asset' with importer (NativeFormatImporter)
Imported 'GUID: 29eeaa469c69742469e1ba9de996349d' -> (Import Result ID: '342b15b9763acc162c8729e071c2c334') in 0.001 seconds [static dependencies only]. Details - ImportResultOutputID=60dc658119375dd74fa8c56adef166d3 DependenciesID=c46425f585cfdcddf7381b5f36df3440 StaticDependenciesID=8b3ea5a82ae14cfa96c8d3b5ac7e9cec 
Importing 'GUID: 39f6688411fc2c94db6cb19ea5056dff - Path: Assets/Sapphire/Generated/Tile_V5_DirtEdge6.asset' with importer (NativeFormatImporter)
Imported 'GUID: 39f6688411fc2c94db6cb19ea5056dff' -> (Import Result ID: '9c62f648ff8e050ea732668e09863002') in 0.001 seconds [static dependencies only]. Details - ImportResultOutputID=ac1b9cda7ad9caff778dafcc41f83e7e DependenciesID=d4fa981f2029c840a20813c6cc43a0ec StaticDependenciesID=0b83cc34bb86d4cf73a0e880cead6a96 
Importing 'GUID: a949d5fbe1aa906488a948548b211ea1 - Path: Assets/Sapphire/Generated/Tile_V5_Dirt1.asset' with importer (NativeFormatImporter)
Imported 'GUID: a949d5fbe1aa906488a948548b211ea1' -> (Import Result ID: 'ba8c9126575c9e7aaad9bf17210791e2') in 0.001 seconds [static dependencies only]. Details - ImportResultOutputID=0ba72f40c1af2196eee138aee0e91b57 DependenciesID=b3ca56be55a4290ebd448498d372615b StaticDependenciesID=a64a13704efd4706baa91dcae770f8ad 
Importing 'GUID: 1af56ff3085bafd49bf859be92ca8f01 - Path: Assets/Sapphire/Generated/Tile_V5_Shore30.asset' with importer (NativeFormatImporter)
Imported 'GUID: 1af56ff3085bafd49bf859be92ca8f01' -> (Import Result ID: 'a9df1748ddf207706b54a3663b0e09ba') in 0.001 seconds [static dependencies only]. Details - ImportResultOutputID=f717be110a81c81e9b0cd01ed76dc8a6 DependenciesID=3e79c15d6823c4fabd1fd7c26c805d1d StaticDependenciesID=c166bddbeef1c9114db8fa4d71e8859f 
Importing 'GUID: 3aa387480e786a44292ef46cd3536cb9 - Path: Assets/Sapphire/Generated/Tile_V5_Grass3.asset' with importer (NativeFormatImporter)
Imported 'GUID: 3aa387480e786a44292ef46cd3536cb9' -> (Import Result ID: '913b98f2de0311bb2d609ec5438b0885') in 0.001 seconds [static dependencies only]. Details - ImportResultOutputID=4e3118838d921e8c25d63f50d4d25e67 DependenciesID=325daac2570f1b1b51b308663a8fc798 StaticDependenciesID=25a487e4e87f575667536979100269c1 
Importing 'GUID: 8a4278a9c79dd9f4eb1448330ad8b49c - Path: Assets/Sapphire/Generated/Tile_V5_Water1.asset' with importer (NativeFormatImporter)
Imported 'GUID: 8a4278a9c79dd9f4eb1448330ad8b49c' -> (Import Result ID: '4a0f6bb980f06d250c70b3d3887adf72') in 0.001 seconds [static dependencies only]. Details - ImportResultOutputID=c258ca7ecf56b40c2124ffc922f414c6 DependenciesID=f07fcd4dd270c0aa1b301ac2c07ec189 StaticDependenciesID=4c42d5f9648a49ad1ba14ba0dc446a70 
Importing 'GUID: dad074fa9edd11845abbab8a4b852715 - Path: Assets/Sapphire/Generated/Tile_V5_Dirt2.asset' with importer (NativeFormatImporter)
Imported 'GUID: dad074fa9edd11845abbab8a4b852715' -> (Import Result ID: '67f5d24102211abcd0881c64eff9cfcf') in 0.001 seconds [static dependencies only]. Details - ImportResultOutputID=970d7d33038d48c455e1bd9b18883cbe DependenciesID=d3f2faa1a010c025113ea25ea7ab898b StaticDependenciesID=0d146156f9b1e16503647359b3c8b948 
Importing 'GUID: eaa6f9da1bebfe84eb93df4e7c3fc7b8 - Path: Assets/Sapphire/Generated/Tile_V5_DirtEdge27.asset' with importer (NativeFormatImporter)
Imported 'GUID: eaa6f9da1bebfe84eb93df4e7c3fc7b8' -> (Import Result ID: '42f9cdba2634311150f325c6bed50013') in 0.001 seconds [static dependencies only]. Details - ImportResultOutputID=a045a629c3a4c3707991f75333bf87c9 DependenciesID=e6968f292ce21d1ed0b522a147faa510 StaticDependenciesID=087c76c19994b85ddd5f16a5459209c9 
Importing 'GUID: 0b507208c57e63e4f98d43ab7bf1692c - Path: Assets/Sapphire/Generated/Tile_V5_Shore8.asset' with importer (NativeFormatImporter)
Imported 'GUID: 0b507208c57e63e4f98d43ab7bf1692c' -> (Import Result ID: 'fee6adcff865d3c04964b7fe1d15e51e') in 0.001 seconds [static dependencies only]. Details - ImportResultOutputID=06e0e98f96eab36052e1d0125cf70b02 DependenciesID=24aedfb852e9b70ff01edb5a642d10f4 StaticDependenciesID=312e870419f422980f2cd4a7d07b5d9e 
Importing 'GUID: 4b96bae38d12a1444a2bafe200416a24 - Path: Assets/Sapphire/Generated/Tile_V5_DirtEdge12.asset' with importer (NativeFormatImporter)
Imported 'GUID: 4b96bae38d12a1444a2bafe200416a24' -> (Import Result ID: 'a0f34886ab25f57bfbb8947124dcfda2') in 0.001 seconds [static dependencies only]. Details - ImportResultOutputID=5a9bef65fe0c9dff4ce15037c8338609 DependenciesID=e7576d41c55a93e3409fc2556018d432 StaticDependenciesID=9fab112a6287b666f52cc714cef9d0c2 
Importing 'GUID: 5bd09220a48836d4e9599fe4334505f4 - Path: Assets/Sapphire/Generated/Tile_V5_Shore26.asset' with importer (NativeFormatImporter)
Imported 'GUID: 5bd09220a48836d4e9599fe4334505f4' -> (Import Result ID: '7e14ecfbea1f030154877c977b116255') in 0.001 seconds [static dependencies only]. Details - ImportResultOutputID=ec127f8f3d56073e43bd0f481adfa0ae DependenciesID=ba1e307c7f1f3b973fd341dafe13d70f StaticDependenciesID=62f7f5885113a81a4123a971c7afab38 
Importing 'GUID: 8bc5d107c7aea534fbc657053f33f330 - Path: Assets/Sapphire/Generated/Tile_V5_DirtEdge0.asset' with importer (NativeFormatImporter)
Imported 'GUID: 8bc5d107c7aea534fbc657053f33f330' -> (Import Result ID: 'f369faf1e2a76acf3bfe77aa0fabf2ba') in 0.001 seconds [static dependencies only]. Details - ImportResultOutputID=486d4799313a28122060dad3c897b1dd DependenciesID=007ab24bf018c045607ff8c4c6d38935 StaticDependenciesID=bf39d0645626ff2439ce95310e5b305e 
Importing 'GUID: 8b4f2871173c4d04e822f28f4e9f99be - Path: Assets/Sapphire/Generated/Tile_V5_DirtEdge10.asset' with importer (NativeFormatImporter)
Imported 'GUID: 8b4f2871173c4d04e822f28f4e9f99be' -> (Import Result ID: '4e08a6524bae4176fe3a79a06d36c22a') in 0.001 seconds [static dependencies only]. Details - ImportResultOutputID=afed2935acdbd6f72d2bbdd4ca127a7d DependenciesID=0b925b2bae0ec8463ac4f6a5cb7ff2cd StaticDependenciesID=10fd8bb8c84b28d38ebbb902abc5188e 
Importing 'GUID: bb2aa4020dc1dfa43b2bbabebb20df68 - Path: Assets/Sapphire/Generated/Tile_V5_Shore17.asset' with importer (NativeFormatImporter)
Imported 'GUID: bb2aa4020dc1dfa43b2bbabebb20df68' -> (Import Result ID: '25d30f626c4100e8a62b2c10c08266cf') in 0.001 seconds [static dependencies only]. Details - ImportResultOutputID=51fcf47de72ae2255ad15eb448579621 DependenciesID=af9a05c9030b9a3b2a9519cef49bb4ec StaticDependenciesID=3600463e62cfa5cf13d4e21962d8d83d 
Importing 'GUID: ec031ad851f432544b5ea58c66e7f242 - Path: Assets/Sapphire/Generated/Tile_V5_DirtEdge30.asset' with importer (NativeFormatImporter)
Imported 'GUID: ec031ad851f432544b5ea58c66e7f242' -> (Import Result ID: '818d852192eeb8ec645b42506fbad108') in 0.001 seconds [static dependencies only]. Details - ImportResultOutputID=2d5c02b02706714de0938ff4593a4631 DependenciesID=445daf1ec4a1ad1decf6fdd202ed4936 StaticDependenciesID=d6512c947ee8e19ab6ab3d5e8163b497 
Importing 'GUID: fca1877cd854e8e4bb282e868563dc9e - Path: Assets/Sapphire/Generated/Tile_V5_DirtEdge20.asset' with importer (NativeFormatImporter)
Imported 'GUID: fca1877cd854e8e4bb282e868563dc9e' -> (Import Result ID: '261f81abe341cd7331470c5c1a6cbb98') in 0.001 seconds [static dependencies only]. Details - ImportResultOutputID=464e7ab28da3af2d5f3155048de55d2c DependenciesID=99e67a2a2b6357d9e8267667b1b415d9 StaticDependenciesID=0dc9de7cb7a6f2d9cf47cd0adfb0afde 
Importing 'GUID: 0d1fd559599eaa344bdf3aa0666b7b38 - Path: Assets/Sapphire/Generated/Tile_V5_DirtEdge17.asset' with importer (NativeFormatImporter)
Imported 'GUID: 0d1fd559599eaa344bdf3aa0666b7b38' -> (Import Result ID: 'ed07cb7345da0be8999a149046896772') in 0.001 seconds [static dependencies only]. Details - ImportResultOutputID=a5d6dbd2131a987f1b34ba08b275afe6 DependenciesID=4c328e2c3409165c0553ff03826d5c48 StaticDependenciesID=cda6667cf93f05547eabb733a70baf60 
Importing 'GUID: 3d120cef213631d4ab5bdd9bdadc5183 - Path: Assets/Sapphire/Generated/Tile_V5_Shore11.asset' with importer (NativeFormatImporter)
Imported 'GUID: 3d120cef213631d4ab5bdd9bdadc5183' -> (Import Result ID: '8a6fd7f856757338efb725143e9bfb95') in 0.001 seconds [static dependencies only]. Details - ImportResultOutputID=28f959cf47601847d000ff424cb0bb40 DependenciesID=a7f8a790f28cc8fad9fb2fcf4b21f9a2 StaticDependenciesID=dcc0ff62b9699abc2046afa9e46a465b 
Importing 'GUID: 3d289063b378325428238e43db3b797b - Path: Assets/Sapphire/Generated/Tile_V5_Shore9.asset' with importer (NativeFormatImporter)
Imported 'GUID: 3d289063b378325428238e43db3b797b' -> (Import Result ID: '2b1fd335679a6ba9766d49d767f37b45') in 0.001 seconds [static dependencies only]. Details - ImportResultOutputID=96015f9a81b49a77720e6a075a03971b DependenciesID=1a4db433270362d585cbbf759b1eb4e9 StaticDependenciesID=7e3a5fe959ef726c19d24222ec545da7 
Importing 'GUID: 8da85f5b581eda943a9d1d76b87735b8 - Path: Assets/Sapphire/Generated/Tile_V5_Shore16.asset' with importer (NativeFormatImporter)
Imported 'GUID: 8da85f5b581eda943a9d1d76b87735b8' -> (Import Result ID: 'e4e1592afd8fa6afe50e2424a96d641e') in 0.001 seconds [static dependencies only]. Details - ImportResultOutputID=ebd427e1a3f744df45588b04c0cf3225 DependenciesID=4505a360fbcc3d17d9f7a74d8a3260a2 StaticDependenciesID=cd764c376ffe861a9293ebc1d36d3e85 
Importing 'GUID: bdf989cb772d26e49b257838df580f81 - Path: Assets/Sapphire/Generated/Tile_V5_DirtEdge23.asset' with importer (NativeFormatImporter)
Imported 'GUID: bdf989cb772d26e49b257838df580f81' -> (Import Result ID: '7ad209f7d3c1b90a579740502ca23359') in 0.001 seconds [static dependencies only]. Details - ImportResultOutputID=d3a27be14909742a0daad7f727410028 DependenciesID=62d162d7b4ea778adf8265700a6a0f68 StaticDependenciesID=0e9ffbf6a54be5c37bfcd2b3bee25d60 
Importing 'GUID: dd2b63d89bad03b4da2ec54c4c542318 - Path: Assets/Sapphire/Generated/Tile_V5_DirtEdge15.asset' with importer (NativeFormatImporter)
Imported 'GUID: dd2b63d89bad03b4da2ec54c4c542318' -> (Import Result ID: '55c45371bff4d41061ddf51e752d7003') in 0.001 seconds [static dependencies only]. Details - ImportResultOutputID=4e80d760f6607c152af7839c7ca6cbc9 DependenciesID=61405caa6bb0e70e07b72c29154af02c StaticDependenciesID=73d27286f9cef9ff7607c560c01cc754 
Importing 'GUID: dd0e596f2b4ed6441bc53934d15af90a - Path: Assets/Sapphire/Generated/Tile_V5_Shore18.asset' with importer (NativeFormatImporter)
Imported 'GUID: dd0e596f2b4ed6441bc53934d15af90a' -> (Import Result ID: 'ac41eefbde009c5c31572a78dc1cfdc6') in 0.001 seconds [static dependencies only]. Details - ImportResultOutputID=0d046ddaf99d0cfbe60f1862a926e461 DependenciesID=1afac3b87c6c9d9243eb5ed53e7a0490 StaticDependenciesID=7e506ae4829af8ad5c396c26d70b11d5 
Importing 'GUID: ede41816ea4258a4aa3960637b6b0a24 - Path: Assets/Sapphire/Generated/Tile_V5_Shore2.asset' with importer (NativeFormatImporter)
Imported 'GUID: ede41816ea4258a4aa3960637b6b0a24' -> (Import Result ID: '488df594c5bc40d72e7b455bf3b4aa8d') in 0.001 seconds [static dependencies only]. Details - ImportResultOutputID=6ea5e1dd40866b2149fb822b6b15c76b DependenciesID=ae2c966a4bb24bf47155d667a4762566 StaticDependenciesID=fa2945caa590c429a73934a7f59a5629 
Importing 'GUID: bec559f3b1dae5b49abd28304d15ce0f - Path: Assets/Sapphire/Generated/Tile_V5_Water0.asset' with importer (NativeFormatImporter)
Imported 'GUID: bec559f3b1dae5b49abd28304d15ce0f' -> (Import Result ID: '85131abcd0655ecb6fa66191a74e6ea9') in 0.001 seconds [static dependencies only]. Details - ImportResultOutputID=a05e94066503cbb0fe2fadb23c843597 DependenciesID=ef8d74c1bef95d5adc85dbb88d31544e StaticDependenciesID=78a3e1af80303219ca736d09f64ab31f 
Importing 'GUID: be8b87f2297b6d44f828e872e1dcc4b7 - Path: Assets/Sapphire/Generated/Tile_V5_Shore12.asset' with importer (NativeFormatImporter)
Imported 'GUID: be8b87f2297b6d44f828e872e1dcc4b7' -> (Import Result ID: '2c106b726e89c814aa3e7142924880c6') in 0.001 seconds [static dependencies only]. Details - ImportResultOutputID=03b23780f153e1d2696dfce2a8c95a9c DependenciesID=ad780cf8f8be95434b61b6601adb8f7a StaticDependenciesID=1ec3ad4acf32df6325be5191a75aebc0 
Importing 'GUID: ce52ffc6d0ad9f24aaafbc54d3879fe7 - Path: Assets/Sapphire/Generated/Tile_V5_Shore13.asset' with importer (NativeFormatImporter)
Imported 'GUID: ce52ffc6d0ad9f24aaafbc54d3879fe7' -> (Import Result ID: '62f1ed87910f2dfd1df962693e4f2853') in 0.001 seconds [static dependencies only]. Details - ImportResultOutputID=28e8ba210859bd0ba715971c4b293d5d DependenciesID=01c438a938b9efdeaabd0131b80f5d53 StaticDependenciesID=713b7db2f31d68a25984100fe2ed73f3 
Importing 'GUID: 2f11d8792b4c99f4dae651a6b0851eba - Path: Assets/Sapphire/Generated/Tile_V5_Grass0.asset' with importer (NativeFormatImporter)
Imported 'GUID: 2f11d8792b4c99f4dae651a6b0851eba' -> (Import Result ID: '57ad170ab4dfd03e74506199401c17cd') in 0.001 seconds [static dependencies only]. Details - ImportResultOutputID=86a6acfeae16eef688b9e5b1357bc45e DependenciesID=f783ff9ef9646d80d13e1835d979c622 StaticDependenciesID=f37ee7d297fc82d5adb2ff67c35c839e 
Importing 'GUID: 2f8142b4672d55047b045055bf4cf168 - Path: Assets/Sapphire/Generated/Tile_V5_DirtEdge31.asset' with importer (NativeFormatImporter)
Imported 'GUID: 2f8142b4672d55047b045055bf4cf168' -> (Import Result ID: '15ed720574a065d37ae0b2dad281ebd1') in 0.001 seconds [static dependencies only]. Details - ImportResultOutputID=d3c30911ac31c3fa871f746b00835ae1 DependenciesID=f70ae917376cd5dc5669b5810d781f15 StaticDependenciesID=2ca638b4fd1ca92bc791f853e7ecdd61 
Importing 'GUID: 7fa4b6386ee655b40b6a753934a63415 - Path: Assets/Sapphire/Generated/Tile_V5_Water3.asset' with importer (NativeFormatImporter)
Imported 'GUID: 7fa4b6386ee655b40b6a753934a63415' -> (Import Result ID: '9d2c46cf2ed8d26c2e02044d98343393') in 0.001 seconds [static dependencies only]. Details - ImportResultOutputID=2131aed6a25268694150c2717b87f3d1 DependenciesID=d4ee567f6b3d1d3d67e8f2f926c79850 StaticDependenciesID=529873f190de2416cb8307229a6af896 
Importing 'GUID: 8fb3ddc10ef036d4ea16034198457110 - Path: Assets/Sapphire/Generated/Tile_V5_DirtEdge13.asset' with importer (NativeFormatImporter)
Imported 'GUID: 8fb3ddc10ef036d4ea16034198457110' -> (Import Result ID: '590be3984f9970be172f431f8c037abc') in 0.001 seconds [static dependencies only]. Details - ImportResultOutputID=a85eed836386953e61910ca96041e90e DependenciesID=2343b7cb52789ec314dededadc70da14 StaticDependenciesID=76a5a517f00030ff6e6d52657854cc57 
Importing 'GUID: cf94049e569a4ac4287da4b438bb849a - Path: Assets/Sapphire/Generated/Tile_V5_DirtEdge25.asset' with importer (NativeFormatImporter)
Imported 'GUID: cf94049e569a4ac4287da4b438bb849a' -> (Import Result ID: 'ceb72143bd1654e8494d3b41c40b44aa') in 0.001 seconds [static dependencies only]. Details - ImportResultOutputID=8c33f85739666888ace3c8a4c6689725 DependenciesID=bcb1ff5fb5adf85fd8a65a5438727a66 StaticDependenciesID=4f4b86183abf4aaa569609820761debc 
Importing 'GUID: cf189cf1db5ea9d4d95037a71934eb9f - Path: Assets/Sapphire/Generated/Tile_V5_Shore14.asset' with importer (NativeFormatImporter)
Imported 'GUID: cf189cf1db5ea9d4d95037a71934eb9f' -> (Import Result ID: '8b766a1967e86485911a8000c75be197') in 0.001 seconds [static dependencies only]. Details - ImportResultOutputID=9cc63c83a95a9e10b25419fa9b791918 DependenciesID=37ec1513790ffd2a45a867995f6f294d StaticDependenciesID=233aac0cfa0c6c62ed80c14757d49b85 
Importing 'GUID: df2ef9c197e29dc47ba91a998e60eb51 - Path: Assets/Sapphire/Generated/Tile_V5_Shore7.asset' with importer (NativeFormatImporter)
Imported 'GUID: df2ef9c197e29dc47ba91a998e60eb51' -> (Import Result ID: 'b54292306c5c178c3936578b2e3b9aec') in 0.001 seconds [static dependencies only]. Details - ImportResultOutputID=73abb03a5509c5547447faeb21ab96e0 DependenciesID=96c339f8c6225d2bc24413fc45ff6e2f StaticDependenciesID=297406af631d6e8b7060c1e3b77b614d 
Asset Pipeline Refresh (id=fe2824b2c5369ad438d85237e12ca58c): Total: 0.142 seconds - Initiated by StopAssetImportingV2(NoUpdateAssetOptions)
Importing 'GUID: c0740018f8c61c14bac95e08d2b33132 - Path: Assets/Sapphire/Scenes/VillageHub.unity' with importer (DefaultImporter)
Imported 'GUID: c0740018f8c61c14bac95e08d2b33132' -> (Import Result ID: '2ef837e1fde184f7330cf32a20d700dd') in 0.002 seconds [static dependencies only]. Details - ImportResultOutputID=14deb7e78efebb82f26e1407257c652f DependenciesID=7db13cdea36c7728963b55856cd7bed4 StaticDependenciesID=3da643ce62a0aec16ed76c28a2f4bca4 
Asset Pipeline Refresh (id=e014ee5936aca384d8521dc82ad1c851): Total: 0.021 seconds - Initiated by StopAssetImportingV2(NoUpdateAssetOptions)
Unloading 0 Unused Serialized files (Serialized files now loaded: 0)
Unloading 416 unused Assets / (47.0 MB). Loaded Objects now: 2181.
Memory consumption went from 394.7 MB to 347.6 MB.
Total: 6.904600 ms (FindLiveObjects: 0.125800 ms CreateObjectMapping: 0.116400 ms MarkObjects: 5.854500 ms  DeleteObjects: 0.806600 ms)

Importing 'GUID: 00b1810a25c1d15419fcf9080b638aec - Path: Assets/Sapphire/Generated/Tile_SlimeV3_Shore_15.asset' with importer (NativeFormatImporter)
Imported 'GUID: 00b1810a25c1d15419fcf9080b638aec' -> (Import Result ID: '5b01c0829212c5243d1fcfaa283a0696') in 0.014 seconds [static dependencies only]. Details - ImportResultOutputID=4564e10895d901e353f442223e5051ec DependenciesID=2af257c01ee6278787f49fef6e490be1 StaticDependenciesID=1cfd37b5a18e686e22c2253c8a914dd0 
Importing 'GUID: 108d9404f5e7cd344a9b5a97eaff49e8 - Path: Assets/Sapphire/Generated/Tile_SlimeV3_Shore_20.asset' with importer (NativeFormatImporter)
Imported 'GUID: 108d9404f5e7cd344a9b5a97eaff49e8' -> (Import Result ID: 'c6b78be7832bb2355964d24b6cdf5c8d') in 0.001 seconds [static dependencies only]. Details - ImportResultOutputID=f1bd64a1d2c85b97941a56b1c8a95bb2 DependenciesID=2b91f449ab1b881aa4317b3477aee351 StaticDependenciesID=a51dbafba4647f7f85fa34f4261edf93 
Importing 'GUID: a0203f98bbc272f4b8770112f8b8610f - Path: Assets/Sapphire/Generated/Tile_SlimeV3_Shore_18.asset' with importer (NativeFormatImporter)
Imported 'GUID: a0203f98bbc272f4b8770112f8b8610f' -> (Import Result ID: '6c48cb95cd45a05801b93b5047b00ce5') in 0.001 seconds [static dependencies only]. Details - ImportResultOutputID=5acf76c715389654d97015a97a618637 DependenciesID=54a39ac28a1e58a717dd08a4c2415561 StaticDependenciesID=238f8675e284659b4ee88de16f006dc3 
Importing 'GUID: a02b76a1300705c4c92a08fec86c4f18 - Path: Assets/Sapphire/Generated/Tile_SlimeV3_Water_2.asset' with importer (NativeFormatImporter)
Imported 'GUID: a02b76a1300705c4c92a08fec86c4f18' -> (Import Result ID: '3cb7af8fc754e55e3eade77d75763dc3') in 0.001 seconds [static dependencies only]. Details - ImportResultOutputID=7dcfa37005c6655471c88e9887e8f5b1 DependenciesID=da6e22c6cee021863af889888f7f7be8 StaticDependenciesID=bc264f22b21206097bb71efd6f555b12 
Importing 'GUID: c0596d520b7267d44a4ced2c9ee11cd5 - Path: Assets/Sapphire/Generated/Tile_SlimeV3_Shore_23.asset' with importer (NativeFormatImporter)
Imported 'GUID: c0596d520b7267d44a4ced2c9ee11cd5' -> (Import Result ID: '60cabaeb60dcb6f9775128099ef6ddfb') in 0.001 seconds [static dependencies only]. Details - ImportResultOutputID=559ae252dcf5755c29a05e90b2a16f05 DependenciesID=b88067aa6b3cde60f35be12a712f0297 StaticDependenciesID=edfcd5dc18e8ffeeb79d500bed5c9339 
Importing 'GUID: c05f7ce61d20ca3499444bd857c867d4 - Path: Assets/Sapphire/Generated/Tile_SlimeV3_Dirt_0.asset' with importer (NativeFormatImporter)
Imported 'GUID: c05f7ce61d20ca3499444bd857c867d4' -> (Import Result ID: '9474b1744e8715a2f8951e39fc10a0ba') in 0.001 seconds [static dependencies only]. Details - ImportResultOutputID=2d19716fa945fdc346272c25f774fd43 DependenciesID=4587a9c4a09a139bc7dc0303cdbdd5da StaticDependenciesID=b7dada31025e46714695f2650dcdfbc9 
Importing 'GUID: 217485a20f6205f40964f4b8a26beb50 - Path: Assets/Sapphire/Generated/Tile_SlimeV3_Grass_0.asset' with importer (NativeFormatImporter)
Imported 'GUID: 217485a20f6205f40964f4b8a26beb50' -> (Import Result ID: '6d271c014bc0c27362ccd56648e93fe7') in 0.001 seconds [static dependencies only]. Details - ImportResultOutputID=358137b689c047f0b55e9c9bf1b95b96 DependenciesID=83c93a42fa80665acbb61dd973767607 StaticDependenciesID=07668224a4af7f939bb799a7f120c7f5 
Importing 'GUID: 519489caefd64ec439334b5e88d27013 - Path: Assets/Sapphire/Generated/Tile_SlimeV3_Shore_8.asset' with importer (NativeFormatImporter)
Imported 'GUID: 519489caefd64ec439334b5e88d27013' -> (Import Result ID: 'f8428890b94dc0ebaadc86be7f8af13a') in 0.001 seconds [static dependencies only]. Details - ImportResultOutputID=07ff952b36ed6e3ac470305d6315a64b DependenciesID=90bbe05d0f42df430bf78ffac9f19b67 StaticDependenciesID=1ea49d8a47ecfbd83103b71d48e84170 
Importing 'GUID: 516a159635474364eb2c529066cd72fc - Path: Assets/Sapphire/Generated/Tile_SlimeV3_Shore_0.asset' with importer (NativeFormatImporter)
Imported 'GUID: 516a159635474364eb2c529066cd72fc' -> (Import Result ID: 'bd14e9d14d10a0fba08a3f6401e5fdeb') in 0.001 seconds [static dependencies only]. Details - ImportResultOutputID=db87b099fc494597980518d3a707d527 DependenciesID=7da5598099780a0a9d126958c90ad2fb StaticDependenciesID=486d9b56cc29b3d2a6a63d02d869a57b 
Importing 'GUID: f1cc342daba069a4e8e80a03015fd121 - Path: Assets/Sapphire/Generated/Tile_SlimeV3_Stone_0.asset' with importer (NativeFormatImporter)
Imported 'GUID: f1cc342daba069a4e8e80a03015fd121' -> (Import Result ID: 'a9ec90a3f15a9af93d4fb9a02239463c') in 0.001 seconds [static dependencies only]. Details - ImportResultOutputID=1ca3eea69147d96b28803e40ea7e3c8d DependenciesID=25e7d74773ba05935c83cfd4423fc698 StaticDependenciesID=f7df31cc2b412135c08ec96e051ecdf2 
Importing 'GUID: d21aaf63fca0d25459c18fe3f9cab6db - Path: Assets/Sapphire/Generated/Tile_SlimeV3_Stone_1.asset' with importer (NativeFormatImporter)
Imported 'GUID: d21aaf63fca0d25459c18fe3f9cab6db' -> (Import Result ID: '1731d172c97210e648458efe06e39a3d') in 0.001 seconds [static dependencies only]. Details - ImportResultOutputID=865f05b331b892b681968296b1fae451 DependenciesID=167ac6f11854824b8eabd0e0c28bc845 StaticDependenciesID=dc2e1831cca2f5749586429dee734c41 
Importing 'GUID: d2cec36f25834724ebd8003e1376e74d - Path: Assets/Sapphire/Generated/Tile_SlimeV3_Shore_26.asset' with importer (NativeFormatImporter)
Imported 'GUID: d2cec36f25834724ebd8003e1376e74d' -> (Import Result ID: '019bd46c0c59d9e14b4cbfae561c733f') in 0.001 seconds [static dependencies only]. Details - ImportResultOutputID=7731b197e775b342076b914b3d00dad6 DependenciesID=570f81b341518c771d0ee7430f54daef StaticDependenciesID=27d25cce7b6982cf39cda697ae403eba 
Importing 'GUID: 7329bbc4fbfcf8c4e97c05a601100f85 - Path: Assets/Sapphire/Generated/Tile_SlimeV3_Shore_13.asset' with importer (NativeFormatImporter)
Imported 'GUID: 7329bbc4fbfcf8c4e97c05a601100f85' -> (Import Result ID: '7d5aa35f7eeeb4af05c615b0b7cd3279') in 0.001 seconds [static dependencies only]. Details - ImportResultOutputID=3ab7a3bb3f1efed16e1c6fb5479b5e1f DependenciesID=5c0b7f2ac1e9c5680d175c92c76a6546 StaticDependenciesID=4a2d54504f7d35e76babd7835f413ddb 
Importing 'GUID: 93a46686c16d3054c8e7496e784b3fc2 - Path: Assets/Sapphire/Generated/Tile_SlimeV3_Shore_7.asset' with importer (NativeFormatImporter)
Imported 'GUID: 93a46686c16d3054c8e7496e784b3fc2' -> (Import Result ID: 'baaf6567a195823b3d61c1619ca052d5') in 0.001 seconds [static dependencies only]. Details - ImportResultOutputID=e9c122430da7f9c00e6a98d54f5e85d3 DependenciesID=14501c9c8167a9f41b33612eb6219350 StaticDependenciesID=c996781848c8d23249ddbeca7fa8ae3b 
Importing 'GUID: f3e4ba284cb50be4fb7057de1d22a65c - Path: Assets/Sapphire/Generated/Tile_SlimeV3_Shore_27.asset' with importer (NativeFormatImporter)
Imported 'GUID: f3e4ba284cb50be4fb7057de1d22a65c' -> (Import Result ID: '8afccf4202e127301cfe20e51f522757') in 0.001 seconds [static dependencies only]. Details - ImportResultOutputID=70b557dd3025362f2ffa8b9c4ae17bcc DependenciesID=031027e50654ae14484b07e149e7aabb StaticDependenciesID=93b79a7c2e0ac01291ee737aa90366b5 
Importing 'GUID: 641a64cf67934134c96e30209e9c827a - Path: Assets/Sapphire/Generated/Tile_SlimeV3_Shore_2.asset' with importer (NativeFormatImporter)
Imported 'GUID: 641a64cf67934134c96e30209e9c827a' -> (Import Result ID: '10ed0ba66d9db95e0d35400cc5824d86') in 0.001 seconds [static dependencies only]. Details - ImportResultOutputID=5ada08f136e2cf4473d83ff12b020df7 DependenciesID=b256033ca02f2580e5d4175ab9b897d1 StaticDependenciesID=9d95131c388ae2db79b9f8005e9b61dd 
Importing 'GUID: 853e0f9cd6bb92d4783f32ade04670d5 - Path: Assets/Sapphire/Generated/Tile_SlimeV3_Dirt_2.asset' with importer (NativeFormatImporter)
Imported 'GUID: 853e0f9cd6bb92d4783f32ade04670d5' -> (Import Result ID: 'e9b34f02820d7f2a2785bab6e580e65d') in 0.001 seconds [static dependencies only]. Details - ImportResultOutputID=6c12c3966ca05b26c749d952f7e84002 DependenciesID=bc3cb3400310f91627db4d873dedc082 StaticDependenciesID=05d8ae7d2ecbbe31f72e3fb03efa9dae 
Importing 'GUID: f506f8e4c9140bc4fbc878a52d960cfa - Path: Assets/Sapphire/Generated/Tile_SlimeV3_Shore_17.asset' with importer (NativeFormatImporter)
Imported 'GUID: f506f8e4c9140bc4fbc878a52d960cfa' -> (Import Result ID: '550ebf2c5606ca8380f91aee7a44184c') in 0.001 seconds [static dependencies only]. Details - ImportResultOutputID=1488aba0ef9a0abc8979b03ce2fb2b8b DependenciesID=7c9b2925c2816db9412f11a68a2faeac StaticDependenciesID=aeea7660ec29897bcea58ba26e600d76 
Importing 'GUID: 36ce0cdb570b08d46b928c3bf7cd779b - Path: Assets/Sapphire/Generated/Tile_SlimeV3_Shore_6.asset' with importer (NativeFormatImporter)
Imported 'GUID: 36ce0cdb570b08d46b928c3bf7cd779b' -> (Import Result ID: 'b5f7b87fd0f1fa6c7e46dcc23191f5b5') in 0.001 seconds [static dependencies only]. Details - ImportResultOutputID=7e5f051f87a260e1b06f796dbb937535 DependenciesID=28e28926c584bbd39294804e24591ad1 StaticDependenciesID=7cc4d9462fe7e82f6d1c11083d7d5931 
Importing 'GUID: 66cdf9f01ba87ae4abd3eebbabce5a05 - Path: Assets/Sapphire/Generated/Tile_SlimeV3_Shore_22.asset' with importer (NativeFormatImporter)
Imported 'GUID: 66cdf9f01ba87ae4abd3eebbabce5a05' -> (Import Result ID: '32ad1e81a0fd395f1d690ff158ab57be') in 0.001 seconds [static dependencies only]. Details - ImportResultOutputID=e29a8e7fb809194a61cc016208fd04ee DependenciesID=90e5a138ea130dbefcb2e13c5c27445a StaticDependenciesID=8adefda2be13631fd7ff608185103ffe 
Importing 'GUID: 86ad242169964134f946b04ccae2893f - Path: Assets/Sapphire/Generated/Tile_SlimeV3_Shore_5.asset' with importer (NativeFormatImporter)
Imported 'GUID: 86ad242169964134f946b04ccae2893f' -> (Import Result ID: '096bba1eaacaadf0728f61eb78fa5ccb') in 0.001 seconds [static dependencies only]. Details - ImportResultOutputID=64eecf89b928cbadc8ba13684a8b7a72 DependenciesID=a24dc7193706ec3df6d4d40e91f40a44 StaticDependenciesID=7f519206f965b21507c85d87ac16f344 
Importing 'GUID: a72bb2b657d8c3b48b48315a10f6c1a0 - Path: Assets/Sapphire/Generated/Tile_SlimeV3_Shore_19.asset' with importer (NativeFormatImporter)
Imported 'GUID: a72bb2b657d8c3b48b48315a10f6c1a0' -> (Import Result ID: 'a6f975bd9e95678b3a412828e37bbcbe') in 0.001 seconds [static dependencies only]. Details - ImportResultOutputID=d5f57a3e4211871cb8470b1949f96784 DependenciesID=a1b6b872d581bc82d03f5d5a98e20bd9 StaticDependenciesID=2226491a91467c4725a9de2f6a150015 
Importing 'GUID: c71fc5ce80a516b4981da98ec9d153b5 - Path: Assets/Sapphire/Generated/Tile_SlimeV3_Shore_30.asset' with importer (NativeFormatImporter)
Imported 'GUID: c71fc5ce80a516b4981da98ec9d153b5' -> (Import Result ID: 'f6f8c94002bce099f850ff991fa55a5e') in 0.001 seconds [static dependencies only]. Details - ImportResultOutputID=f9f769c16305b0292e683d993b24561a DependenciesID=afb753a69f6e7dca5c06ae3bc5a90c2c StaticDependenciesID=1cae450b4b933386a193b0140bdad1c2 
Importing 'GUID: 593e42e2283ff0142904caefebd9082e - Path: Assets/Sapphire/Generated/Tile_SlimeV3_Dirt_1.asset' with importer (NativeFormatImporter)
Imported 'GUID: 593e42e2283ff0142904caefebd9082e' -> (Import Result ID: '8390fb41f3a68b08ce7293adacdf354a') in 0.001 seconds [static dependencies only]. Details - ImportResultOutputID=d0240da5db2b469b2e9a42dd643b598a DependenciesID=190bcb91865aedce8fd8686e96adb025 StaticDependenciesID=3b214c13558c61ae5c77d973f6c3126c 
Importing 'GUID: d9346a56beb373544a89f158e1ef8422 - Path: Assets/Sapphire/Generated/Tile_SlimeBlocker.asset' with importer (NativeFormatImporter)
Imported 'GUID: d9346a56beb373544a89f158e1ef8422' -> (Import Result ID: 'eba0a457c7464282f2ee3af812d5b54a') in 0.001 seconds [static dependencies only]. Details - ImportResultOutputID=28a32484e9ae533b7c9b70a40e233be4 DependenciesID=05f66ab356a2b5273686eaf8ea8a7cea StaticDependenciesID=82ff53026aa485340e87ac75df32c77f 
Importing 'GUID: f9764df9493932741942e1134663f2b1 - Path: Assets/Sapphire/Generated/Tile_SlimeV3_Shore_31.asset' with importer (NativeFormatImporter)
Imported 'GUID: f9764df9493932741942e1134663f2b1' -> (Import Result ID: '8846650ba7235544263b0ba967274df3') in 0.001 seconds [static dependencies only]. Details - ImportResultOutputID=94aa364c674677ea51ab16d74f1dd8b6 DependenciesID=d5ee1ac5f27459ee5cef997e65077724 StaticDependenciesID=70b648afa46fefa2aab19bde0eb59827 
Importing 'GUID: 6a7f3cbb2b32f4344b9b954f178ff982 - Path: Assets/Sapphire/Generated/Tile_SlimeV3_Shore_4.asset' with importer (NativeFormatImporter)
Imported 'GUID: 6a7f3cbb2b32f4344b9b954f178ff982' -> (Import Result ID: 'ae0758287fcbae1b1253ab11360e5062') in 0.001 seconds [static dependencies only]. Details - ImportResultOutputID=b8058cb1d12b3274f0e42405356b46e3 DependenciesID=6e8b630c7a8186b4254497cf3a366ad2 StaticDependenciesID=bb2e159ea8e19e86af135c2c3a1077e2 
Importing 'GUID: 0b1bfa6bd69a1834fb2d830f80745581 - Path: Assets/Sapphire/Generated/Tile_SlimeV3_Shore_1.asset' with importer (NativeFormatImporter)
Imported 'GUID: 0b1bfa6bd69a1834fb2d830f80745581' -> (Import Result ID: '3100aefd4a69987b448c1b2007bf3560') in 0.001 seconds [static dependencies only]. Details - ImportResultOutputID=51352764823276f40548c6f22baf1bdc DependenciesID=d1d3f9729ad1c0539757be5a29514179 StaticDependenciesID=8b1e77b16150e506924655f36fbb88a5 
Importing 'GUID: 3b73b0e36881c5047838f8e22b4b6a09 - Path: Assets/Sapphire/Generated/Tile_SlimeV3_Shore_25.asset' with importer (NativeFormatImporter)
Imported 'GUID: 3b73b0e36881c5047838f8e22b4b6a09' -> (Import Result ID: '0600ffd1510bcbcc6ea3971534728eaf') in 0.001 seconds [static dependencies only]. Details - ImportResultOutputID=c41193d9c5e9c7463fc21b301ce016d7 DependenciesID=5bec387d6e651131e861a392765eae11 StaticDependenciesID=021937ede215898acbfacfed93c55997 
Importing 'GUID: 4b25107e629ad7c4c8279c30fef2aee2 - Path: Assets/Sapphire/Generated/Tile_SlimeV3_Grass_3.asset' with importer (NativeFormatImporter)
Imported 'GUID: 4b25107e629ad7c4c8279c30fef2aee2' -> (Import Result ID: '9916742b6f946b49749dd71286379029') in 0.001 seconds [static dependencies only]. Details - ImportResultOutputID=1f1be97334cbed228d9456948e1b19a0 DependenciesID=bc0c75f2cf5db41df20e078c0208725e StaticDependenciesID=f71f7ba2e3c141a6e37d1b0e9ae3b239 
Importing 'GUID: 4b6abdb46fe847a4aaa13ebe04f19a8e - Path: Assets/Sapphire/Generated/Tile_SlimeV3_Stone_3.asset' with importer (NativeFormatImporter)
Imported 'GUID: 4b6abdb46fe847a4aaa13ebe04f19a8e' -> (Import Result ID: '23bc52607ddd6b34694163f7cb75f2f0') in 0.001 seconds [static dependencies only]. Details - ImportResultOutputID=7e8ed7bb6fb15ead13715b98c4cb2cf0 DependenciesID=f8bdac8f277fc6c4ff980ca8e83b4330 StaticDependenciesID=76743710fd05a20939fd68592a57ebcf 
Importing 'GUID: 1c7ea8d1696323c40b92f588ba09ef1e - Path: Assets/Sapphire/Generated/Tile_SlimeV3_Shore_14.asset' with importer (NativeFormatImporter)
Imported 'GUID: 1c7ea8d1696323c40b92f588ba09ef1e' -> (Import Result ID: '8576ea003a6e57534083cded056f78a0') in 0.001 seconds [static dependencies only]. Details - ImportResultOutputID=73238f4fd420f5570deb0fea212bbabe DependenciesID=294825d0ba938cd0cdc130d6834eb6de StaticDependenciesID=28a3d49e992a1a59172c0c650b66c039 
Importing 'GUID: 3c95927c84056ae46a253eae42803aed - Path: Assets/Sapphire/Generated/Tile_SlimeV3_Shore_16.asset' with importer (NativeFormatImporter)
Imported 'GUID: 3c95927c84056ae46a253eae42803aed' -> (Import Result ID: '708191b48f4826420fced42b1a448d84') in 0.001 seconds [static dependencies only]. Details - ImportResultOutputID=a143a0802fd609c64e7e527f252dbde8 DependenciesID=cd75763f0df5277a2fc40fff2781cd46 StaticDependenciesID=18d812b6028d3525c4ac8acaaf4ac1ee 
Importing 'GUID: 3cbd4dd37df1a1f4bb69a80dbe82799b - Path: Assets/Sapphire/Generated/Tile_SlimeV3_Shore_9.asset' with importer (NativeFormatImporter)
Imported 'GUID: 3cbd4dd37df1a1f4bb69a80dbe82799b' -> (Import Result ID: '0da6343a267e36aed78f36e956b621cf') in 0.001 seconds [static dependencies only]. Details - ImportResultOutputID=994d04b45d3d96eaa456dd6f0eb331f4 DependenciesID=632a2d58eafdf007f436696ad6824095 StaticDependenciesID=0ce363167df9777bde40c773cf257fd4 
Importing 'GUID: 8ce5ad78b4fe57f48937f84b316fd025 - Path: Assets/Sapphire/Generated/Tile_SlimeV3_Stone_2.asset' with importer (NativeFormatImporter)
Imported 'GUID: 8ce5ad78b4fe57f48937f84b316fd025' -> (Import Result ID: '87ea1ce5f121417ec1fcf59517a30a83') in 0.001 seconds [static dependencies only]. Details - ImportResultOutputID=a55c4e2aec713b272e911bad6da78d6f DependenciesID=c4c36d5bf646a1acc2673059b740359a StaticDependenciesID=0ffda70a7d912ae6fc1d576f7f860bc3 
Importing 'GUID: 0dc49e5d78999d740acb7e2a484def4f - Path: Assets/Sapphire/Generated/Tile_SlimeV3_Grass_1.asset' with importer (NativeFormatImporter)
Imported 'GUID: 0dc49e5d78999d740acb7e2a484def4f' -> (Import Result ID: '726cb32c1e5deec47d1a7a1d27bc8a2f') in 0.001 seconds [static dependencies only]. Details - ImportResultOutputID=6bba8ed618d7047fd029cadf809bc5f4 DependenciesID=2424018df06fc03a9572a954ba5e06b0 StaticDependenciesID=318c32ae24bf014931b5eceb3e822309 
Importing 'GUID: 3d4cfbdbe2bfce74f8150d2a571ea3a2 - Path: Assets/Sapphire/Generated/Tile_SlimeV3_Shore_3.asset' with importer (NativeFormatImporter)
Imported 'GUID: 3d4cfbdbe2bfce74f8150d2a571ea3a2' -> (Import Result ID: '6c4ac92f8bd0cac43d1a05a34bcec52e') in 0.001 seconds [static dependencies only]. Details - ImportResultOutputID=498a344365f00aacfcae4e938ba9f8a6 DependenciesID=69b17672b29ea3aa90739ab995c77e7b StaticDependenciesID=32f7e0e6329e87cdcede7c2b56c3770c 
Importing 'GUID: 5de925ed662ee8f4c9e9eb7041b4f214 - Path: Assets/Sapphire/Generated/Tile_SlimeV3_Shore_29.asset' with importer (NativeFormatImporter)
Imported 'GUID: 5de925ed662ee8f4c9e9eb7041b4f214' -> (Import Result ID: 'c3483232a8bed617578155d9db466f6b') in 0.001 seconds [static dependencies only]. Details - ImportResultOutputID=f455bd163bb8c299fdec47fe15a935fd DependenciesID=a9f864fe2664812a5a1196dde3ad6f10 StaticDependenciesID=f0ff9205bde49b922bd21ae2eed824a0 
Importing 'GUID: 6d28fb14529b93f4aac0f1b07dd5c654 - Path: Assets/Sapphire/Generated/Tile_SlimeV3_Water_0.asset' with importer (NativeFormatImporter)
Imported 'GUID: 6d28fb14529b93f4aac0f1b07dd5c654' -> (Import Result ID: '11b84176118c22f956237be48151f633') in 0.001 seconds [static dependencies only]. Details - ImportResultOutputID=f9faa7bfecaaff601a2df90b7827ad40 DependenciesID=9686e19a21eaa40c40b3b60e92bcfaf7 StaticDependenciesID=76511582aa82b4431385a29e8e31b4d2 
Importing 'GUID: dd24f335797493f49a5724c5ce5fd325 - Path: Assets/Sapphire/Generated/Tile_SlimeV3_Shore_12.asset' with importer (NativeFormatImporter)
Imported 'GUID: dd24f335797493f49a5724c5ce5fd325' -> (Import Result ID: '3871c9da63994ddadd870d3887c59f67') in 0.001 seconds [static dependencies only]. Details - ImportResultOutputID=95d30994b04f90f5e04af7e32b1c6454 DependenciesID=e95fcbc1d1f3262e1ad8e7337590a99d StaticDependenciesID=08a260ecec86fe25557d33e446c99f60 
Importing 'GUID: 7ed3f64530638bb47996c5b164866e70 - Path: Assets/Sapphire/Generated/Tile_SlimeV3_Shore_24.asset' with importer (NativeFormatImporter)
Imported 'GUID: 7ed3f64530638bb47996c5b164866e70' -> (Import Result ID: '3651c8608f55db026a2b2fd9cac9777b') in 0.001 seconds [static dependencies only]. Details - ImportResultOutputID=c9797a7bee6661e13eefd755be47531f DependenciesID=27669222da212547cacd79dbb5de1157 StaticDependenciesID=dba1f1c9c1f13fbbe0b5ae1dce8342f8 
Importing 'GUID: 8e01048902fba5541bf31d1d31b91870 - Path: Assets/Sapphire/Generated/Tile_SlimeV3_Shore_28.asset' with importer (NativeFormatImporter)
Imported 'GUID: 8e01048902fba5541bf31d1d31b91870' -> (Import Result ID: '9b28ba9bdc63665a2fb49017e1634e72') in 0.001 seconds [static dependencies only]. Details - ImportResultOutputID=abd8511f6841513ec2941350cd1fa379 DependenciesID=e5b44fd50675dab675c598f0f921e9f4 StaticDependenciesID=163cf1900d2643a3cf724034b6a9a95f 
Importing 'GUID: 8e5928b62641d6f4f930093ae9f2c81f - Path: Assets/Sapphire/Generated/Tile_SlimeV3_Shore_21.asset' with importer (NativeFormatImporter)
Imported 'GUID: 8e5928b62641d6f4f930093ae9f2c81f' -> (Import Result ID: '1ee7dc48ea2ddba673594eca3427d812') in 0.001 seconds [static dependencies only]. Details - ImportResultOutputID=81ea9c2b4d97c42c54770a90c65ba123 DependenciesID=96696b830bc9f511a60fd0186d97c4c3 StaticDependenciesID=d2ea5371c9964bca27755aa5af162311 
Importing 'GUID: aee62d99555f51a4ca26131a9d52e11d - Path: Assets/Sapphire/Generated/Tile_SlimeV3_Water_1.asset' with importer (NativeFormatImporter)
Imported 'GUID: aee62d99555f51a4ca26131a9d52e11d' -> (Import Result ID: '4b336932a6325073f800aa3d4b0e5cba') in 0.001 seconds [static dependencies only]. Details - ImportResultOutputID=f8a8d4d67d3206299c0ba8d2ce3f9f80 DependenciesID=29e9a8535ad84ca87d9e0a9a596befd5 StaticDependenciesID=b71c37d216018fc048dbee6e5ac2f21d 
Importing 'GUID: ce9c7b199c5e88f468b2f6b7b08cada8 - Path: Assets/Sapphire/Generated/Tile_SlimeV3_Grass_2.asset' with importer (NativeFormatImporter)
Imported 'GUID: ce9c7b199c5e88f468b2f6b7b08cada8' -> (Import Result ID: '832224129686b0fa3775574ccc115720') in 0.001 seconds [static dependencies only]. Details - ImportResultOutputID=f4791e2d7e9c87c6b120fb78d4a722ad DependenciesID=d4835a6ba1f0c65111de812052afe7bb StaticDependenciesID=f4377c0c589f067c8689f8aeaff0af90 
Importing 'GUID: de9bf1787d3e48b45bb09e64bb05bffb - Path: Assets/Sapphire/Generated/Tile_SlimeV3_Shore_11.asset' with importer (NativeFormatImporter)
Imported 'GUID: de9bf1787d3e48b45bb09e64bb05bffb' -> (Import Result ID: '0d0c8e69330f9f12e40bdb2b641fbba6') in 0.001 seconds [static dependencies only]. Details - ImportResultOutputID=77711dd5d8dda62602f021c29a9d335f DependenciesID=3da1b382ef817ec9a258df1a8612d023 StaticDependenciesID=65c2ebf1aa5c84eefdc3ff3dec57a864 
Importing 'GUID: 6fcae1e4046e85f46834b608afef9abe - Path: Assets/Sapphire/Generated/Tile_SlimeV3_Water_3.asset' with importer (NativeFormatImporter)
Imported 'GUID: 6fcae1e4046e85f46834b608afef9abe' -> (Import Result ID: '62a5f00439413326f4dfaabc9c4a0812') in 0.001 seconds [static dependencies only]. Details - ImportResultOutputID=19e85adca67c8f5c0b531515c64fb3af DependenciesID=3e9a35c0a8be9f29b3e1946c3dcd6f65 StaticDependenciesID=6aeecfdd39792fbc49272276e015c230 
Importing 'GUID: 6fafa626dd5dd4840bca2fe5e89d089f - Path: Assets/Sapphire/Generated/Tile_SlimeV3_Shore_10.asset' with importer (NativeFormatImporter)
Imported 'GUID: 6fafa626dd5dd4840bca2fe5e89d089f' -> (Import Result ID: 'c2e0ed19626d83dcfd8967f43112d532') in 0.001 seconds [static dependencies only]. Details - ImportResultOutputID=a0ea68291f3866e4a1798079310e7160 DependenciesID=40ac59b39ab85be7e4a1d9cef438213d StaticDependenciesID=c54ccf484353035cc05a46ec34be6ff3 
Importing 'GUID: df3c50d0533ab7641bf5d7852bf3b8c0 - Path: Assets/Sapphire/Generated/Tile_SlimeV3_Dirt_3.asset' with importer (NativeFormatImporter)
Imported 'GUID: df3c50d0533ab7641bf5d7852bf3b8c0' -> (Import Result ID: '3f7f311e4873d3cc811f13774ddec4cf') in 0.001 seconds [static dependencies only]. Details - ImportResultOutputID=b9490546d507da903d5972ba28a195ca DependenciesID=88950a885ae3bdb4e55567d1de1b31a7 StaticDependenciesID=5377c2754110c660648bd07db03c9256 
Asset Pipeline Refresh (id=d4a5a01e0f6aa5241a7f9d2c105a0e11): Total: 0.085 seconds - Initiated by StopAssetImportingV2(NoUpdateAssetOptions)
Importing 'GUID: ace42b7247777c44bbe006f29265b38e - Path: Assets/Sapphire/Scenes/SlimeKingdom.unity' with importer (DefaultImporter)
Imported 'GUID: ace42b7247777c44bbe006f29265b38e' -> (Import Result ID: '2370ae8ecc65f4c853efee4d59ebc2e0') in 0.002 seconds [static dependencies only]. Details - ImportResultOutputID=946a2bddb4f86b9d9edf09a3d4c33802 DependenciesID=f6ee8925d48cbf0495fc29a930ec84bc StaticDependenciesID=4295b321add4f831e0ac259d1050f738 
Asset Pipeline Refresh (id=4e3d9d2956e939e48a8ba8847aae16ce): Total: 0.024 seconds - Initiated by StopAssetImportingV2(NoUpdateAssetOptions)
SAPPHIRE_BUILD SUCCESS
UnityEngine.Debug:ExtractStackTraceNoAlloc (byte*,int,string)
UnityEngine.StackTraceUtility:ExtractStackTrace ()
UnityEngine.DebugLogHandler:Internal_Log (UnityEngine.LogType,UnityEngine.LogOption,string,UnityEngine.Object)
UnityEngine.DebugLogHandler:LogFormat (UnityEngine.LogType,UnityEngine.Object,string,object[])
UnityEngine.Logger:Log (UnityEngine.LogType,object)
UnityEngine.Debug:Log (object)
Sapphire.EditorTools.SapphireSceneBuilder:BuildAll () (at Assets/Sapphire/Editor/SapphireSceneBuilder.cs:66)
PreviewCapture:CaptureVillageHub () (at Assets/Sapphire/Editor/PreviewCapture.cs:17)

(Filename: Assets/Sapphire/Editor/SapphireSceneBuilder.cs Line: 66)

Opening scene 'Assets/Sapphire/Scenes/VillageHub.unity'
Unloading 0 Unused Serialized files (Serialized files now loaded: 0)
Loaded scene 'Assets/Sapphire/Scenes/VillageHub.unity'
	Deserialize:            34.876 ms
	Integration:            41.425 ms
	Integration of assets:  0.021 ms
	Thread Wait Time:       0.035 ms
	Total Operation Time:   76.357 ms
Unloading 213 unused Assets / (217.5 KB). Loaded Objects now: 4469.
Memory consumption went from 383.5 MB to 383.3 MB.
Total: 5.788400 ms (FindLiveObjects: 0.240000 ms CreateObjectMapping: 0.138900 ms MarkObjects: 5.005100 ms  DeleteObjects: 0.403700 ms)

VILLAGE_PREVIEW_SUCCESS: C:/Users/darac/.gemini/antigravity/brain/30c79ebb-9e0c-4432-9d21-cdbfd419c0cb/village_hub_preview_v4.png
UnityEngine.Debug:ExtractStackTraceNoAlloc (byte*,int,string)
UnityEngine.StackTraceUtility:ExtractStackTrace ()
UnityEngine.DebugLogHandler:Internal_Log (UnityEngine.LogType,UnityEngine.LogOption,string,UnityEngine.Object)
UnityEngine.DebugLogHandler:LogFormat (UnityEngine.LogType,UnityEngine.Object,string,object[])
UnityEngine.Logger:Log (UnityEngine.LogType,object)
UnityEngine.Debug:Log (object)
PreviewCapture:CaptureVillageHub () (at Assets/Sapphire/Editor/PreviewCapture.cs:44)

(Filename: Assets/Sapphire/Editor/PreviewCapture.cs Line: 44)

MonoPathRemapper: Attempts to remap: 2213; Successful remaps: 0
Serialized file version minimum: 23, current 23
[Physics::Module] Cleanup current backend.
[Physics::Module] Id: 0xf2b8ea05
Input System module state changed to: ShutdownInProgress.
Input Polling Thread exited.
Input System module state changed to: Shutdown.
[Licensing::IpcConnector] LicenseClient-darac-notifications channel disconnected successfully.
[Licensing::IpcConnector] LicenseClient-darac channel disconnected successfully.
Lingering sessions upon destruction of worker manager
AcceleratorClientConnectionCallback - disconnected - :0
Cleanup mono
CodeReloadManager destroyed
Checking for leaked weakptr:
  Found no leaked weakptrs.
[Package Manager] Server process was shutdown
##utp:{"type":"MemoryLeaks","version":2,"phase":"Immediate","time":1789904036557,"processId":12112,"allocatedMemory":13274113,"memoryLabels":[{"Default":205095},{"Permanent":15516},{"NewDelete":66387},{"Thread":4205176},{"Manager":32421},{"VertexData":8},{"Geometry":816},{"Texture":24},{"Shader":842313},{"Material":24},{"GfxDevice":57728},{"Animation":952},{"Audio":1544},{"FreeType":8},{"FontEngine":736},{"Physics":2146},{"Physics2D":16},{"Serialization":1304},{"Input":42840},{"JobScheduler":256},{"TextLib":280},{"Mono":48},{"ScriptingNativeRuntime":674964},{"BaseObject":1868744},{"Resource":1208},{"Renderer":3080},{"Transform":4685},{"File":4005},{"WebCam":616},{"Culling":32},{"Terrain":11442},{"Wind":24},{"STL":40},{"String":401516},{"StaticString":3808},{"Utility":2673238},{"Curl":2498},{"PoolAlloc":2168},{"AI":80},{"TypeTree":14869},{"CodeReload":448},{"RuntimeInitializeOnLoadManager":64},{"Sprites":102},{"SpriteAtlas":120},{"GI":7816},{"Director":8296},{"CloudService":118088},{"WebRequest":552},{"VR":47114},{"SceneManager":608},{"Video":64},{"LazyScriptCache":32},{"Camera":17},{"Secure":2377},{"SerializationCache":1576},{"APIUpdating":10320},{"Subsystems":336},{"VirtualTexturing":57888},{"StaticSafetyDebugInfo":278528},{"Analytics":552},{"Hierarchy":1176},{"UIElements":72},{"CoreStats":13688},{"Identifiers":6768},{"Gui":128},{"EditorUtility":119285},{"VersionControl":8},{"Undo":931},{"AssetDatabase":1398314},{"AssetImporter":40},{"EditorGi":328},{"UnityConnect":38905},{"Upm":1912},{"UpmDiagnostics":8},{"AssetCompliance":64},{"DrivenProperties":72},{"LocalIPC":211},{"ProfilerEditor":9746},{"CoreBusinessMetrics":3480},{"Windowing":456},{"Licensing":1232},{"AssetReference":32},{"IPCStream":32}]}
