[Licensing::Module] Trying to connect to existing licensing client channel...
Built from '6000.5/staging' branch; Version is '6000.5.9f1 (b57deb96f08d) revision 11894251'; Using compiler version '194234433'; Build Type 'Release'
[Licensing::IpcConnector] Channel LicenseClient-admin doesn't exist
OS: 'Windows 11  (10.0.26200) Core' Language: 'ko' Physical Memory: 24465 MB
BatchMode: 1, IsHumanControllingUs: 0, StartBugReporterOnCrash: 0, Is64bit: 1
System  architecture: x64
Process architecture: x64
Date: 2026-09-16T08:06:50Z
[Licensing::Module] Successfully launched the LicensingClient (PId: 23524)

COMMAND LINE ARGUMENTS:
C:\Program Files\Unity\Hub\Editor\6000.5.9f1\Editor\Unity.exe
-batchmode
-quit
-nographics
-projectPath
C:\Users\admin\Desktop\games\mobile-rpg\client
-executeMethod
Sapphire.EditorTools.SapphireBuildPlayer.BuildWindows
-logFile
C:\Users\admin\Desktop\games\mobile-rpg\client\build-logs\build_windows_debughook3.log
Successfully changed project path to: C:\Users\admin\Desktop\games\mobile-rpg\client
C:/Users/admin/Desktop/games/mobile-rpg/client
[UnityMemory] Configuration Parameters - Can be set up in boot.config
    "memorysetup-temp-allocator-size-gi-baking-worker=262144"
    "memorysetup-temp-allocator-size-gi-baking-worker=262144"
    "memorysetup-temp-allocator-size-gi-baking-worker=262144"
    "memorysetup-temp-allocator-size-gi-baking-worker=262144"
    "memorysetup-temp-allocator-size-gi-baking-worker=262144"
    "memorysetup-temp-allocator-size-nav-mesh-worker=65536"
    "memorysetup-temp-allocator-size-audio-worker=65536"
    "memorysetup-temp-allocator-size-cloud-worker=32768"
    "memorysetup-temp-allocator-size-gfx=262144"
    "memorysetup-remapper-allocator-initial-capacity=32768"
    "memorysetup-temp-allocator-size-preload-manager=33554432"
    "memorysetup-allocator-temp-initial-block-size-main=262144"
    "memorysetup-allocator-temp-initial-block-size-worker=262144"
    "memorysetup-temp-allocator-size-job-worker=262144"
    "memorysetup-temp-allocator-size-background-worker=32768"
    "memorysetup-bucket-allocator-granularity=16"
    "memorysetup-bucket-allocator-bucket-count=8"
    "memorysetup-bucket-allocator-block-size=33554432"
    "memorysetup-bucket-allocator-block-count=8"
    "memorysetup-main-allocator-block-size=16777216"
    "memorysetup-thread-allocator-block-size=16777216"
    "memorysetup-main-allocator-mimalloc-enabled=0"
    "memorysetup-gfx-main-allocator-block-size=16777216"
    "memorysetup-gfx-thread-allocator-block-size=16777216"
    "memorysetup-cache-allocator-block-size=4194304"
    "memorysetup-typetree-allocator-block-size=2097152"
    "memorysetup-profiler-bucket-allocator-granularity=16"
    "memorysetup-profiler-bucket-allocator-bucket-count=8"
    "memorysetup-profiler-bucket-allocator-block-size=33554432"
    "memorysetup-profiler-bucket-allocator-block-count=8"
    "memorysetup-profiler-allocator-block-size=16777216"
    "memorysetup-profiler-editor-allocator-block-size=1048576"
    "memorysetup-temp-allocator-size-main=16777216"
    "memorysetup-job-temp-allocator-block-size=2097152"
    "memorysetup-job-temp-allocator-block-size-background=1048576"
    "memorysetup-job-temp-allocator-reduction-small-platforms=262144"
Logging is directed to a specific file, skipping project log.Player connection [1644]  Target information:

Player connection [1644]  * "[IP] 192.168.219.100 [Port] 55504 [Flags] 2 [Guid] 4271674201 [EditorId] 4271674201 [Version] 1048832 [Id] WindowsEditor(7,lee) [Debug] 1 [PackageName] WindowsEditor [ProjectName] Editor" 

Player connection [1644]  * "[IP] 172.25.176.1 [Port] 55504 [Flags] 2 [Guid] 4271674201 [EditorId] 4271674201 [Version] 1048832 [Id] WindowsEditor(7,lee) [Debug] 1 [PackageName] WindowsEditor [ProjectName] Editor" 

Player connection [1644] Host joined multi-casting on [225.0.0.222:54997]...
Player connection [1644] Host joined alternative multi-casting on [225.0.0.222:34997]...
Input System module state changed to: Initialized.
[Physics::Module] Initialized fallback backend.
[Physics::Module] Id: 0xdecafbad
[Package Manager] Connected to IPC stream "Upm-26496" after 0.2 seconds.
[Licensing::Module] Licensing is not yet initialized.
[Licensing::IpcConnector] Successfully connected to: "LicenseClient-admin" at "2026-09-16T08:06:50.7661195Z"
[Licensing::Client] Code 10 while verifying Licensing Client signature (process Id: 23524, path: "C:/Program Files/Unity/Hub/Editor/6000.5.9f1/Editor/Data/Resources/Licensing/Client/Unity.Licensing.Client.exe")
[Licensing::Module] LicensingClient has failed validation; ignoring
[Licensing::Client] Handshaking with LicensingClient:
  Version:                 1.18.3+d7ffd15
  Session Id:              578fd86a245b45a9aabf494febaed0ab
  Correlation Id:          c64e4ed54b099ec822d65af301f5c7d1
  External correlation Id: 6628525666196551958
  Machine Id:              cq4R4ynVkOB1d/Vm46CbIOS9oPU=
[Licensing::Module] Successfully connected to LicensingClient on channel: "LicenseClient-admin" (connect: 0.56s, validation: 0.04s, handshake: 0.03s)
[Licensing::IpcConnector] Successfully connected to: "LicenseClient-admin-notifications" at "2026-09-16T08:06:50.8343201Z"
[Licensing::Module] Connected to LicensingClient (PId: 23524, launch time: 0.01, total connection time: 0.63s)
[Licensing::Module] Error: Access token is unavailable; failed to update
[Licensing::Client] Successfully resolved entitlement details
[Licensing::Module] License group:
  Id: 14569790345973-UnityPersXXXX
  Product: Unity Personal
  Type: Assigned
  Expiration: Unlimited
[Licensing::Client] Successfully updated license, isAsync: True, time: 0.01
[Licensing::Client] Successfully resolved entitlement details
[Licensing::Module] Licensing Background thread has ended after 0.66s
[Licensing::Module] Licensing is initialized (took 0.27s).
[Licensing::Client] Successfully resolved entitlement details
Library Redirect Path: Library/
[Physics::Module] Selected backend.
[Physics::Module] Name: PhysX
[Physics::Module] Id: 0xf2b8ea05
[Physics::Module] SDK Version: 4.1.2
[Physics::Module] Integration Version: 1.0.0
[Physics::Module] Threading Mode: Multi-Threaded
Artifact Garbage Collection - Removed 5 unused hashed content files
Initialize engine version: 6000.5.9f1 (b57deb96f08d)
[Subsystems] Discovering subsystems at path C:/Program Files/Unity/Hub/Editor/6000.5.9f1/Editor/Data/Resources/UnitySubsystems
[Subsystems] Discovering subsystems at path C:/Users/admin/Desktop/games/mobile-rpg/client/Assets
Forcing GfxDevice: Null
GfxDevice: creating device client; kGfxThreadingModeNonThreaded
NullGfxDevice:
    Version:  NULL 1.0 [1.0]
    Renderer: Null Device
    Vendor:   Unity Technologies
Initialize mono
Mono path[0] = 'C:/Program Files/Unity/Hub/Editor/6000.5.9f1/Editor/Data/Managed'
Mono path[1] = 'C:/Program Files/Unity/Hub/Editor/6000.5.9f1/Editor/Data/BCLExtensions/runtime/netstandard2.1'
Mono path[2] = 'C:/Program Files/Unity/Hub/Editor/6000.5.9f1/Editor/Data/MonoBleedingEdge/lib/mono/unityjit-win32'
Mono config path = 'C:/Program Files/Unity/Hub/Editor/6000.5.9f1/Editor/Data/MonoBleedingEdge/etc'
Using monoOptions --debugger-agent=transport=dt_socket,embedding=1,server=y,suspend=n,address=127.0.0.1:56496
CodeReloadManager initialized
ImportWorker Server TCP listen port: 0
AcceleratorClientConnectionCallback - disconnected - :0
Begin MonoManager ReloadAssembly
Registering precompiled unity dll's ...
Register platform support module: C:/Program Files/Unity/Hub/Editor/6000.5.9f1/Editor/Data/PlaybackEngines/WebGLSupport/UnityEditor.WebGL.Extensions.dll
Register platform support module: C:/Program Files/Unity/Hub/Editor/6000.5.9f1/Editor/Data/PlaybackEngines/WindowsStandaloneSupport/UnityEditor.WindowsStandalone.Extensions.dll
[Licensing::Client] Successfully resolved entitlement details
Register platform support module: C:/Program Files/Unity/Hub/Editor/6000.5.9f1/Editor/Data/PlaybackEngines/AndroidPlayer/UnityEditor.Android.Extensions.dll
Registered in 0.004950 seconds.
Native extension for Android target not found
Native extension for WindowsStandalone target not found
Native extension for WebGL target not found
Package Manager log level set to [2]
ScheduleIndexationOnStartup MainProcess:False IndexOnStartup:True
Mono: successfully reloaded assembly
- Finished resetting the current domain, in  0.518 seconds
Domain Reload Profiling: 1095ms
	BeginReloadAssembly (160ms)
		CreateAndSetChildDomain (17ms)
	RebuildCommonClasses (5ms)
	RebuildNativeTypeToScriptingClass (23ms)
	initialDomainReloadingComplete (71ms)
	LoadAllAssembliesAndSetupDomain (317ms)
		LoadAssemblies (140ms)
		AnalyzeDomain (232ms)
			TypeCache.Refresh (230ms)
				TypeCache.ScanAssembly (213ms)
	FinalizeReload (520ms)
		SetupLoadedEditorAssemblies (0ms)
			InitializePlatformSupportModulesInManaged (9ms)
			BeforeProcessingInitializeOnLoad (96ms)
			ProcessInitializeOnLoadAttributes (101ms)
			ProcessInitializeOnLoadMethodAttributes (237ms)
[Licensing::Client] Successfully resolved entitlement details
Application.AssetDatabase Initial Refresh Start
[Package Manager] Restoring resolved packages state from cache
[Licensing::Client] Successfully resolved entitlement details
[Package Manager] Registered 41 packages:
  Packages from [https://packages.unity.com]:
    com.unity.inputsystem@1.20.0 (location: C:\Users\admin\Desktop\games\mobile-rpg\client\Library\PackageCache\com.unity.inputsystem@7a4e1a2a8194)
  Built-in packages:
    com.unity.test-framework@1.7.0 (location: C:\Users\admin\Desktop\games\mobile-rpg\client\Library\PackageCache\com.unity.test-framework@1405238725ab)
    com.unity.ugui@2.5.0 (location: C:\Users\admin\Desktop\games\mobile-rpg\client\Library\PackageCache\com.unity.ugui@1c4864518158)
    com.unity.multiplayer.center@1.0.1 (location: C:\Users\admin\Desktop\games\mobile-rpg\client\Library\PackageCache\com.unity.multiplayer.center@b860850997d0)
    com.unity.modules.accessibility@1.0.0 (location: C:\Users\admin\Desktop\games\mobile-rpg\client\Library\PackageCache\com.unity.modules.accessibility)
    com.unity.modules.adaptiveperformance@1.0.0 (location: C:\Users\admin\Desktop\games\mobile-rpg\client\Library\PackageCache\com.unity.modules.adaptiveperformance)
    com.unity.modules.ai@1.0.0 (location: C:\Users\admin\Desktop\games\mobile-rpg\client\Library\PackageCache\com.unity.modules.ai)
    com.unity.modules.androidjni@1.0.0 (location: C:\Users\admin\Desktop\games\mobile-rpg\client\Library\PackageCache\com.unity.modules.androidjni)
    com.unity.modules.animation@1.0.0 (location: C:\Users\admin\Desktop\games\mobile-rpg\client\Library\PackageCache\com.unity.modules.animation)
    com.unity.modules.assetbundle@1.0.0 (location: C:\Users\admin\Desktop\games\mobile-rpg\client\Library\PackageCache\com.unity.modules.assetbundle)
    com.unity.modules.audio@1.0.0 (location: C:\Users\admin\Desktop\games\mobile-rpg\client\Library\PackageCache\com.unity.modules.audio)
    com.unity.modules.cloth@1.0.0 (location: C:\Users\admin\Desktop\games\mobile-rpg\client\Library\PackageCache\com.unity.modules.cloth)
    com.unity.modules.director@1.0.0 (location: C:\Users\admin\Desktop\games\mobile-rpg\client\Library\PackageCache\com.unity.modules.director)
    com.unity.modules.imageconversion@1.0.0 (location: C:\Users\admin\Desktop\games\mobile-rpg\client\Library\PackageCache\com.unity.modules.imageconversion)
    com.unity.modules.imgui@1.0.0 (location: C:\Users\admin\Desktop\games\mobile-rpg\client\Library\PackageCache\com.unity.modules.imgui)
    com.unity.modules.jsonserialize@1.0.0 (location: C:\Users\admin\Desktop\games\mobile-rpg\client\Library\PackageCache\com.unity.modules.jsonserialize)
    com.unity.modules.particlesystem@1.0.0 (location: C:\Users\admin\Desktop\games\mobile-rpg\client\Library\PackageCache\com.unity.modules.particlesystem)
    com.unity.modules.physics@1.0.0 (location: C:\Users\admin\Desktop\games\mobile-rpg\client\Library\PackageCache\com.unity.modules.physics)
    com.unity.modules.physics2d@1.0.0 (location: C:\Users\admin\Desktop\games\mobile-rpg\client\Library\PackageCache\com.unity.modules.physics2d)
    com.unity.modules.physicscore2d@1.0.0 (location: C:\Users\admin\Desktop\games\mobile-rpg\client\Library\PackageCache\com.unity.modules.physicscore2d)
    com.unity.modules.screencapture@1.0.0 (location: C:\Users\admin\Desktop\games\mobile-rpg\client\Library\PackageCache\com.unity.modules.screencapture)
    com.unity.modules.terrain@1.0.0 (location: C:\Users\admin\Desktop\games\mobile-rpg\client\Library\PackageCache\com.unity.modules.terrain)
    com.unity.modules.terrainphysics@1.0.0 (location: C:\Users\admin\Desktop\games\mobile-rpg\client\Library\PackageCache\com.unity.modules.terrainphysics)
    com.unity.modules.tilemap@1.0.0 (location: C:\Users\admin\Desktop\games\mobile-rpg\client\Library\PackageCache\com.unity.modules.tilemap)
    com.unity.modules.ui@1.0.0 (location: C:\Users\admin\Desktop\games\mobile-rpg\client\Library\PackageCache\com.unity.modules.ui)
    com.unity.modules.uielements@1.0.0 (location: C:\Users\admin\Desktop\games\mobile-rpg\client\Library\PackageCache\com.unity.modules.uielements)
    com.unity.modules.umbra@1.0.0 (location: C:\Users\admin\Desktop\games\mobile-rpg\client\Library\PackageCache\com.unity.modules.umbra)
    com.unity.modules.unityanalytics@1.0.0 (location: C:\Users\admin\Desktop\games\mobile-rpg\client\Library\PackageCache\com.unity.modules.unityanalytics)
    com.unity.modules.unitywebrequest@1.0.0 (location: C:\Users\admin\Desktop\games\mobile-rpg\client\Library\PackageCache\com.unity.modules.unitywebrequest)
    com.unity.modules.unitywebrequestassetbundle@1.0.0 (location: C:\Users\admin\Desktop\games\mobile-rpg\client\Library\PackageCache\com.unity.modules.unitywebrequestassetbundle)
    com.unity.modules.unitywebrequestaudio@1.0.0 (location: C:\Users\admin\Desktop\games\mobile-rpg\client\Library\PackageCache\com.unity.modules.unitywebrequestaudio)
    com.unity.modules.unitywebrequesttexture@1.0.0 (location: C:\Users\admin\Desktop\games\mobile-rpg\client\Library\PackageCache\com.unity.modules.unitywebrequesttexture)
    com.unity.modules.unitywebrequestwww@1.0.0 (location: C:\Users\admin\Desktop\games\mobile-rpg\client\Library\PackageCache\com.unity.modules.unitywebrequestwww)
    com.unity.modules.vectorgraphics@1.0.0 (location: C:\Users\admin\Desktop\games\mobile-rpg\client\Library\PackageCache\com.unity.modules.vectorgraphics)
    com.unity.modules.vehicles@1.0.0 (location: C:\Users\admin\Desktop\games\mobile-rpg\client\Library\PackageCache\com.unity.modules.vehicles)
    com.unity.modules.video@1.0.0 (location: C:\Users\admin\Desktop\games\mobile-rpg\client\Library\PackageCache\com.unity.modules.video)
    com.unity.modules.wind@1.0.0 (location: C:\Users\admin\Desktop\games\mobile-rpg\client\Library\PackageCache\com.unity.modules.wind)
    com.unity.modules.xr@1.0.0 (location: C:\Users\admin\Desktop\games\mobile-rpg\client\Library\PackageCache\com.unity.modules.xr)
    com.unity.modules.subsystems@1.0.0 (location: C:\Users\admin\Desktop\games\mobile-rpg\client\Library\PackageCache\com.unity.modules.subsystems)
    com.unity.modules.hierarchycore@1.0.0 (location: C:\Users\admin\Desktop\games\mobile-rpg\client\Library\PackageCache\com.unity.modules.hierarchycore)
    com.unity.ext.nunit@2.1.0 (location: C:\Users\admin\Desktop\games\mobile-rpg\client\Library\PackageCache\com.unity.ext.nunit@44f7d31723bd)
[Subsystems] No new subsystems found in resolved package list.
[Package Manager] Done registering packages in 0.01 seconds
Starting: C:\Program Files\Unity\Hub\Editor\6000.5.9f1\Editor\Data\Tools\BuildPipeline\bee_backend.exe --ipc --defer-dag-verification --dagfile="Library/Bee/1900b0aE.dag" --continue-on-failure --profile="Library/Bee/backend1.traceevents" ScriptAssemblies
WorkingDir: C:/Users/admin/Desktop/games/mobile-rpg/client
DisplayProgressbar: Compiling Scripts
ExitCode: 0 Duration: 0s115ms
*** Tundra build success (0.08 seconds), 0 items updated, 336 evaluated
AssetDatabase: script compilation time: 0.497984s
Begin MonoManager ReloadAssembly
Native extension for Android target not found
Native extension for WindowsStandalone target not found
Native extension for WebGL target not found
ScheduleIndexationOnStartup MainProcess:True IndexOnStartup:True
Mono: successfully reloaded assembly
- Finished resetting the current domain, in  0.532 seconds
Domain Reload Profiling: 1245ms
	BeginReloadAssembly (359ms)
		DisableScriptedObjects (31ms)
		CreateAndSetChildDomain (164ms)
	RebuildCommonClasses (8ms)
	RebuildNativeTypeToScriptingClass (17ms)
	initialDomainReloadingComplete (50ms)
	LoadAllAssembliesAndSetupDomain (277ms)
		LoadAssemblies (235ms)
		AnalyzeDomain (51ms)
			TypeCache.Refresh (36ms)
				TypeCache.ScanAssembly (29ms)
			BuildScriptInfoCaches (13ms)
	FinalizeReload (534ms)
		SetupLoadedEditorAssemblies (0ms)
			InitializePlatformSupportModulesInManaged (8ms)
			BeforeProcessingInitializeOnLoad (94ms)
			ProcessInitializeOnLoadAttributes (126ms)
			ProcessInitializeOnLoadMethodAttributes (79ms)
			AfterProcessingInitializeOnLoad (7ms)
		AwakeInstancesAfterBackupRestoration (33ms)
Starting new worker id: 0 with log in C:/Users/admin/Desktop/games/mobile-rpg/client/Logs/AssetImportWorkerHW0.log

Asset Pipeline Refresh (id=f3c3434c8f909d94d8dcf2914127db18): Total: 2.009 seconds - Initiated by InitialRefreshV2(ForceSynchronousImport)
	(Values over 0.05ms)
	Summary:
		Imports: total=0 (actual=0, local cache=0, cache server=0)
		Asset DB Process Time: managed=0 ms, native=702 ms
		Asset DB Callback time: managed=22 ms, native=17 ms
		Scripting: domain reloads=1, domain reload time=747 ms, compile time=500 ms, other=19 ms
		Project Asset Count: scripts=382, non-scripts=396
		Asset File Changes: new=0, changed=0, moved=0, deleted=0
		Scan Filter Count: 0
	InvokePackagesCallback: 18.897ms
	ApplyChangesToAssetFolders: 0.663ms
	Scan: 42.619ms
	Collect global state as custom dependencies: 9.626ms
	CategorizeScriptCompilationAssets: 8.861ms
	ProcessAssetsWithTransientArtifactChanges: 18.378ms
	CategorizeAssets: 7.969ms
	CompileScripts: 500.050ms
	ImportOutOfDateAssets: 552.527ms (538.330ms without children)
		UnloadImportedAssets: 0.138ms
		EnsureUptoDateAssetsAreRegisteredWithGuidPM: 0.108ms
		ImportSchedulerStart: 13.949ms
	PostProcessAllAssets: 22.992ms
		MonoPostProcessAllAssets: 22.918ms
			WindowAssetPostprocessingWatcher.OnPostprocessAllAssets 8.986ms
			SyncVS.PostprocessSyncProject 1.525ms
			EditModeScopePostprocessor.OnPostprocessAllAssets 0.986ms
			SpeedTree9Postprocessor.OnPostprocessAllAssets 0.781ms
			InputActionAssetPostprocessor.OnPostprocessAllAssets 0.301ms
			ReferencedClipsPostProcessor.OnPostprocessAllAssets 0.291ms
			TerrainToolbarOverlayPostProcessor.OnPostprocessAllAssets 0.222ms
			AssetDatabaseCallbacks.OnPostprocessAllAssets 0.169ms
			ProjectSettingsPostprocessor.OnPostprocessAllAssets 0.146ms
			RenderPipelineGlobalSettingsPostprocessor.OnPostprocessAllAssets 0.090ms
	UnloadStreamsBegin: 1.697ms
	GenerateScriptTypeHashes: 1.968ms
	GenerateScriptTypeSerializationHashes: 3.792ms
	Untracked: 819.536ms

Application.AssetDatabase Initial Refresh End
Scanning for USB devices : 4.534ms
Initializing Unity extensions:
[MODES] ModeService[none].Initialize
[MODES] ModeService[none].LoadModes
[MODES] Loading mode Default (0) for mode-current-id-Sapphire RPG
Unloading 4 Unused Serialized files (Serialized files now loaded: 0)
Unloading 1360 unused Assets / (1.2 MB). Loaded Objects now: 2148.
Memory consumption went from 220.5 MB to 219.3 MB.
Total: 6.976800 ms (FindLiveObjects: 0.186800 ms CreateObjectMapping: 0.329800 ms MarkObjects: 5.852300 ms  DeleteObjects: 0.604900 ms)

Launched and connected shader compiler UnityShaderCompiler.exe after 0.01 seconds
Starting: C:\Program Files\Unity\Hub\Editor\6000.5.9f1\Editor\Data\Tools\BuildPipeline\bee_backend.exe --ipc --defer-dag-verification --dagfile="Library/Bee/1900b0aESkipCompile.dag" --continue-on-failure --profile="Library/Bee/backend1.traceevents" ScriptAssembliesAndTypeDB
WorkingDir: C:/Users/admin/Desktop/games/mobile-rpg/client
ExitCode: 0 Duration: 0s520ms
[2/3        0s] BuildPlayerDataGenerator Library/BuildPlayerData/Editor/TypeDb-All.json
*** Tundra build success (0.48 seconds), 1 items updated, 3 evaluated
Asset Pipeline Refresh (id=52bfd22a54f8d9a4f90b3473d1d7bdd1): Total: 0.009 seconds - Initiated by RefreshV2(NoUpdateAssetOptions)
[ScriptCompilation] Requested script compilation because: Recompiling scripts for player build.
BuildPlayer: start building target 19
Starting: C:\Program Files\Unity\Hub\Editor\6000.5.9f1\Editor\Data\Tools\BuildPipeline\bee_backend.exe --ipc --defer-dag-verification --dagfile="Library/Bee/1900b0aP.dag" --continue-on-failure --profile="Library/Bee/backend1.traceevents" ScriptAssembliesAndTypeDB
WorkingDir: C:/Users/admin/Desktop/games/mobile-rpg/client
Total cache size 258858316
Total cache size after purge 258858316, took 00:00:00.2617491
Worker ready: AssetImportWorkerHW0 0
ExitCode: 0 Duration: 2s193ms
[142/163    0s] CopyFiles Library/Bee/PlayerScriptAssemblies/Sapphire.Domain.dll
[143/163    0s] CopyFiles Library/Bee/PlayerScriptAssemblies/Unity.Multiplayer.Center.Common.pdb
[144/163    0s] CopyFiles Library/Bee/PlayerScriptAssemblies/Sapphire.Infrastructure.pdb
[145/163    0s] CopyFiles Library/Bee/PlayerScriptAssemblies/Unity.Multiplayer.Center.Common.dll
[146/163    0s] CopyFiles Library/Bee/PlayerScriptAssemblies/Sapphire.Domain.pdb
[147/163    0s] CopyFiles Library/Bee/PlayerScriptAssemblies/Sapphire.Infrastructure.dll
[148/163    0s] CopyFiles Library/Bee/PlayerScriptAssemblies/Unity.InternalAPIEngineBridge.004.dll
[149/163    0s] CopyFiles Library/Bee/PlayerScriptAssemblies/Unity.TextMeshPro.dll
[150/163    0s] CopyFiles Library/Bee/PlayerScriptAssemblies/Unity.InternalAPIEngineBridge.004.pdb
[151/163    0s] CopyFiles Library/Bee/PlayerScriptAssemblies/Unity.InputSystem.ForUI.dll
[152/163    0s] CopyFiles Library/Bee/PlayerScriptAssemblies/Unity.InputSystem.dll
[153/163    0s] CopyFiles Library/Bee/PlayerScriptAssemblies/Unity.TextMeshPro.pdb
[154/163    0s] CopyFiles Library/Bee/PlayerScriptAssemblies/Unity.InputSystem.pdb
[155/163    0s] CopyFiles Library/Bee/PlayerScriptAssemblies/Unity.InputSystem.ForUI.pdb
[156/163    0s] CopyFiles Library/Bee/PlayerScriptAssemblies/UnityEngine.UI.pdb
[157/163    0s] CopyFiles Library/Bee/PlayerScriptAssemblies/UnityEngine.UI.dll
[158/163    1s] Csc Library/Bee/artifacts/1900b0aP.dag/Assembly-CSharp.dll (+2 others)
[159/163    0s] CopyFiles Library/Bee/PlayerScriptAssemblies/Assembly-CSharp.pdb
[160/163    0s] CopyFiles Library/Bee/PlayerScriptAssemblies/Assembly-CSharp.dll
[162/163    0s] BuildPlayerDataGenerator Library/BuildPlayerData/Player/RuntimeInitializeOnLoads.json (+1 other)
*** Tundra build success (2.17 seconds), 20 items updated, 163 evaluated
Rebuilding Data files because Assets/Sapphire/Scenes/Login.unity is dirty (hash)


Mono dependencies included in the build
Dependency assembly - System.Data.DataSetExtensions.dll
Dependency assembly - I18N.Rare.dll
Dependency assembly - System.Runtime.InteropServices.dll
Dependency assembly - System.Collections.Specialized.dll
Dependency assembly - Mono.Btls.Interface.dll
Dependency assembly - System.Net.AuthenticationManager.dll
Dependency assembly - System.Windows.Forms.dll
Dependency assembly - System.Core.dll
Dependency assembly - System.ServiceModel.Discovery.dll
Dependency assembly - Unity.InternalAPIEngineBridge.004.dll
Dependency assembly - System.Diagnostics.Tools.dll
Dependency assembly - System.Security.Cryptography.X509Certificates.dll
Dependency assembly - System.Diagnostics.Process.dll
Dependency assembly - System.IO.UnmanagedMemoryStream.dll
Dependency assembly - I18N.CJK.dll
Dependency assembly - System.Web.DynamicData.dll
Dependency assembly - System.EnterpriseServices.dll
Dependency assembly - System.Xml.Linq.dll
Dependency assembly - System.ComponentModel.dll
Dependency assembly - System.ServiceModel.Http.dll
Dependency assembly - System.Globalization.Extensions.dll
Dependency assembly - Microsoft.CSharp.dll
Dependency assembly - SMDiagnostics.dll
Dependency assembly - System.Data.Entity.dll
Dependency assembly - Mono.Data.Tds.dll
Dependency assembly - Mono.Security.Win32.dll
Dependency assembly - System.Numerics.dll
Dependency assembly - Mono.CSharp.dll
Dependency assembly - System.Dynamic.dll
Dependency assembly - System.Reactive.Core.dll
Dependency assembly - Mono.Data.Sqlite.dll
Dependency assembly - System.Xml.dll
Dependency assembly - System.Runtime.Extensions.dll
Dependency assembly - System.Web.Extensions.Design.dll
Dependency assembly - Microsoft.Win32.Registry.AccessControl.dll
Dependency assembly - System.Diagnostics.TraceEvent.dll
Dependency assembly - System.Resources.Writer.dll
Dependency assembly - System.Net.Mail.dll
Dependency assembly - System.Security.Cryptography.Cng.dll
Dependency assembly - System.Web.Routing.dll
Dependency assembly - System.ServiceModel.Web.dll
Dependency assembly - System.Management.dll
Dependency assembly - System.Net.Cache.dll
Dependency assembly - System.Data.SqlClient.dll
Dependency assembly - Assembly-CSharp.dll
Dependency assembly - System.ComponentModel.DataAnnotations.dll
Dependency assembly - System.Transactions.dll
Dependency assembly - System.Runtime.Handles.dll
Dependency assembly - System.Security.AccessControl.dll
Dependency assembly - System.Collections.Immutable.dll
Dependency assembly - System.Web.Http.dll
Dependency assembly - System.Security.Claims.dll
Dependency assembly - System.ObjectModel.dll
Dependency assembly - System.Reflection.TypeExtensions.dll
Dependency assembly - System.Diagnostics.Debug.dll
Dependency assembly - System.Reflection.Emit.Lightweight.dll
Dependency assembly - System.Web.Http.WebHost.dll
Dependency assembly - System.Reflection.dll
Dependency assembly - System.ComponentModel.EventBasedAsync.dll
Dependency assembly - System.ComponentModel.Primitives.dll
Dependency assembly - System.IO.FileSystem.dll
Dependency assembly - Microsoft.Web.Infrastructure.dll
Dependency assembly - System.Json.Microsoft.dll
Dependency assembly - System.ServiceModel.Activation.dll
Dependency assembly - System.Net.Security.dll
Dependency assembly - Mono.Messaging.dll
Dependency assembly - System.Data.OracleClient.dll
Dependency assembly - System.dll
Dependency assembly - Commons.Xml.Relaxng.dll
Dependency assembly - System.Net.WebSockets.Client.dll
Dependency assembly - System.AppContext.dll
Dependency assembly - System.Net.Http.WebRequest.dll
Dependency assembly - System.ComponentModel.TypeConverter.dll
Dependency assembly - System.Reflection.Metadata.dll
Dependency assembly - System.Runtime.CompilerServices.VisualC.dll
Dependency assembly - Microsoft.Win32.Primitives.dll
Dependency assembly - System.Net.Http.Rtc.dll
Dependency assembly - System.Runtime.InteropServices.WindowsRuntime.dll
Dependency assembly - System.Runtime.dll
Dependency assembly - System.Memory.dll
Dependency assembly - System.IdentityModel.dll
Dependency assembly - Mono.Management.dll
Dependency assembly - System.Reflection.Primitives.dll
Dependency assembly - Microsoft.Build.Tasks.v4.0.dll
Dependency assembly - System.Reactive.PlatformServices.dll
Dependency assembly - System.Security.Cryptography.OpenSsl.dll
Dependency assembly - System.ServiceProcess.ServiceController.dll
Dependency assembly - System.Xml.Xsl.Primitives.dll
Dependency assembly - System.Threading.AccessControl.dll
Dependency assembly - System.Net.NetworkInformation.dll
Dependency assembly - Sapphire.Domain.dll
Dependency assembly - System.Reflection.Extensions.dll
Dependency assembly - SystemWebTestShim.dll
Dependency assembly - System.Collections.Concurrent.dll
Dependency assembly - System.Web.RegularExpressions.dll
Dependency assembly - System.Windows.Forms.DataVisualization.dll
Dependency assembly - System.Net.WebHeaderCollection.dll
Dependency assembly - System.Net.ServicePoint.dll
Dependency assembly - System.ComponentModel.Composition.dll
Dependency assembly - System.IO.FileSystem.Watcher.dll
Dependency assembly - System.Security.Cryptography.Csp.dll
Dependency assembly - System.Numerics.Vectors.dll
Dependency assembly - System.Collections.NonGeneric.dll
Dependency assembly - System.Reflection.Emit.ILGeneration.dll
Dependency assembly - System.Reactive.Windows.Forms.dll
Dependency assembly - System.Security.Cryptography.Encryption.ECDsa.dll
Dependency assembly - System.IO.Compression.ZipFile.dll
Dependency assembly - System.Runtime.InteropServices.RuntimeInformation.dll
Dependency assembly - System.Text.Encoding.dll
Dependency assembly - System.Xml.XDocument.dll
Dependency assembly - System.Net.NameResolution.dll
Dependency assembly - System.Net.Http.dll
Dependency assembly - System.Reactive.Experimental.dll
Dependency assembly - System.Reactive.Interfaces.dll
Dependency assembly - System.Web.Extensions.dll
Dependency assembly - System.Web.Services.dll
Dependency assembly - System.Text.Encoding.Extensions.dll
Dependency assembly - WebMatrix.Data.dll
Dependency assembly - System.IO.Pipes.dll
Dependency assembly - System.Security.Principal.Windows.dll
Dependency assembly - System.Runtime.Serialization.Json.dll
Dependency assembly - System.Threading.Timer.dll
Dependency assembly - Mono.Parallel.dll
Dependency assembly - System.Globalization.Calendars.dll
Dependency assembly - System.Net.dll
Dependency assembly - System.Web.Razor.dll
Dependency assembly - System.Threading.Overlapped.dll
Dependency assembly - System.Globalization.dll
Dependency assembly - System.IO.Compression.dll
Dependency assembly - System.Resources.Reader.dll
Dependency assembly - System.Web.ApplicationServices.dll
Dependency assembly - System.Reflection.Emit.dll
Dependency assembly - System.Reactive.Debugger.dll
Dependency assembly - Microsoft.Build.dll
Dependency assembly - System.Messaging.dll
Dependency assembly - System.Reactive.Windows.Threading.dll
Dependency assembly - System.Security.Cryptography.Hashing.Algorithms.dll
Dependency assembly - System.Json.dll
Dependency assembly - System.Web.dll
Dependency assembly - System.Runtime.Loader.dll
Dependency assembly - System.ServiceModel.Duplex.dll
Dependency assembly - System.Threading.Tasks.Parallel.dll
Dependency assembly - Mono.Http.dll
Dependency assembly - cscompmgd.dll
Dependency assembly - System.Data.dll
Dependency assembly - System.Runtime.Serialization.dll
Dependency assembly - System.ServiceModel.NetTcp.dll
Dependency assembly - System.DirectoryServices.Protocols.dll
Dependency assembly - System.Security.Cryptography.Hashing.dll
Dependency assembly - System.Diagnostics.TraceSource.dll
Dependency assembly - System.Web.WebPages.Deployment.dll
Dependency assembly - System.Threading.Tasks.dll
Dependency assembly - System.Design.dll
Dependency assembly - mscorlib.dll
Dependency assembly - netstandard.dll
Dependency assembly - System.ServiceModel.dll
Dependency assembly - System.ServiceModel.Internals.dll
Dependency assembly - System.Data.Common.dll
Dependency assembly - Sapphire.Infrastructure.dll
Dependency assembly - System.Drawing.dll
Dependency assembly - Microsoft.Build.Engine.dll
Dependency assembly - Microsoft.Build.Utilities.v4.0.dll
Dependency assembly - System.Deployment.dll
Dependency assembly - Unity.Multiplayer.Center.Common.dll
Dependency assembly - Mono.Posix.dll
Dependency assembly - System.Runtime.Serialization.Primitives.dll
Dependency assembly - System.Reflection.Context.dll
Dependency assembly - System.Data.Services.Client.dll
Dependency assembly - UnityEngine.UI.dll
Dependency assembly - Mono.Security.dll
Dependency assembly - System.IO.MemoryMappedFiles.dll
Dependency assembly - Microsoft.Extensions.DependencyInjection.Abstractions.dll
Dependency assembly - System.Net.Sockets.dll
Dependency assembly - WindowsBase.dll
Dependency assembly - Microsoft.Extensions.Logging.Abstractions.dll
Dependency assembly - System.Text.Json.dll
Dependency assembly - System.Xaml.dll
Dependency assembly - RabbitMQ.Client.dll
Dependency assembly - System.Runtime.Serialization.Formatters.Soap.dll
Dependency assembly - System.Security.Cryptography.Encryption.ECDiffieHellman.dll
Dependency assembly - System.Runtime.Serialization.Formatters.dll
Dependency assembly - System.Xml.XmlDocument.dll
Dependency assembly - System.Security.Cryptography.Pkcs.dll
Dependency assembly - System.Threading.dll
Dependency assembly - System.Reactive.Observable.Aliases.dll
Dependency assembly - System.Runtime.DurableInstancing.dll
Dependency assembly - System.Web.WebPages.dll
Dependency assembly - System.Windows.dll
Dependency assembly - System.Xml.XmlSerializer.dll
Dependency assembly - System.Diagnostics.Contracts.dll
Dependency assembly - Unity.TextMeshPro.dll
Dependency assembly - System.Web.Http.SelfHost.dll
Dependency assembly - System.Text.RegularExpressions.dll
Dependency assembly - System.Runtime.CompilerServices.Unsafe.dll
Dependency assembly - Mono.Messaging.RabbitMQ.dll
Dependency assembly - System.Configuration.dll
Dependency assembly - System.Reactive.Linq.dll
Dependency assembly - System.Resources.ResourceManager.dll
Dependency assembly - System.Net.Utilities.dll
Dependency assembly - System.ComponentModel.Annotations.dll
Dependency assembly - System.ServiceModel.Security.dll
Dependency assembly - Unity.InputSystem.ForUI.dll
Dependency assembly - System.Data.Linq.dll
Dependency assembly - I18N.dll
Dependency assembly - System.Diagnostics.StackTrace.dll
Dependency assembly - System.Net.Ping.dll
Dependency assembly - System.Reactive.Providers.dll
Dependency assembly - Mono.Cairo.dll
Dependency assembly - System.IdentityModel.Selectors.dll
Dependency assembly - System.Runtime.Serialization.Xml.dll
Dependency assembly - Mono.Simd.dll
Dependency assembly - System.Security.dll
Dependency assembly - System.ServiceProcess.dll
Dependency assembly - System.IO.IsolatedStorage.dll
Dependency assembly - System.IO.dll
Dependency assembly - Microsoft.VisualC.dll
Dependency assembly - System.Diagnostics.FileVersionInfo.dll
Dependency assembly - System.Buffers.dll
Dependency assembly - System.Linq.Queryable.dll
Dependency assembly - System.ServiceModel.Primitives.dll
Dependency assembly - System.Web.WebPages.Razor.dll
Dependency assembly - System.Security.Cryptography.Encoding.dll
Dependency assembly - System.Security.Principal.dll
Dependency assembly - Mono.XBuild.Tasks.dll
Dependency assembly - System.Runtime.Caching.dll
Dependency assembly - System.Runtime.Numerics.dll
Dependency assembly - System.Workflow.ComponentModel.dll
Dependency assembly - System.Xml.XPath.dll
Dependency assembly - System.IO.Compression.FileSystem.dll
Dependency assembly - I18N.Other.dll
Dependency assembly - System.Xml.Serialization.dll
Dependency assembly - CustomMarshalers.dll
Dependency assembly - System.Configuration.Install.dll
Dependency assembly - System.Net.Http.Formatting.dll
Dependency assembly - System.Diagnostics.Tracing.dll
Dependency assembly - System.IO.FileSystem.Primitives.dll
Dependency assembly - System.Security.Cryptography.ProtectedData.dll
Dependency assembly - ICSharpCode.SharpZipLib.dll
Dependency assembly - System.Workflow.Activities.dll
Dependency assembly - System.Net.Requests.dll
Dependency assembly - System.Xml.XPath.XDocument.dll
Dependency assembly - System.Security.Cryptography.Encryption.Aes.dll
Dependency assembly - I18N.West.dll
Dependency assembly - Mono.WebBrowser.dll
Dependency assembly - System.Threading.Tasks.Dataflow.dll
Dependency assembly - Microsoft.Win32.Registry.dll
Dependency assembly - System.Net.HttpListener.dll
Dependency assembly - System.Diagnostics.TextWriterTraceListener.dll
Dependency assembly - Microsoft.Build.Framework.dll
Dependency assembly - System.IO.FileSystem.AccessControl.dll
Dependency assembly - Mono.Options.dll
Dependency assembly - System.Linq.Parallel.dll
Dependency assembly - Accessibility.dll
Dependency assembly - monodoc.dll
Dependency assembly - System.Text.Encoding.CodePages.dll
Dependency assembly - System.Security.SecureString.dll
Dependency assembly - System.Xml.ReaderWriter.dll
Dependency assembly - System.Threading.Thread.dll
Dependency assembly - IBM.Data.DB2.dll
Dependency assembly - Novell.Directory.Ldap.dll
Dependency assembly - System.Security.Cryptography.Algorithms.dll
Dependency assembly - System.ServiceModel.Routing.dll
Dependency assembly - System.Drawing.Primitives.dll
Dependency assembly - System.Data.Services.dll
Dependency assembly - System.Console.dll
Dependency assembly - System.Linq.Expressions.dll
Dependency assembly - Mono.Profiler.Log.dll
Dependency assembly - System.Net.WebSockets.dll
Dependency assembly - I18N.MidEast.dll
Dependency assembly - System.Reactive.Runtime.Remoting.dll
Dependency assembly - System.Collections.dll
Dependency assembly - System.IO.FileSystem.DriveInfo.dll
Dependency assembly - System.Resources.ReaderWriter.dll
Dependency assembly - System.Security.Cryptography.RSA.dll
Dependency assembly - System.Security.Cryptography.Primitives.dll
Dependency assembly - System.Threading.ThreadPool.dll
Dependency assembly - System.Diagnostics.DiagnosticSource.dll
Dependency assembly - System.Dynamic.Runtime.dll
Dependency assembly - System.Xml.XPath.XmlDocument.dll
Dependency assembly - System.DirectoryServices.dll
Dependency assembly - System.Web.Abstractions.dll
Dependency assembly - Mono.C5.dll
Dependency assembly - Mono.Tasklets.dll
Dependency assembly - System.Workflow.Runtime.dll
Dependency assembly - System.Reflection.DispatchProxy.dll
Dependency assembly - System.Drawing.Design.dll
Dependency assembly - System.Runtime.Remoting.dll
Dependency assembly - Mono.CompilerServices.SymbolWriter.dll
Dependency assembly - System.IO.Hashing.dll
Dependency assembly - System.Security.Cryptography.DeriveBytes.dll
Dependency assembly - System.Security.Cryptography.RandomNumberGenerator.dll
Dependency assembly - System.Net.Primitives.dll
Dependency assembly - Microsoft.Bcl.AsyncInterfaces.dll
Dependency assembly - System.Text.Encodings.Web.dll
Dependency assembly - System.Web.Mobile.dll
Dependency assembly - System.ValueTuple.dll
Dependency assembly - Unity.InputSystem.dll
Dependency assembly - System.Threading.Tasks.Extensions.dll
Dependency assembly - System.Linq.dll
Dependency assembly - System.Security.Cryptography.Encryption.dll
Dependency assembly - System.Web.Mvc.dll
Dependency assembly - PEAPI.dll

Opening scene 'Assets/Sapphire/Scenes/Login.unity'
Unloading 9 Unused Serialized files (Serialized files now loaded: 0)
Loaded scene 'Assets/Sapphire/Scenes/Login.unity'
	Deserialize:            16.334 ms
	Integration:            31.870 ms
	Integration of assets:  0.828 ms
	Thread Wait Time:       0.014 ms
	Total Operation Time:   49.046 ms
Unloading 26 unused Assets / (0.8 MB). Loaded Objects now: 2237.
Memory consumption went from 267.9 MB to 267.1 MB.
Total: 6.333100 ms (FindLiveObjects: 0.123800 ms CreateObjectMapping: 0.118800 ms MarkObjects: 5.690100 ms  DeleteObjects: 0.399700 ms)

Total cache size 258858316
Total cache size after purge 258858316, took 00:00:00.2299461
Opening scene 'Assets/Sapphire/Scenes/CharacterSelect.unity'
Unloading 29 Unused Serialized files (Serialized files now loaded: 0)
Loaded scene 'Assets/Sapphire/Scenes/CharacterSelect.unity'
	Deserialize:            8.100 ms
	Integration:            9.635 ms
	Integration of assets:  0.385 ms
	Thread Wait Time:       0.014 ms
	Total Operation Time:   18.134 ms
Unloading 125 unused Assets / (1.4 MB). Loaded Objects now: 2489.
Memory consumption went from 312.0 MB to 310.6 MB.
Total: 5.800300 ms (FindLiveObjects: 0.128800 ms CreateObjectMapping: 0.121000 ms MarkObjects: 5.081200 ms  DeleteObjects: 0.468800 ms)

Opening scene 'Assets/Sapphire/Scenes/CharacterCreate.unity'
Unloading 17 Unused Serialized files (Serialized files now loaded: 0)
Loaded scene 'Assets/Sapphire/Scenes/CharacterCreate.unity'
	Deserialize:            3.451 ms
	Integration:            6.530 ms
	Integration of assets:  0.217 ms
	Thread Wait Time:       0.017 ms
	Total Operation Time:   10.215 ms
Unloading 15 unused Assets / (28.2 KB). Loaded Objects now: 2305.
Memory consumption went from 288.1 MB to 288.1 MB.
Total: 5.267800 ms (FindLiveObjects: 0.112900 ms CreateObjectMapping: 0.107100 ms MarkObjects: 4.996400 ms  DeleteObjects: 0.050700 ms)

Opening scene 'Assets/Sapphire/Scenes/VillageHub.unity'
Unloading 24 Unused Serialized files (Serialized files now loaded: 0)
Loaded scene 'Assets/Sapphire/Scenes/VillageHub.unity'
	Deserialize:            20.614 ms
	Integration:            29.636 ms
	Integration of assets:  0.695 ms
	Thread Wait Time:       0.018 ms
	Total Operation Time:   50.964 ms
Unloading 21 unused Assets / (45.1 KB). Loaded Objects now: 2998.
Memory consumption went from 333.9 MB to 333.9 MB.
Total: 5.838900 ms (FindLiveObjects: 0.205700 ms CreateObjectMapping: 0.207100 ms MarkObjects: 5.354500 ms  DeleteObjects: 0.071200 ms)

Opening scene 'Assets/Sapphire/Scenes/SlimeKingdom.unity'
Unloading 37 Unused Serialized files (Serialized files now loaded: 0)
Loaded scene 'Assets/Sapphire/Scenes/SlimeKingdom.unity'
	Deserialize:            10.958 ms
	Integration:            8.621 ms
	Integration of assets:  0.002 ms
	Thread Wait Time:       0.013 ms
	Total Operation Time:   19.594 ms
Unloading 44 unused Assets / (0.8 MB). Loaded Objects now: 2898.
Memory consumption went from 342.1 MB to 341.3 MB.
Total: 5.496800 ms (FindLiveObjects: 0.132500 ms CreateObjectMapping: 0.127800 ms MarkObjects: 4.912500 ms  DeleteObjects: 0.323500 ms)

Unloading 12 Unused Serialized files (Serialized files now loaded: 0)
Unloading 161 unused Assets / (17.5 MB). Loaded Objects now: 2175.
Memory consumption went from 340.7 MB to 323.2 MB.
Total: 6.552700 ms (FindLiveObjects: 0.072700 ms CreateObjectMapping: 0.101700 ms MarkObjects: 4.914300 ms  DeleteObjects: 1.463400 ms)

Unloading 0 Unused Serialized files (Serialized files now loaded: 0)
Unloading 0 unused Assets / (Unknown). Loaded Objects now: 2175.
Memory consumption went from 323.0 MB to 323.0 MB.
Total: 4.508800 ms (FindLiveObjects: 0.073700 ms CreateObjectMapping: 0.089200 ms MarkObjects: 4.342500 ms  DeleteObjects: 0.002900 ms)

Unloading 1 Unused Serialized files (Serialized files now loaded: 0)
Unloading 178 unused Assets / (150.6 MB). Loaded Objects now: 2175.
Memory consumption went from 473.7 MB to 323.2 MB.
Total: 20.580900 ms (FindLiveObjects: 0.088300 ms CreateObjectMapping: 0.105400 ms MarkObjects: 5.820600 ms  DeleteObjects: 14.565700 ms)

Compiling shader "Skybox/Procedural"
  Pass "" (vp)
    Target graphics API: d3d11
    Full variant space:         3
    After settings filtering:   3
    After built-in stripping:   3
    After scriptable stripping: 3
    Processed in 0.01 seconds
  Pass "" (fp)
    Target graphics API: d3d11
    Full variant space:         3
    After settings filtering:   3
    After built-in stripping:   3
    After scriptable stripping: 3
    Processed in 0.00 seconds
  Pass  (vp, d3d11) finished in 0.01 seconds. Local cache hits 3 (0.02s CPU time), remote cache hits 0 (0.00s CPU time), compiled 0 variants (0.00s CPU time), skipped 0 variants.
    Prepared data for serialisation in 0.00s
  Pass  (fp, d3d11) finished in 0.01 seconds. Local cache hits 3 (0.02s CPU time), remote cache hits 0 (0.00s CPU time), compiled 0 variants (0.00s CPU time), skipped 0 variants.
    Prepared data for serialisation in 0.00s
Serialized binary data for shader Skybox/Procedural in 0.00s
    d3d11 (total internal programs: 6, unique: 6)
Compiling shader "Legacy Shaders/VertexLit"
  Pass "" (vp)
    Target graphics API: d3d11
    Full variant space:         12
    After settings filtering:   12
    After built-in stripping:   3
    After scriptable stripping: 3
    Processed in 0.00 seconds
  Pass "" (fp)
    Target graphics API: d3d11
    Full variant space:         12
    After settings filtering:   12
    After built-in stripping:   3
    After scriptable stripping: 3
    Processed in 0.00 seconds
  Pass "" (vp)
    Target graphics API: d3d11
    Full variant space:         4
    After settings filtering:   4
    After built-in stripping:   1
    After scriptable stripping: 1
    Processed in 0.00 seconds
  Pass "" (fp)
    Target graphics API: d3d11
    Full variant space:         4
    After settings filtering:   4
    After built-in stripping:   1
    After scriptable stripping: 1
    Processed in 0.00 seconds
  Pass "ShadowCaster" (vp)
    Target graphics API: d3d11
    Full variant space:         4
    After settings filtering:   4
    After built-in stripping:   2
    After scriptable stripping: 2
    Processed in 0.00 seconds
  Pass "ShadowCaster" (fp)
    Target graphics API: d3d11
    Full variant space:         4
    After settings filtering:   4
    After built-in stripping:   2
    After scriptable stripping: 2
    Processed in 0.00 seconds
  Pass  (vp, d3d11) finished in 0.00 seconds. Local cache hits 3 (0.00s CPU time), remote cache hits 0 (0.00s CPU time), compiled 0 variants (0.00s CPU time), skipped 0 variants.
    Prepared data for serialisation in 0.00s
  Pass  (fp, d3d11) finished in 0.00 seconds. Local cache hits 3 (0.00s CPU time), remote cache hits 0 (0.00s CPU time), compiled 0 variants (0.00s CPU time), skipped 0 variants.
    Prepared data for serialisation in 0.00s
  Pass  (vp, d3d11) finished in 0.00 seconds. Local cache hits 1 (0.00s CPU time), remote cache hits 0 (0.00s CPU time), compiled 0 variants (0.00s CPU time), skipped 0 variants.
    Prepared data for serialisation in 0.00s
  Pass  (fp, d3d11) finished in 0.00 seconds. Local cache hits 1 (0.00s CPU time), remote cache hits 0 (0.00s CPU time), compiled 0 variants (0.00s CPU time), skipped 0 variants.
    Prepared data for serialisation in 0.00s
  Pass ShadowCaster (vp, d3d11) finished in 0.00 seconds. Local cache hits 2 (0.00s CPU time), remote cache hits 0 (0.00s CPU time), compiled 0 variants (0.00s CPU time), skipped 0 variants.
    Prepared data for serialisation in 0.00s
  Pass ShadowCaster (fp, d3d11) finished in 0.00 seconds. Local cache hits 2 (0.00s CPU time), remote cache hits 0 (0.00s CPU time), compiled 0 variants (0.00s CPU time), skipped 0 variants.
    Prepared data for serialisation in 0.00s
Serialized binary data for shader Legacy Shaders/VertexLit in 0.00s
    d3d11 (total internal programs: 12, unique: 12)
Compiling shader "Legacy Shaders/Diffuse"
  Pass "FORWARD" (vp)
    Target graphics API: d3d11
    Full variant space:         664
    After settings filtering:   664
    After built-in stripping:   8
    After scriptable stripping: 8
    Processed in 0.00 seconds
  Pass "FORWARD" (fp)
    Target graphics API: d3d11
    Full variant space:         504
    After settings filtering:   504
    After built-in stripping:   4
    After scriptable stripping: 4
    Processed in 0.00 seconds
  Pass "FORWARD" (vp)
    Target graphics API: d3d11
    Full variant space:         20
    After settings filtering:   20
    After built-in stripping:   5
    After scriptable stripping: 5
    Processed in 0.00 seconds
  Pass "FORWARD" (fp)
    Target graphics API: d3d11
    Full variant space:         20
    After settings filtering:   20
    After built-in stripping:   5
    After scriptable stripping: 5
    Processed in 0.00 seconds
  Pass "DEFERRED" (vp)
    Target graphics API: d3d11
    Full variant space:         76
    After settings filtering:   76
    After built-in stripping:   4
    After scriptable stripping: 4
    Processed in 0.00 seconds
  Pass "DEFERRED" (fp)
    Target graphics API: d3d11
    Full variant space:         76
    After settings filtering:   76
    After built-in stripping:   4
    After scriptable stripping: 4
    Processed in 0.00 seconds
  Pass FORWARD (vp, d3d11) finished in 0.00 seconds. Local cache hits 8 (0.00s CPU time), remote cache hits 0 (0.00s CPU time), compiled 0 variants (0.00s CPU time), skipped 0 variants.
    Prepared data for serialisation in 0.00s
  Pass FORWARD (fp, d3d11) finished in 0.00 seconds. Local cache hits 4 (0.00s CPU time), remote cache hits 0 (0.00s CPU time), compiled 0 variants (0.00s CPU time), skipped 0 variants.
    Prepared data for serialisation in 0.00s
  Pass FORWARD (vp, d3d11) finished in 0.00 seconds. Local cache hits 5 (0.00s CPU time), remote cache hits 0 (0.00s CPU time), compiled 0 variants (0.00s CPU time), skipped 0 variants.
    Prepared data for serialisation in 0.00s
  Pass FORWARD (fp, d3d11) finished in 0.00 seconds. Local cache hits 5 (0.00s CPU time), remote cache hits 0 (0.00s CPU time), compiled 0 variants (0.00s CPU time), skipped 0 variants.
    Prepared data for serialisation in 0.00s
  Pass DEFERRED (vp, d3d11) finished in 0.00 seconds. Local cache hits 4 (0.00s CPU time), remote cache hits 0 (0.00s CPU time), compiled 0 variants (0.00s CPU time), skipped 0 variants.
    Prepared data for serialisation in 0.00s
  Pass DEFERRED (fp, d3d11) finished in 0.00 seconds. Local cache hits 4 (0.00s CPU time), remote cache hits 0 (0.00s CPU time), compiled 0 variants (0.00s CPU time), skipped 0 variants.
    Prepared data for serialisation in 0.00s
Serialized binary data for shader Legacy Shaders/Diffuse in 0.00s
    d3d11 (total internal programs: 30, unique: 30)
Compiling shader "Hidden/Internal-StencilWrite"
  Pass "" (vp)
    Target graphics API: d3d11
    Full variant space:         1
    After settings filtering:   1
    After built-in stripping:   1
    After scriptable stripping: 1
    Processed in 0.00 seconds
  Pass "" (fp)
    Target graphics API: d3d11
    Full variant space:         1
    After settings filtering:   1
    After built-in stripping:   1
    After scriptable stripping: 1
    Processed in 0.00 seconds
  Pass  (vp, d3d11) finished in 0.00 seconds. Local cache hits 1 (0.00s CPU time), remote cache hits 0 (0.00s CPU time), compiled 0 variants (0.00s CPU time), skipped 0 variants.
    Prepared data for serialisation in 0.00s
  Pass  (fp, d3d11) finished in 0.00 seconds. Local cache hits 1 (0.00s CPU time), remote cache hits 0 (0.00s CPU time), compiled 0 variants (0.00s CPU time), skipped 0 variants.
    Prepared data for serialisation in 0.00s
Serialized binary data for shader Hidden/Internal-StencilWrite in 0.00s
    d3d11 (total internal programs: 2, unique: 2)
Compiling shader "Hidden/Internal-DepthNormalsTexture"
  Pass "" (vp)
    Target graphics API: d3d11
    Full variant space:         1
    After settings filtering:   1
    After built-in stripping:   1
    After scriptable stripping: 1
    Processed in 0.00 seconds
  Pass "" (fp)
    Target graphics API: d3d11
    Full variant space:         1
    After settings filtering:   1
    After built-in stripping:   1
    After scriptable stripping: 1
    Processed in 0.00 seconds
  Pass "" (vp)
    Target graphics API: d3d11
    Full variant space:         1
    After settings filtering:   1
    After built-in stripping:   1
    After scriptable stripping: 1
    Processed in 0.00 seconds
  Pass "" (fp)
    Target graphics API: d3d11
    Full variant space:         1
    After settings filtering:   1
    After built-in stripping:   1
    After scriptable stripping: 1
    Processed in 0.00 seconds
  Pass "" (vp)
    Target graphics API: d3d11
    Full variant space:         1
    After settings filtering:   1
    After built-in stripping:   1
    After scriptable stripping: 1
    Processed in 0.00 seconds
  Pass "" (fp)
    Target graphics API: d3d11
    Full variant space:         1
    After settings filtering:   1
    After built-in stripping:   1
    After scriptable stripping: 1
    Processed in 0.00 seconds
  Pass "" (vp)
    Target graphics API: d3d11
    Full variant space:         1
    After settings filtering:   1
    After built-in stripping:   1
    After scriptable stripping: 1
    Processed in 0.00 seconds
  Pass "" (fp)
    Target graphics API: d3d11
    Full variant space:         1
    After settings filtering:   1
    After built-in stripping:   1
    After scriptable stripping: 1
    Processed in 0.00 seconds
  Pass "" (vp)
    Target graphics API: d3d11
    Full variant space:         1
    After settings filtering:   1
    After built-in stripping:   1
    After scriptable stripping: 1
    Processed in 0.00 seconds
  Pass "" (fp)
    Target graphics API: d3d11
    Full variant space:         1
    After settings filtering:   1
    After built-in stripping:   1
    After scriptable stripping: 1
    Processed in 0.00 seconds
  Pass "" (vp)
    Target graphics API: d3d11
    Full variant space:         1
    After settings filtering:   1
    After built-in stripping:   1
    After scriptable stripping: 1
    Processed in 0.00 seconds
  Pass "" (fp)
    Target graphics API: d3d11
    Full variant space:         1
    After settings filtering:   1
    After built-in stripping:   1
    After scriptable stripping: 1
    Processed in 0.00 seconds
  Pass "" (vp)
    Target graphics API: d3d11
    Full variant space:         1
    After settings filtering:   1
    After built-in stripping:   1
    After scriptable stripping: 1
    Processed in 0.00 seconds
  Pass "" (fp)
    Target graphics API: d3d11
    Full variant space:         1
    After settings filtering:   1
    After built-in stripping:   1
    After scriptable stripping: 1
    Processed in 0.00 seconds
  Pass "" (vp)
    Target graphics API: d3d11
    Full variant space:         1
    After settings filtering:   1
    After built-in stripping:   1
    After scriptable stripping: 1
    Processed in 0.00 seconds
  Pass "" (fp)
    Target graphics API: d3d11
    Full variant space:         1
    After settings filtering:   1
    After built-in stripping:   1
    After scriptable stripping: 1
    Processed in 0.00 seconds
  Pass "" (vp)
    Target graphics API: d3d11
    Full variant space:         1
    After settings filtering:   1
    After built-in stripping:   1
    After scriptable stripping: 1
    Processed in 0.00 seconds
  Pass "" (fp)
    Target graphics API: d3d11
    Full variant space:         1
    After settings filtering:   1
    After built-in stripping:   1
    After scriptable stripping: 1
    Processed in 0.00 seconds
  Pass "" (vp)
    Target graphics API: d3d11
    Full variant space:         1
    After settings filtering:   1
    After built-in stripping:   1
    After scriptable stripping: 1
    Processed in 0.00 seconds
  Pass "" (fp)
    Target graphics API: d3d11
    Full variant space:         1
    After settings filtering:   1
    After built-in stripping:   1
    After scriptable stripping: 1
    Processed in 0.00 seconds
  Pass  (vp, d3d11) finished in 0.00 seconds. Local cache hits 1 (0.00s CPU time), remote cache hits 0 (0.00s CPU time), compiled 0 variants (0.00s CPU time), skipped 0 variants.
    Prepared data for serialisation in 0.00s
  Pass  (fp, d3d11) finished in 0.00 seconds. Local cache hits 1 (0.00s CPU time), remote cache hits 0 (0.00s CPU time), compiled 0 variants (0.00s CPU time), skipped 0 variants.
    Prepared data for serialisation in 0.00s
  Pass  (vp, d3d11) finished in 0.00 seconds. Local cache hits 1 (0.00s CPU time), remote cache hits 0 (0.00s CPU time), compiled 0 variants (0.00s CPU time), skipped 0 variants.
    Prepared data for serialisation in 0.00s
  Pass  (fp, d3d11) finished in 0.00 seconds. Local cache hits 1 (0.00s CPU time), remote cache hits 0 (0.00s CPU time), compiled 0 variants (0.00s CPU time), skipped 0 variants.
    Prepared data for serialisation in 0.00s
  Pass  (vp, d3d11) finished in 0.00 seconds. Local cache hits 1 (0.00s CPU time), remote cache hits 0 (0.00s CPU time), compiled 0 variants (0.00s CPU time), skipped 0 variants.
    Prepared data for serialisation in 0.00s
  Pass  (fp, d3d11) finished in 0.00 seconds. Local cache hits 1 (0.00s CPU time), remote cache hits 0 (0.00s CPU time), compiled 0 variants (0.00s CPU time), skipped 0 variants.
    Prepared data for serialisation in 0.00s
  Pass  (vp, d3d11) finished in 0.00 seconds. Local cache hits 1 (0.00s CPU time), remote cache hits 0 (0.00s CPU time), compiled 0 variants (0.00s CPU time), skipped 0 variants.
    Prepared data for serialisation in 0.00s
  Pass  (fp, d3d11) finished in 0.00 seconds. Local cache hits 1 (0.00s CPU time), remote cache hits 0 (0.00s CPU time), compiled 0 variants (0.00s CPU time), skipped 0 variants.
    Prepared data for serialisation in 0.00s
  Pass  (vp, d3d11) finished in 0.00 seconds. Local cache hits 1 (0.00s CPU time), remote cache hits 0 (0.00s CPU time), compiled 0 variants (0.00s CPU time), skipped 0 variants.
    Prepared data for serialisation in 0.00s
  Pass  (fp, d3d11) finished in 0.00 seconds. Local cache hits 1 (0.00s CPU time), remote cache hits 0 (0.00s CPU time), compiled 0 variants (0.00s CPU time), skipped 0 variants.
    Prepared data for serialisation in 0.00s
  Pass  (vp, d3d11) finished in 0.00 seconds. Local cache hits 1 (0.00s CPU time), remote cache hits 0 (0.00s CPU time), compiled 0 variants (0.00s CPU time), skipped 0 variants.
    Prepared data for serialisation in 0.00s
  Pass  (fp, d3d11) finished in 0.00 seconds. Local cache hits 1 (0.00s CPU time), remote cache hits 0 (0.00s CPU time), compiled 0 variants (0.00s CPU time), skipped 0 variants.
    Prepared data for serialisation in 0.00s
  Pass  (vp, d3d11) finished in 0.00 seconds. Local cache hits 1 (0.00s CPU time), remote cache hits 0 (0.00s CPU time), compiled 0 variants (0.00s CPU time), skipped 0 variants.
    Prepared data for serialisation in 0.00s
  Pass  (fp, d3d11) finished in 0.00 seconds. Local cache hits 1 (0.00s CPU time), remote cache hits 0 (0.00s CPU time), compiled 0 variants (0.00s CPU time), skipped 0 variants.
    Prepared data for serialisation in 0.00s
  Pass  (vp, d3d11) finished in 0.00 seconds. Local cache hits 1 (0.00s CPU time), remote cache hits 0 (0.00s CPU time), compiled 0 variants (0.00s CPU time), skipped 0 variants.
    Prepared data for serialisation in 0.00s
  Pass  (fp, d3d11) finished in 0.00 seconds. Local cache hits 1 (0.00s CPU time), remote cache hits 0 (0.00s CPU time), compiled 0 variants (0.00s CPU time), skipped 0 variants.
    Prepared data for serialisation in 0.00s
  Pass  (vp, d3d11) finished in 0.00 seconds. Local cache hits 1 (0.00s CPU time), remote cache hits 0 (0.00s CPU time), compiled 0 variants (0.00s CPU time), skipped 0 variants.
    Prepared data for serialisation in 0.00s
  Pass  (fp, d3d11) finished in 0.00 seconds. Local cache hits 1 (0.00s CPU time), remote cache hits 0 (0.00s CPU time), compiled 0 variants (0.00s CPU time), skipped 0 variants.
    Prepared data for serialisation in 0.00s
  Pass  (vp, d3d11) finished in 0.00 seconds. Local cache hits 1 (0.00s CPU time), remote cache hits 0 (0.00s CPU time), compiled 0 variants (0.00s CPU time), skipped 0 variants.
    Prepared data for serialisation in 0.00s
  Pass  (fp, d3d11) finished in 0.00 seconds. Local cache hits 1 (0.00s CPU time), remote cache hits 0 (0.00s CPU time), compiled 0 variants (0.00s CPU time), skipped 0 variants.
    Prepared data for serialisation in 0.00s
Serialized binary data for shader Hidden/Internal-DepthNormalsTexture in 0.00s
    d3d11 (total internal programs: 20, unique: 17)
Compiling shader "Hidden/Internal-ScreenSpaceShadows"
  Pass "" (vp)
    Target graphics API: d3d11
    Full variant space:         4
    After settings filtering:   4
    After built-in stripping:   4
    After scriptable stripping: 4
    Processed in 0.00 seconds
  Pass "" (fp)
    Target graphics API: d3d11
    Full variant space:         4
    After settings filtering:   4
    After built-in stripping:   4
    After scriptable stripping: 4
    Processed in 0.00 seconds
  Pass "" (vp)
    Target graphics API: d3d11
    Full variant space:         4
    After settings filtering:   4
    After built-in stripping:   4
    After scriptable stripping: 4
    Processed in 0.00 seconds
  Pass "" (fp)
    Target graphics API: d3d11
    Full variant space:         4
    After settings filtering:   4
    After built-in stripping:   4
    After scriptable stripping: 4
    Processed in 0.00 seconds
  Pass "" (vp)
    Target graphics API: d3d11
    Full variant space:         4
    After settings filtering:   4
    After built-in stripping:   4
    After scriptable stripping: 4
    Processed in 0.00 seconds
  Pass "" (fp)
    Target graphics API: d3d11
    Full variant space:         4
    After settings filtering:   4
    After built-in stripping:   4
    After scriptable stripping: 4
    Processed in 0.00 seconds
  Pass "" (vp)
    Target graphics API: d3d11
    Full variant space:         4
    After settings filtering:   4
    After built-in stripping:   4
    After scriptable stripping: 4
    Processed in 0.00 seconds
  Pass "" (fp)
    Target graphics API: d3d11
    Full variant space:         4
    After settings filtering:   4
    After built-in stripping:   4
    After scriptable stripping: 4
    Processed in 0.00 seconds
  Pass  (vp, d3d11) finished in 0.00 seconds. Local cache hits 4 (0.00s CPU time), remote cache hits 0 (0.00s CPU time), compiled 0 variants (0.00s CPU time), skipped 0 variants.
    Prepared data for serialisation in 0.00s
  Pass  (fp, d3d11) finished in 0.00 seconds. Local cache hits 4 (0.00s CPU time), remote cache hits 0 (0.00s CPU time), compiled 0 variants (0.00s CPU time), skipped 0 variants.
    Prepared data for serialisation in 0.00s
  Pass  (vp, d3d11) finished in 0.00 seconds. Local cache hits 4 (0.00s CPU time), remote cache hits 0 (0.00s CPU time), compiled 0 variants (0.00s CPU time), skipped 0 variants.
    Prepared data for serialisation in 0.00s
  Pass  (fp, d3d11) finished in 0.00 seconds. Local cache hits 4 (0.00s CPU time), remote cache hits 0 (0.00s CPU time), compiled 0 variants (0.00s CPU time), skipped 0 variants.
    Prepared data for serialisation in 0.00s
  Pass  (vp, d3d11) finished in 0.00 seconds. Local cache hits 4 (0.00s CPU time), remote cache hits 0 (0.00s CPU time), compiled 0 variants (0.00s CPU time), skipped 0 variants.
    Prepared data for serialisation in 0.00s
  Pass  (fp, d3d11) finished in 0.00 seconds. Local cache hits 4 (0.00s CPU time), remote cache hits 0 (0.00s CPU time), compiled 0 variants (0.00s CPU time), skipped 0 variants.
    Prepared data for serialisation in 0.00s
  Pass  (vp, d3d11) finished in 0.00 seconds. Local cache hits 4 (0.00s CPU time), remote cache hits 0 (0.00s CPU time), compiled 0 variants (0.00s CPU time), skipped 0 variants.
    Prepared data for serialisation in 0.00s
  Pass  (fp, d3d11) finished in 0.00 seconds. Local cache hits 4 (0.00s CPU time), remote cache hits 0 (0.00s CPU time), compiled 0 variants (0.00s CPU time), skipped 0 variants.
    Prepared data for serialisation in 0.00s
Serialized binary data for shader Hidden/Internal-ScreenSpaceShadows in 0.00s
    d3d11 (total internal programs: 32, unique: 20)
Compiling shader "Hidden/Internal-CombineDepthNormals"
  Pass "" (vp)
    Target graphics API: d3d11
    Full variant space:         1
    After settings filtering:   1
    After built-in stripping:   1
    After scriptable stripping: 1
    Processed in 0.00 seconds
  Pass "" (fp)
    Target graphics API: d3d11
    Full variant space:         1
    After settings filtering:   1
    After built-in stripping:   1
    After scriptable stripping: 1
    Processed in 0.00 seconds
  Pass  (vp, d3d11) finished in 0.00 seconds. Local cache hits 1 (0.00s CPU time), remote cache hits 0 (0.00s CPU time), compiled 0 variants (0.00s CPU time), skipped 0 variants.
    Prepared data for serialisation in 0.00s
  Pass  (fp, d3d11) finished in 0.00 seconds. Local cache hits 1 (0.00s CPU time), remote cache hits 0 (0.00s CPU time), compiled 0 variants (0.00s CPU time), skipped 0 variants.
    Prepared data for serialisation in 0.00s
Serialized binary data for shader Hidden/Internal-CombineDepthNormals in 0.00s
    d3d11 (total internal programs: 2, unique: 2)
Compiling shader "Hidden/BlitCopy"
  Pass "" (vp)
    Target graphics API: d3d11
    Full variant space:         1
    After settings filtering:   1
    After built-in stripping:   1
    After scriptable stripping: 1
    Processed in 0.00 seconds
  Pass "" (fp)
    Target graphics API: d3d11
    Full variant space:         1
    After settings filtering:   1
    After built-in stripping:   1
    After scriptable stripping: 1
    Processed in 0.00 seconds
  Pass  (vp, d3d11) finished in 0.00 seconds. Local cache hits 1 (0.00s CPU time), remote cache hits 0 (0.00s CPU time), compiled 0 variants (0.00s CPU time), skipped 0 variants.
    Prepared data for serialisation in 0.00s
  Pass  (fp, d3d11) finished in 0.00 seconds. Local cache hits 1 (0.00s CPU time), remote cache hits 0 (0.00s CPU time), compiled 0 variants (0.00s CPU time), skipped 0 variants.
    Prepared data for serialisation in 0.00s
Serialized binary data for shader Hidden/BlitCopy in 0.00s
    d3d11 (total internal programs: 2, unique: 2)
Compiling shader "Hidden/BlitCopyDepth"
  Pass "" (vp)
    Target graphics API: d3d11
    Full variant space:         1
    After settings filtering:   1
    After built-in stripping:   1
    After scriptable stripping: 1
    Processed in 0.00 seconds
  Pass "" (fp)
    Target graphics API: d3d11
    Full variant space:         1
    After settings filtering:   1
    After built-in stripping:   1
    After scriptable stripping: 1
    Processed in 0.00 seconds
  Pass  (vp, d3d11) finished in 0.00 seconds. Local cache hits 1 (0.00s CPU time), remote cache hits 0 (0.00s CPU time), compiled 0 variants (0.00s CPU time), skipped 0 variants.
    Prepared data for serialisation in 0.00s
  Pass  (fp, d3d11) finished in 0.00 seconds. Local cache hits 1 (0.00s CPU time), remote cache hits 0 (0.00s CPU time), compiled 0 variants (0.00s CPU time), skipped 0 variants.
    Prepared data for serialisation in 0.00s
Serialized binary data for shader Hidden/BlitCopyDepth in 0.00s
    d3d11 (total internal programs: 2, unique: 2)
Compiling shader "Hidden/ConvertTexture"
  Pass "" (vp)
    Target graphics API: d3d11
    Full variant space:         1
    After settings filtering:   1
    After built-in stripping:   1
    After scriptable stripping: 1
    Processed in 0.00 seconds
  Pass "" (fp)
    Target graphics API: d3d11
    Full variant space:         1
    After settings filtering:   1
    After built-in stripping:   1
    After scriptable stripping: 1
    Processed in 0.00 seconds
  Pass  (vp, d3d11) finished in 0.00 seconds. Local cache hits 1 (0.00s CPU time), remote cache hits 0 (0.00s CPU time), compiled 0 variants (0.00s CPU time), skipped 0 variants.
    Prepared data for serialisation in 0.00s
  Pass  (fp, d3d11) finished in 0.00 seconds. Local cache hits 1 (0.00s CPU time), remote cache hits 0 (0.00s CPU time), compiled 0 variants (0.00s CPU time), skipped 0 variants.
    Prepared data for serialisation in 0.00s
Serialized binary data for shader Hidden/ConvertTexture in 0.00s
    d3d11 (total internal programs: 2, unique: 2)
Compiling shader "Hidden/Internal-DeferredShading"
  Pass "" (vp)
    Target graphics API: d3d11
    Full variant space:         94
    After settings filtering:   94
    After built-in stripping:   26
    After scriptable stripping: 26
    Processed in 0.00 seconds
  Pass "" (fp)
    Target graphics API: d3d11
    Full variant space:         94
    After settings filtering:   94
    After built-in stripping:   26
    After scriptable stripping: 26
    Processed in 0.00 seconds
  Pass "" (vp)
    Target graphics API: d3d11
    Full variant space:         1
    After settings filtering:   1
    After built-in stripping:   1
    After scriptable stripping: 1
    Processed in 0.00 seconds
  Pass "" (fp)
    Target graphics API: d3d11
    Full variant space:         1
    After settings filtering:   1
    After built-in stripping:   1
    After scriptable stripping: 1
    Processed in 0.00 seconds
  Pass  (vp, d3d11) finished in 0.00 seconds. Local cache hits 26 (0.00s CPU time), remote cache hits 0 (0.00s CPU time), compiled 0 variants (0.00s CPU time), skipped 0 variants.
    Prepared data for serialisation in 0.00s
  Pass  (fp, d3d11) finished in 0.00 seconds. Local cache hits 26 (0.00s CPU time), remote cache hits 0 (0.00s CPU time), compiled 0 variants (0.00s CPU time), skipped 0 variants.
    Prepared data for serialisation in 0.00s
  Pass  (vp, d3d11) finished in 0.00 seconds. Local cache hits 1 (0.00s CPU time), remote cache hits 0 (0.00s CPU time), compiled 0 variants (0.00s CPU time), skipped 0 variants.
    Prepared data for serialisation in 0.00s
  Pass  (fp, d3d11) finished in 0.00 seconds. Local cache hits 1 (0.00s CPU time), remote cache hits 0 (0.00s CPU time), compiled 0 variants (0.00s CPU time), skipped 0 variants.
    Prepared data for serialisation in 0.00s
Serialized binary data for shader Hidden/Internal-DeferredShading in 0.00s
    d3d11 (total internal programs: 54, unique: 54)
Compiling shader "Hidden/Internal-DeferredReflections"
  Pass "" (vp)
    Target graphics API: d3d11
    Full variant space:         1
    After settings filtering:   1
    After built-in stripping:   1
    After scriptable stripping: 1
    Processed in 0.00 seconds
  Pass "" (fp)
    Target graphics API: d3d11
    Full variant space:         1
    After settings filtering:   1
    After built-in stripping:   1
    After scriptable stripping: 1
    Processed in 0.00 seconds
  Pass "" (vp)
    Target graphics API: d3d11
    Full variant space:         2
    After settings filtering:   2
    After built-in stripping:   2
    After scriptable stripping: 2
    Processed in 0.00 seconds
  Pass "" (fp)
    Target graphics API: d3d11
    Full variant space:         2
    After settings filtering:   2
    After built-in stripping:   2
    After scriptable stripping: 2
    Processed in 0.00 seconds
  Pass  (vp, d3d11) finished in 0.00 seconds. Local cache hits 1 (0.00s CPU time), remote cache hits 0 (0.00s CPU time), compiled 0 variants (0.00s CPU time), skipped 0 variants.
    Prepared data for serialisation in 0.00s
  Pass  (fp, d3d11) finished in 0.00 seconds. Local cache hits 1 (0.00s CPU time), remote cache hits 0 (0.00s CPU time), compiled 0 variants (0.00s CPU time), skipped 0 variants.
    Prepared data for serialisation in 0.00s
  Pass  (vp, d3d11) finished in 0.00 seconds. Local cache hits 2 (0.00s CPU time), remote cache hits 0 (0.00s CPU time), compiled 0 variants (0.00s CPU time), skipped 0 variants.
    Prepared data for serialisation in 0.00s
  Pass  (fp, d3d11) finished in 0.00 seconds. Local cache hits 2 (0.00s CPU time), remote cache hits 0 (0.00s CPU time), compiled 0 variants (0.00s CPU time), skipped 0 variants.
    Prepared data for serialisation in 0.00s
Serialized binary data for shader Hidden/Internal-DeferredReflections in 0.00s
    d3d11 (total internal programs: 6, unique: 6)
Compiling shader "Hidden/Internal-MotionVectors"
  Pass "" (vp)
    Target graphics API: d3d11
    Full variant space:         1
    After settings filtering:   1
    After built-in stripping:   1
    After scriptable stripping: 1
    Processed in 0.00 seconds
  Pass "" (fp)
    Target graphics API: d3d11
    Full variant space:         1
    After settings filtering:   1
    After built-in stripping:   1
    After scriptable stripping: 1
    Processed in 0.00 seconds
  Pass "" (vp)
    Target graphics API: d3d11
    Full variant space:         1
    After settings filtering:   1
    After built-in stripping:   1
    After scriptable stripping: 1
    Processed in 0.00 seconds
  Pass "" (fp)
    Target graphics API: d3d11
    Full variant space:         1
    After settings filtering:   1
    After built-in stripping:   1
    After scriptable stripping: 1
    Processed in 0.00 seconds
  Pass "" (vp)
    Target graphics API: d3d11
    Full variant space:         1
    After settings filtering:   1
    After built-in stripping:   1
    After scriptable stripping: 1
    Processed in 0.00 seconds
  Pass "" (fp)
    Target graphics API: d3d11
    Full variant space:         1
    After settings filtering:   1
    After built-in stripping:   1
    After scriptable stripping: 1
    Processed in 0.00 seconds
  Pass  (vp, d3d11) finished in 0.00 seconds. Local cache hits 1 (0.00s CPU time), remote cache hits 0 (0.00s CPU time), compiled 0 variants (0.00s CPU time), skipped 0 variants.
    Prepared data for serialisation in 0.00s
  Pass  (fp, d3d11) finished in 0.00 seconds. Local cache hits 1 (0.00s CPU time), remote cache hits 0 (0.00s CPU time), compiled 0 variants (0.00s CPU time), skipped 0 variants.
    Prepared data for serialisation in 0.00s
  Pass  (vp, d3d11) finished in 0.00 seconds. Local cache hits 1 (0.00s CPU time), remote cache hits 0 (0.00s CPU time), compiled 0 variants (0.00s CPU time), skipped 0 variants.
    Prepared data for serialisation in 0.00s
  Pass  (fp, d3d11) finished in 0.00 seconds. Local cache hits 1 (0.00s CPU time), remote cache hits 0 (0.00s CPU time), compiled 0 variants (0.00s CPU time), skipped 0 variants.
    Prepared data for serialisation in 0.00s
  Pass  (vp, d3d11) finished in 0.00 seconds. Local cache hits 1 (0.00s CPU time), remote cache hits 0 (0.00s CPU time), compiled 0 variants (0.00s CPU time), skipped 0 variants.
    Prepared data for serialisation in 0.00s
  Pass  (fp, d3d11) finished in 0.00 seconds. Local cache hits 1 (0.00s CPU time), remote cache hits 0 (0.00s CPU time), compiled 0 variants (0.00s CPU time), skipped 0 variants.
    Prepared data for serialisation in 0.00s
Serialized binary data for shader Hidden/Internal-MotionVectors in 0.00s
    d3d11 (total internal programs: 6, unique: 5)
Compiling shader "Hidden/Internal-Flare"
  Pass "" (vp)
    Target graphics API: d3d11
    Full variant space:         1
    After settings filtering:   1
    After built-in stripping:   1
    After scriptable stripping: 1
    Processed in 0.00 seconds
  Pass "" (fp)
    Target graphics API: d3d11
    Full variant space:         1
    After settings filtering:   1
    After built-in stripping:   1
    After scriptable stripping: 1
    Processed in 0.00 seconds
  Pass  (vp, d3d11) finished in 0.00 seconds. Local cache hits 1 (0.00s CPU time), remote cache hits 0 (0.00s CPU time), compiled 0 variants (0.00s CPU time), skipped 0 variants.
    Prepared data for serialisation in 0.00s
  Pass  (fp, d3d11) finished in 0.00 seconds. Local cache hits 1 (0.00s CPU time), remote cache hits 0 (0.00s CPU time), compiled 0 variants (0.00s CPU time), skipped 0 variants.
    Prepared data for serialisation in 0.00s
Serialized binary data for shader Hidden/Internal-Flare in 0.00s
    d3d11 (total internal programs: 2, unique: 2)
Compiling shader "Hidden/Internal-Halo"
  Pass "" (vp)
    Target graphics API: d3d11
    Full variant space:         4
    After settings filtering:   4
    After built-in stripping:   1
    After scriptable stripping: 1
    Processed in 0.00 seconds
  Pass "" (fp)
    Target graphics API: d3d11
    Full variant space:         4
    After settings filtering:   4
    After built-in stripping:   1
    After scriptable stripping: 1
    Processed in 0.00 seconds
  Pass  (vp, d3d11) finished in 0.00 seconds. Local cache hits 1 (0.00s CPU time), remote cache hits 0 (0.00s CPU time), compiled 0 variants (0.00s CPU time), skipped 0 variants.
    Prepared data for serialisation in 0.00s
  Pass  (fp, d3d11) finished in 0.00 seconds. Local cache hits 1 (0.00s CPU time), remote cache hits 0 (0.00s CPU time), compiled 0 variants (0.00s CPU time), skipped 0 variants.
    Prepared data for serialisation in 0.00s
Serialized binary data for shader Hidden/Internal-Halo in 0.00s
    d3d11 (total internal programs: 2, unique: 2)
Compiling shader "Hidden/BlitCopyWithDepth"
  Pass "" (vp)
    Target graphics API: d3d11
    Full variant space:         1
    After settings filtering:   1
    After built-in stripping:   1
    After scriptable stripping: 1
    Processed in 0.00 seconds
  Pass "" (fp)
    Target graphics API: d3d11
    Full variant space:         1
    After settings filtering:   1
    After built-in stripping:   1
    After scriptable stripping: 1
    Processed in 0.00 seconds
  Pass  (vp, d3d11) finished in 0.00 seconds. Local cache hits 1 (0.00s CPU time), remote cache hits 0 (0.00s CPU time), compiled 0 variants (0.00s CPU time), skipped 0 variants.
    Prepared data for serialisation in 0.00s
  Pass  (fp, d3d11) finished in 0.00 seconds. Local cache hits 1 (0.00s CPU time), remote cache hits 0 (0.00s CPU time), compiled 0 variants (0.00s CPU time), skipped 0 variants.
    Prepared data for serialisation in 0.00s
Serialized binary data for shader Hidden/BlitCopyWithDepth in 0.00s
    d3d11 (total internal programs: 2, unique: 2)
Compiling shader "Hidden/BlitToDepth"
  Pass "" (vp)
    Target graphics API: d3d11
    Full variant space:         1
    After settings filtering:   1
    After built-in stripping:   1
    After scriptable stripping: 1
    Processed in 0.00 seconds
  Pass "" (fp)
    Target graphics API: d3d11
    Full variant space:         1
    After settings filtering:   1
    After built-in stripping:   1
    After scriptable stripping: 1
    Processed in 0.00 seconds
  Pass  (vp, d3d11) finished in 0.00 seconds. Local cache hits 1 (0.00s CPU time), remote cache hits 0 (0.00s CPU time), compiled 0 variants (0.00s CPU time), skipped 0 variants.
    Prepared data for serialisation in 0.00s
  Pass  (fp, d3d11) finished in 0.00 seconds. Local cache hits 1 (0.00s CPU time), remote cache hits 0 (0.00s CPU time), compiled 0 variants (0.00s CPU time), skipped 0 variants.
    Prepared data for serialisation in 0.00s
Serialized binary data for shader Hidden/BlitToDepth in 0.00s
    d3d11 (total internal programs: 2, unique: 2)
Compiling shader "Hidden/BlitToDepth_MSAA"
  Pass "" (vp)
    Target graphics API: d3d11
    Full variant space:         1
    After settings filtering:   1
    After built-in stripping:   1
    After scriptable stripping: 1
    Processed in 0.00 seconds
  Pass "" (fp)
    Target graphics API: d3d11
    Full variant space:         1
    After settings filtering:   1
    After built-in stripping:   1
    After scriptable stripping: 1
    Processed in 0.00 seconds
  Pass  (vp, d3d11) finished in 0.00 seconds. Local cache hits 1 (0.00s CPU time), remote cache hits 0 (0.00s CPU time), compiled 0 variants (0.00s CPU time), skipped 0 variants.
    Prepared data for serialisation in 0.00s
  Pass  (fp, d3d11) finished in 0.00 seconds. Local cache hits 1 (0.00s CPU time), remote cache hits 0 (0.00s CPU time), compiled 0 variants (0.00s CPU time), skipped 0 variants.
    Prepared data for serialisation in 0.00s
Serialized binary data for shader Hidden/BlitToDepth_MSAA in 0.00s
    d3d11 (total internal programs: 2, unique: 2)
Compiling shader "Hidden/BlitCopyHDRTonemap"
  Pass "" (vp)
    Target graphics API: d3d11
    Full variant space:         1
    After settings filtering:   1
    After built-in stripping:   1
    After scriptable stripping: 1
    Processed in 0.00 seconds
  Pass "" (fp)
    Target graphics API: d3d11
    Full variant space:         1
    After settings filtering:   1
    After built-in stripping:   1
    After scriptable stripping: 1
    Processed in 0.00 seconds
  Pass  (vp, d3d11) finished in 0.00 seconds. Local cache hits 1 (0.00s CPU time), remote cache hits 0 (0.00s CPU time), compiled 0 variants (0.00s CPU time), skipped 0 variants.
    Prepared data for serialisation in 0.00s
  Pass  (fp, d3d11) finished in 0.00 seconds. Local cache hits 1 (0.00s CPU time), remote cache hits 0 (0.00s CPU time), compiled 0 variants (0.00s CPU time), skipped 0 variants.
    Prepared data for serialisation in 0.00s
Serialized binary data for shader Hidden/BlitCopyHDRTonemap in 0.00s
    d3d11 (total internal programs: 2, unique: 2)
Compiling shader "Hidden/Internal-DebugPattern"
  Pass "Target Color and DepthStencil" (vp)
    Target graphics API: d3d11
    Full variant space:         1
    After settings filtering:   1
    After built-in stripping:   1
    After scriptable stripping: 1
    Processed in 0.00 seconds
  Pass "Target Color and DepthStencil" (fp)
    Target graphics API: d3d11
    Full variant space:         1
    After settings filtering:   1
    After built-in stripping:   1
    After scriptable stripping: 1
    Processed in 0.00 seconds
  Pass "Target only Color" (vp)
    Target graphics API: d3d11
    Full variant space:         1
    After settings filtering:   1
    After built-in stripping:   1
    After scriptable stripping: 1
    Processed in 0.00 seconds
  Pass "Target only Color" (fp)
    Target graphics API: d3d11
    Full variant space:         1
    After settings filtering:   1
    After built-in stripping:   1
    After scriptable stripping: 1
    Processed in 0.00 seconds
  Pass "Target only DepthStencil" (vp)
    Target graphics API: d3d11
    Full variant space:         1
    After settings filtering:   1
    After built-in stripping:   1
    After scriptable stripping: 1
    Processed in 0.00 seconds
  Pass "Target only DepthStencil" (fp)
    Target graphics API: d3d11
    Full variant space:         1
    After settings filtering:   1
    After built-in stripping:   1
    After scriptable stripping: 1
    Processed in 0.00 seconds
  Pass Target Color and DepthStencil (vp, d3d11) finished in 0.00 seconds. Local cache hits 1 (0.00s CPU time), remote cache hits 0 (0.00s CPU time), compiled 0 variants (0.00s CPU time), skipped 0 variants.
    Prepared data for serialisation in 0.00s
  Pass Target Color and DepthStencil (fp, d3d11) finished in 0.00 seconds. Local cache hits 1 (0.00s CPU time), remote cache hits 0 (0.00s CPU time), compiled 0 variants (0.00s CPU time), skipped 0 variants.
    Prepared data for serialisation in 0.00s
  Pass Target only Color (vp, d3d11) finished in 0.00 seconds. Local cache hits 1 (0.00s CPU time), remote cache hits 0 (0.00s CPU time), compiled 0 variants (0.00s CPU time), skipped 0 variants.
    Prepared data for serialisation in 0.00s
  Pass Target only Color (fp, d3d11) finished in 0.00 seconds. Local cache hits 1 (0.00s CPU time), remote cache hits 0 (0.00s CPU time), compiled 0 variants (0.00s CPU time), skipped 0 variants.
    Prepared data for serialisation in 0.00s
  Pass Target only DepthStencil (vp, d3d11) finished in 0.00 seconds. Local cache hits 1 (0.00s CPU time), remote cache hits 0 (0.00s CPU time), compiled 0 variants (0.00s CPU time), skipped 0 variants.
    Prepared data for serialisation in 0.00s
  Pass Target only DepthStencil (fp, d3d11) finished in 0.00 seconds. Local cache hits 1 (0.00s CPU time), remote cache hits 0 (0.00s CPU time), compiled 0 variants (0.00s CPU time), skipped 0 variants.
    Prepared data for serialisation in 0.00s
Serialized binary data for shader Hidden/Internal-DebugPattern in 0.00s
    d3d11 (total internal programs: 6, unique: 4)
Compiling shader "Hidden/Internal-GUITextureClip"
  Pass "" (vp)
    Target graphics API: d3d11
    Full variant space:         1
    After settings filtering:   1
    After built-in stripping:   1
    After scriptable stripping: 1
    Processed in 0.00 seconds
  Pass "" (fp)
    Target graphics API: d3d11
    Full variant space:         1
    After settings filtering:   1
    After built-in stripping:   1
    After scriptable stripping: 1
    Processed in 0.00 seconds
  Pass "" (vp)
    Target graphics API: d3d11
    Full variant space:         1
    After settings filtering:   1
    After built-in stripping:   1
    After scriptable stripping: 1
    Processed in 0.00 seconds
  Pass "" (fp)
    Target graphics API: d3d11
    Full variant space:         1
    After settings filtering:   1
    After built-in stripping:   1
    After scriptable stripping: 1
    Processed in 0.00 seconds
  Pass  (vp, d3d11) finished in 0.00 seconds. Local cache hits 1 (0.00s CPU time), remote cache hits 0 (0.00s CPU time), compiled 0 variants (0.00s CPU time), skipped 0 variants.
    Prepared data for serialisation in 0.00s
  Pass  (fp, d3d11) finished in 0.00 seconds. Local cache hits 1 (0.00s CPU time), remote cache hits 0 (0.00s CPU time), compiled 0 variants (0.00s CPU time), skipped 0 variants.
    Prepared data for serialisation in 0.00s
  Pass  (vp, d3d11) finished in 0.00 seconds. Local cache hits 1 (0.00s CPU time), remote cache hits 0 (0.00s CPU time), compiled 0 variants (0.00s CPU time), skipped 0 variants.
    Prepared data for serialisation in 0.00s
  Pass  (fp, d3d11) finished in 0.00 seconds. Local cache hits 1 (0.00s CPU time), remote cache hits 0 (0.00s CPU time), compiled 0 variants (0.00s CPU time), skipped 0 variants.
    Prepared data for serialisation in 0.00s
Serialized binary data for shader Hidden/Internal-GUITextureClip in 0.00s
    d3d11 (total internal programs: 4, unique: 2)
Compiling shader "Hidden/Internal-GUITextureClipText"
  Pass "" (vp)
    Target graphics API: d3d11
    Full variant space:         1
    After settings filtering:   1
    After built-in stripping:   1
    After scriptable stripping: 1
    Processed in 0.00 seconds
  Pass "" (fp)
    Target graphics API: d3d11
    Full variant space:         1
    After settings filtering:   1
    After built-in stripping:   1
    After scriptable stripping: 1
    Processed in 0.00 seconds
  Pass "" (vp)
    Target graphics API: d3d11
    Full variant space:         1
    After settings filtering:   1
    After built-in stripping:   1
    After scriptable stripping: 1
    Processed in 0.00 seconds
  Pass "" (fp)
    Target graphics API: d3d11
    Full variant space:         1
    After settings filtering:   1
    After built-in stripping:   1
    After scriptable stripping: 1
    Processed in 0.00 seconds
  Pass  (vp, d3d11) finished in 0.00 seconds. Local cache hits 1 (0.00s CPU time), remote cache hits 0 (0.00s CPU time), compiled 0 variants (0.00s CPU time), skipped 0 variants.
    Prepared data for serialisation in 0.00s
  Pass  (fp, d3d11) finished in 0.00 seconds. Local cache hits 1 (0.00s CPU time), remote cache hits 0 (0.00s CPU time), compiled 0 variants (0.00s CPU time), skipped 0 variants.
    Prepared data for serialisation in 0.00s
  Pass  (vp, d3d11) finished in 0.00 seconds. Local cache hits 1 (0.00s CPU time), remote cache hits 0 (0.00s CPU time), compiled 0 variants (0.00s CPU time), skipped 0 variants.
    Prepared data for serialisation in 0.00s
  Pass  (fp, d3d11) finished in 0.00 seconds. Local cache hits 1 (0.00s CPU time), remote cache hits 0 (0.00s CPU time), compiled 0 variants (0.00s CPU time), skipped 0 variants.
    Prepared data for serialisation in 0.00s
Serialized binary data for shader Hidden/Internal-GUITextureClipText in 0.00s
    d3d11 (total internal programs: 4, unique: 2)
Compiling shader "Hidden/Internal-GUITexture"
  Pass "" (vp)
    Target graphics API: d3d11
    Full variant space:         1
    After settings filtering:   1
    After built-in stripping:   1
    After scriptable stripping: 1
    Processed in 0.00 seconds
  Pass "" (fp)
    Target graphics API: d3d11
    Full variant space:         1
    After settings filtering:   1
    After built-in stripping:   1
    After scriptable stripping: 1
    Processed in 0.00 seconds
  Pass "" (vp)
    Target graphics API: d3d11
    Full variant space:         1
    After settings filtering:   1
    After built-in stripping:   1
    After scriptable stripping: 1
    Processed in 0.00 seconds
  Pass "" (fp)
    Target graphics API: d3d11
    Full variant space:         1
    After settings filtering:   1
    After built-in stripping:   1
    After scriptable stripping: 1
    Processed in 0.00 seconds
  Pass  (vp, d3d11) finished in 0.00 seconds. Local cache hits 1 (0.00s CPU time), remote cache hits 0 (0.00s CPU time), compiled 0 variants (0.00s CPU time), skipped 0 variants.
    Prepared data for serialisation in 0.00s
  Pass  (fp, d3d11) finished in 0.00 seconds. Local cache hits 1 (0.00s CPU time), remote cache hits 0 (0.00s CPU time), compiled 0 variants (0.00s CPU time), skipped 0 variants.
    Prepared data for serialisation in 0.00s
  Pass  (vp, d3d11) finished in 0.00 seconds. Local cache hits 1 (0.00s CPU time), remote cache hits 0 (0.00s CPU time), compiled 0 variants (0.00s CPU time), skipped 0 variants.
    Prepared data for serialisation in 0.00s
  Pass  (fp, d3d11) finished in 0.00 seconds. Local cache hits 1 (0.00s CPU time), remote cache hits 0 (0.00s CPU time), compiled 0 variants (0.00s CPU time), skipped 0 variants.
    Prepared data for serialisation in 0.00s
Serialized binary data for shader Hidden/Internal-GUITexture in 0.00s
    d3d11 (total internal programs: 4, unique: 2)
Compiling shader "Hidden/Internal-GUITextureBlit"
  Pass "" (vp)
    Target graphics API: d3d11
    Full variant space:         1
    After settings filtering:   1
    After built-in stripping:   1
    After scriptable stripping: 1
    Processed in 0.00 seconds
  Pass "" (fp)
    Target graphics API: d3d11
    Full variant space:         1
    After settings filtering:   1
    After built-in stripping:   1
    After scriptable stripping: 1
    Processed in 0.00 seconds
  Pass "" (vp)
    Target graphics API: d3d11
    Full variant space:         1
    After settings filtering:   1
    After built-in stripping:   1
    After scriptable stripping: 1
    Processed in 0.00 seconds
  Pass "" (fp)
    Target graphics API: d3d11
    Full variant space:         1
    After settings filtering:   1
    After built-in stripping:   1
    After scriptable stripping: 1
    Processed in 0.00 seconds
  Pass  (vp, d3d11) finished in 0.00 seconds. Local cache hits 1 (0.00s CPU time), remote cache hits 0 (0.00s CPU time), compiled 0 variants (0.00s CPU time), skipped 0 variants.
    Prepared data for serialisation in 0.00s
  Pass  (fp, d3d11) finished in 0.00 seconds. Local cache hits 1 (0.00s CPU time), remote cache hits 0 (0.00s CPU time), compiled 0 variants (0.00s CPU time), skipped 0 variants.
    Prepared data for serialisation in 0.00s
  Pass  (vp, d3d11) finished in 0.00 seconds. Local cache hits 1 (0.00s CPU time), remote cache hits 0 (0.00s CPU time), compiled 0 variants (0.00s CPU time), skipped 0 variants.
    Prepared data for serialisation in 0.00s
  Pass  (fp, d3d11) finished in 0.00 seconds. Local cache hits 1 (0.00s CPU time), remote cache hits 0 (0.00s CPU time), compiled 0 variants (0.00s CPU time), skipped 0 variants.
    Prepared data for serialisation in 0.00s
Serialized binary data for shader Hidden/Internal-GUITextureBlit in 0.00s
    d3d11 (total internal programs: 4, unique: 2)
Compiling shader "Hidden/Internal-GUIRoundedRect"
  Pass "" (vp)
    Target graphics API: d3d11
    Full variant space:         1
    After settings filtering:   1
    After built-in stripping:   1
    After scriptable stripping: 1
    Processed in 0.00 seconds
  Pass "" (fp)
    Target graphics API: d3d11
    Full variant space:         1
    After settings filtering:   1
    After built-in stripping:   1
    After scriptable stripping: 1
    Processed in 0.00 seconds
  Pass "" (vp)
    Target graphics API: d3d11
    Full variant space:         1
    After settings filtering:   1
    After built-in stripping:   1
    After scriptable stripping: 1
    Processed in 0.00 seconds
  Pass "" (fp)
    Target graphics API: d3d11
    Full variant space:         1
    After settings filtering:   1
    After built-in stripping:   1
    After scriptable stripping: 1
    Processed in 0.00 seconds
  Pass  (vp, d3d11) finished in 0.00 seconds. Local cache hits 1 (0.00s CPU time), remote cache hits 0 (0.00s CPU time), compiled 0 variants (0.00s CPU time), skipped 0 variants.
    Prepared data for serialisation in 0.00s
  Pass  (fp, d3d11) finished in 0.00 seconds. Local cache hits 1 (0.00s CPU time), remote cache hits 0 (0.00s CPU time), compiled 0 variants (0.00s CPU time), skipped 0 variants.
    Prepared data for serialisation in 0.00s
  Pass  (vp, d3d11) finished in 0.00 seconds. Local cache hits 1 (0.00s CPU time), remote cache hits 0 (0.00s CPU time), compiled 0 variants (0.00s CPU time), skipped 0 variants.
    Prepared data for serialisation in 0.00s
  Pass  (fp, d3d11) finished in 0.00 seconds. Local cache hits 1 (0.00s CPU time), remote cache hits 0 (0.00s CPU time), compiled 0 variants (0.00s CPU time), skipped 0 variants.
    Prepared data for serialisation in 0.00s
Serialized binary data for shader Hidden/Internal-GUIRoundedRect in 0.00s
    d3d11 (total internal programs: 4, unique: 2)
Compiling shader "Hidden/Internal-GUIRoundedRectWithColorPerBorder"
  Pass "" (vp)
    Target graphics API: d3d11
    Full variant space:         1
    After settings filtering:   1
    After built-in stripping:   1
    After scriptable stripping: 1
    Processed in 0.00 seconds
  Pass "" (fp)
    Target graphics API: d3d11
    Full variant space:         1
    After settings filtering:   1
    After built-in stripping:   1
    After scriptable stripping: 1
    Processed in 0.00 seconds
  Pass "" (vp)
    Target graphics API: d3d11
    Full variant space:         1
    After settings filtering:   1
    After built-in stripping:   1
    After scriptable stripping: 1
    Processed in 0.00 seconds
  Pass "" (fp)
    Target graphics API: d3d11
    Full variant space:         1
    After settings filtering:   1
    After built-in stripping:   1
    After scriptable stripping: 1
    Processed in 0.00 seconds
  Pass  (vp, d3d11) finished in 0.00 seconds. Local cache hits 1 (0.00s CPU time), remote cache hits 0 (0.00s CPU time), compiled 0 variants (0.00s CPU time), skipped 0 variants.
    Prepared data for serialisation in 0.00s
  Pass  (fp, d3d11) finished in 0.00 seconds. Local cache hits 1 (0.00s CPU time), remote cache hits 0 (0.00s CPU time), compiled 0 variants (0.00s CPU time), skipped 0 variants.
    Prepared data for serialisation in 0.00s
  Pass  (vp, d3d11) finished in 0.00 seconds. Local cache hits 1 (0.00s CPU time), remote cache hits 0 (0.00s CPU time), compiled 0 variants (0.00s CPU time), skipped 0 variants.
    Prepared data for serialisation in 0.00s
  Pass  (fp, d3d11) finished in 0.00 seconds. Local cache hits 1 (0.00s CPU time), remote cache hits 0 (0.00s CPU time), compiled 0 variants (0.00s CPU time), skipped 0 variants.
    Prepared data for serialisation in 0.00s
Serialized binary data for shader Hidden/Internal-GUIRoundedRectWithColorPerBorder in 0.00s
    d3d11 (total internal programs: 4, unique: 2)
Compiling shader "Hidden/Internal-UIRDefault"
  Pass "" (vp)
    Target graphics API: d3d11
    Full variant space:         40
    After settings filtering:   40
    After built-in stripping:   40
    After scriptable stripping: 40
    Processed in 0.00 seconds
  Pass "" (fp)
    Target graphics API: d3d11
    Full variant space:         40
    After settings filtering:   40
    After built-in stripping:   40
    After scriptable stripping: 40
    Processed in 0.00 seconds
  Pass  (vp, d3d11) finished in 0.00 seconds. Local cache hits 40 (0.01s CPU time), remote cache hits 0 (0.00s CPU time), compiled 0 variants (0.00s CPU time), skipped 0 variants.
    Prepared data for serialisation in 0.00s
  Pass  (fp, d3d11) finished in 0.00 seconds. Local cache hits 40 (0.01s CPU time), remote cache hits 0 (0.00s CPU time), compiled 0 variants (0.00s CPU time), skipped 0 variants.
    Prepared data for serialisation in 0.00s
Serialized binary data for shader Hidden/Internal-UIRDefault in 0.00s
    d3d11 (total internal programs: 80, unique: 80)
Compiling shader "Hidden/Internal-UIRAtlasBlitCopy"
  Pass "" (vp)
    Target graphics API: d3d11
    Full variant space:         1
    After settings filtering:   1
    After built-in stripping:   1
    After scriptable stripping: 1
    Processed in 0.00 seconds
  Pass "" (fp)
    Target graphics API: d3d11
    Full variant space:         1
    After settings filtering:   1
    After built-in stripping:   1
    After scriptable stripping: 1
    Processed in 0.00 seconds
  Pass  (vp, d3d11) finished in 0.00 seconds. Local cache hits 1 (0.00s CPU time), remote cache hits 0 (0.00s CPU time), compiled 0 variants (0.00s CPU time), skipped 0 variants.
    Prepared data for serialisation in 0.00s
  Pass  (fp, d3d11) finished in 0.00 seconds. Local cache hits 1 (0.00s CPU time), remote cache hits 0 (0.00s CPU time), compiled 0 variants (0.00s CPU time), skipped 0 variants.
    Prepared data for serialisation in 0.00s
Serialized binary data for shader Hidden/Internal-UIRAtlasBlitCopy in 0.00s
    d3d11 (total internal programs: 2, unique: 2)
Compiling shader "Sprites/Default"
  Pass "" (vp)
    Target graphics API: d3d11
    Full variant space:         8
    After settings filtering:   8
    After built-in stripping:   4
    After scriptable stripping: 4
    Processed in 0.00 seconds
  Pass "" (fp)
    Target graphics API: d3d11
    Full variant space:         8
    After settings filtering:   8
    After built-in stripping:   4
    After scriptable stripping: 4
    Processed in 0.00 seconds
  Pass  (vp, d3d11) finished in 0.00 seconds. Local cache hits 4 (0.00s CPU time), remote cache hits 0 (0.00s CPU time), compiled 0 variants (0.00s CPU time), skipped 0 variants.
    Prepared data for serialisation in 0.00s
  Pass  (fp, d3d11) finished in 0.00 seconds. Local cache hits 4 (0.00s CPU time), remote cache hits 0 (0.00s CPU time), compiled 0 variants (0.00s CPU time), skipped 0 variants.
    Prepared data for serialisation in 0.00s
Serialized binary data for shader Sprites/Default in 0.00s
    d3d11 (total internal programs: 8, unique: 8)
Compiling shader "Sprites/Mask"
  Pass "" (vp)
    Target graphics API: d3d11
    Full variant space:         4
    After settings filtering:   4
    After built-in stripping:   4
    After scriptable stripping: 4
    Processed in 0.00 seconds
  Pass "" (fp)
    Target graphics API: d3d11
    Full variant space:         4
    After settings filtering:   4
    After built-in stripping:   4
    After scriptable stripping: 4
    Processed in 0.00 seconds
  Pass  (vp, d3d11) finished in 0.00 seconds. Local cache hits 4 (0.00s CPU time), remote cache hits 0 (0.00s CPU time), compiled 0 variants (0.00s CPU time), skipped 0 variants.
    Prepared data for serialisation in 0.00s
  Pass  (fp, d3d11) finished in 0.00 seconds. Local cache hits 4 (0.00s CPU time), remote cache hits 0 (0.00s CPU time), compiled 0 variants (0.00s CPU time), skipped 0 variants.
    Prepared data for serialisation in 0.00s
Serialized binary data for shader Sprites/Mask in 0.00s
    d3d11 (total internal programs: 8, unique: 8)
Compiling shader "UI/Default"
  Pass "Default" (vp)
    Target graphics API: d3d11
    Full variant space:         4
    After settings filtering:   4
    After built-in stripping:   4
    After scriptable stripping: 4
    Processed in 0.00 seconds
  Pass "Default" (fp)
    Target graphics API: d3d11
    Full variant space:         4
    After settings filtering:   4
    After built-in stripping:   4
    After scriptable stripping: 4
    Processed in 0.00 seconds
  Pass "XRMotionVectors" (vp)
    Target graphics API: d3d11
    Full variant space:         4
    After settings filtering:   4
    After built-in stripping:   4
    After scriptable stripping: 4
    Processed in 0.00 seconds
  Pass "XRMotionVectors" (fp)
    Target graphics API: d3d11
    Full variant space:         4
    After settings filtering:   4
    After built-in stripping:   4
    After scriptable stripping: 4
    Processed in 0.00 seconds
  Pass Default (vp, d3d11) finished in 0.00 seconds. Local cache hits 4 (0.00s CPU time), remote cache hits 0 (0.00s CPU time), compiled 0 variants (0.00s CPU time), skipped 0 variants.
    Prepared data for serialisation in 0.00s
  Pass Default (fp, d3d11) finished in 0.00 seconds. Local cache hits 4 (0.00s CPU time), remote cache hits 0 (0.00s CPU time), compiled 0 variants (0.00s CPU time), skipped 0 variants.
    Prepared data for serialisation in 0.00s
  Pass XRMotionVectors (vp, d3d11) finished in 0.00 seconds. Local cache hits 4 (0.00s CPU time), remote cache hits 0 (0.00s CPU time), compiled 0 variants (0.00s CPU time), skipped 0 variants.
    Prepared data for serialisation in 0.00s
  Pass XRMotionVectors (fp, d3d11) finished in 0.00 seconds. Local cache hits 4 (0.00s CPU time), remote cache hits 0 (0.00s CPU time), compiled 0 variants (0.00s CPU time), skipped 0 variants.
    Prepared data for serialisation in 0.00s
Serialized binary data for shader UI/Default in 0.00s
    d3d11 (total internal programs: 16, unique: 16)
Compiling shader "UI/DefaultETC1"
  Pass "Default" (vp)
    Target graphics API: d3d11
    Full variant space:         4
    After settings filtering:   4
    After built-in stripping:   4
    After scriptable stripping: 4
    Processed in 0.00 seconds
  Pass "Default" (fp)
    Target graphics API: d3d11
    Full variant space:         4
    After settings filtering:   4
    After built-in stripping:   4
    After scriptable stripping: 4
    Processed in 0.00 seconds
  Pass "XRMotionVectors" (vp)
    Target graphics API: d3d11
    Full variant space:         4
    After settings filtering:   4
    After built-in stripping:   4
    After scriptable stripping: 4
    Processed in 0.00 seconds
  Pass "XRMotionVectors" (fp)
    Target graphics API: d3d11
    Full variant space:         4
    After settings filtering:   4
    After built-in stripping:   4
    After scriptable stripping: 4
    Processed in 0.00 seconds
  Pass Default (vp, d3d11) finished in 0.00 seconds. Local cache hits 4 (0.00s CPU time), remote cache hits 0 (0.00s CPU time), compiled 0 variants (0.00s CPU time), skipped 0 variants.
    Prepared data for serialisation in 0.00s
  Pass Default (fp, d3d11) finished in 0.00 seconds. Local cache hits 4 (0.00s CPU time), remote cache hits 0 (0.00s CPU time), compiled 0 variants (0.00s CPU time), skipped 0 variants.
    Prepared data for serialisation in 0.00s
  Pass XRMotionVectors (vp, d3d11) finished in 0.00 seconds. Local cache hits 4 (0.00s CPU time), remote cache hits 0 (0.00s CPU time), compiled 0 variants (0.00s CPU time), skipped 0 variants.
    Prepared data for serialisation in 0.00s
  Pass XRMotionVectors (fp, d3d11) finished in 0.00 seconds. Local cache hits 4 (0.00s CPU time), remote cache hits 0 (0.00s CPU time), compiled 0 variants (0.00s CPU time), skipped 0 variants.
    Prepared data for serialisation in 0.00s
Serialized binary data for shader UI/DefaultETC1 in 0.00s
    d3d11 (total internal programs: 16, unique: 16)
Compiling shader "Hidden/CubeBlur"
  Pass "" (vp)
    Target graphics API: d3d11
    Full variant space:         1
    After settings filtering:   1
    After built-in stripping:   1
    After scriptable stripping: 1
    Processed in 0.00 seconds
  Pass "" (fp)
    Target graphics API: d3d11
    Full variant space:         1
    After settings filtering:   1
    After built-in stripping:   1
    After scriptable stripping: 1
    Processed in 0.00 seconds
  Pass "" (vp)
    Target graphics API: d3d11
    Full variant space:         1
    After settings filtering:   1
    After built-in stripping:   1
    After scriptable stripping: 1
    Processed in 0.00 seconds
  Pass "" (fp)
    Target graphics API: d3d11
    Full variant space:         1
    After settings filtering:   1
    After built-in stripping:   1
    After scriptable stripping: 1
    Processed in 0.00 seconds
  Pass  (vp, d3d11) finished in 0.00 seconds. Local cache hits 1 (0.00s CPU time), remote cache hits 0 (0.00s CPU time), compiled 0 variants (0.00s CPU time), skipped 0 variants.
    Prepared data for serialisation in 0.00s
  Pass  (fp, d3d11) finished in 0.00 seconds. Local cache hits 1 (0.00s CPU time), remote cache hits 0 (0.00s CPU time), compiled 0 variants (0.00s CPU time), skipped 0 variants.
    Prepared data for serialisation in 0.00s
  Pass  (vp, d3d11) finished in 0.00 seconds. Local cache hits 1 (0.00s CPU time), remote cache hits 0 (0.00s CPU time), compiled 0 variants (0.00s CPU time), skipped 0 variants.
    Prepared data for serialisation in 0.00s
  Pass  (fp, d3d11) finished in 0.00 seconds. Local cache hits 1 (0.00s CPU time), remote cache hits 0 (0.00s CPU time), compiled 0 variants (0.00s CPU time), skipped 0 variants.
    Prepared data for serialisation in 0.00s
Serialized binary data for shader Hidden/CubeBlur in 0.00s
    d3d11 (total internal programs: 4, unique: 3)
Compiling shader "Hidden/CubeCopy"
  Pass "" (vp)
    Target graphics API: d3d11
    Full variant space:         1
    After settings filtering:   1
    After built-in stripping:   1
    After scriptable stripping: 1
    Processed in 0.00 seconds
  Pass "" (fp)
    Target graphics API: d3d11
    Full variant space:         1
    After settings filtering:   1
    After built-in stripping:   1
    After scriptable stripping: 1
    Processed in 0.00 seconds
  Pass "" (vp)
    Target graphics API: d3d11
    Full variant space:         1
    After settings filtering:   1
    After built-in stripping:   1
    After scriptable stripping: 1
    Processed in 0.00 seconds
  Pass "" (fp)
    Target graphics API: d3d11
    Full variant space:         1
    After settings filtering:   1
    After built-in stripping:   1
    After scriptable stripping: 1
    Processed in 0.00 seconds
  Pass  (vp, d3d11) finished in 0.00 seconds. Local cache hits 1 (0.00s CPU time), remote cache hits 0 (0.00s CPU time), compiled 0 variants (0.00s CPU time), skipped 0 variants.
    Prepared data for serialisation in 0.00s
  Pass  (fp, d3d11) finished in 0.00 seconds. Local cache hits 1 (0.00s CPU time), remote cache hits 0 (0.00s CPU time), compiled 0 variants (0.00s CPU time), skipped 0 variants.
    Prepared data for serialisation in 0.00s
  Pass  (vp, d3d11) finished in 0.00 seconds. Local cache hits 1 (0.00s CPU time), remote cache hits 0 (0.00s CPU time), compiled 0 variants (0.00s CPU time), skipped 0 variants.
    Prepared data for serialisation in 0.00s
  Pass  (fp, d3d11) finished in 0.00 seconds. Local cache hits 1 (0.00s CPU time), remote cache hits 0 (0.00s CPU time), compiled 0 variants (0.00s CPU time), skipped 0 variants.
    Prepared data for serialisation in 0.00s
Serialized binary data for shader Hidden/CubeCopy in 0.00s
    d3d11 (total internal programs: 4, unique: 2)
Compiling shader "Hidden/CubeBlend"
  Pass "" (vp)
    Target graphics API: d3d11
    Full variant space:         1
    After settings filtering:   1
    After built-in stripping:   1
    After scriptable stripping: 1
    Processed in 0.00 seconds
  Pass "" (fp)
    Target graphics API: d3d11
    Full variant space:         1
    After settings filtering:   1
    After built-in stripping:   1
    After scriptable stripping: 1
    Processed in 0.00 seconds
  Pass "" (vp)
    Target graphics API: d3d11
    Full variant space:         1
    After settings filtering:   1
    After built-in stripping:   1
    After scriptable stripping: 1
    Processed in 0.00 seconds
  Pass "" (fp)
    Target graphics API: d3d11
    Full variant space:         1
    After settings filtering:   1
    After built-in stripping:   1
    After scriptable stripping: 1
    Processed in 0.00 seconds
  Pass  (vp, d3d11) finished in 0.00 seconds. Local cache hits 1 (0.00s CPU time), remote cache hits 0 (0.00s CPU time), compiled 0 variants (0.00s CPU time), skipped 0 variants.
    Prepared data for serialisation in 0.00s
  Pass  (fp, d3d11) finished in 0.00 seconds. Local cache hits 1 (0.00s CPU time), remote cache hits 0 (0.00s CPU time), compiled 0 variants (0.00s CPU time), skipped 0 variants.
    Prepared data for serialisation in 0.00s
  Pass  (vp, d3d11) finished in 0.00 seconds. Local cache hits 1 (0.00s CPU time), remote cache hits 0 (0.00s CPU time), compiled 0 variants (0.00s CPU time), skipped 0 variants.
    Prepared data for serialisation in 0.00s
  Pass  (fp, d3d11) finished in 0.00 seconds. Local cache hits 1 (0.00s CPU time), remote cache hits 0 (0.00s CPU time), compiled 0 variants (0.00s CPU time), skipped 0 variants.
    Prepared data for serialisation in 0.00s
Serialized binary data for shader Hidden/CubeBlend in 0.00s
    d3d11 (total internal programs: 4, unique: 2)
Compiling shader "Hidden/VR/BlitTexArraySlice"
  Pass "" (vp)
    Target graphics API: d3d11
    Full variant space:         1
    After settings filtering:   1
    After built-in stripping:   1
    After scriptable stripping: 1
    Processed in 0.00 seconds
  Pass "" (fp)
    Target graphics API: d3d11
    Full variant space:         1
    After settings filtering:   1
    After built-in stripping:   1
    After scriptable stripping: 1
    Processed in 0.00 seconds
  Pass  (vp, d3d11) finished in 0.00 seconds. Local cache hits 1 (0.00s CPU time), remote cache hits 0 (0.00s CPU time), compiled 0 variants (0.00s CPU time), skipped 0 variants.
    Prepared data for serialisation in 0.00s
  Pass  (fp, d3d11) finished in 0.00 seconds. Local cache hits 1 (0.00s CPU time), remote cache hits 0 (0.00s CPU time), compiled 0 variants (0.00s CPU time), skipped 0 variants.
    Prepared data for serialisation in 0.00s
Serialized binary data for shader Hidden/VR/BlitTexArraySlice in 0.00s
    d3d11 (total internal programs: 2, unique: 2)
Compiling shader "Hidden/Internal-ODSWorldTexture"
  Pass "" (vp)
    Target graphics API: d3d11
    Full variant space:         1
    After settings filtering:   1
    After built-in stripping:   1
    After scriptable stripping: 1
    Processed in 0.00 seconds
  Pass "" (fp)
    Target graphics API: d3d11
    Full variant space:         1
    After settings filtering:   1
    After built-in stripping:   1
    After scriptable stripping: 1
    Processed in 0.00 seconds
  Pass "" (vp)
    Target graphics API: d3d11
    Full variant space:         1
    After settings filtering:   1
    After built-in stripping:   1
    After scriptable stripping: 1
    Processed in 0.00 seconds
  Pass "" (fp)
    Target graphics API: d3d11
    Full variant space:         1
    After settings filtering:   1
    After built-in stripping:   1
    After scriptable stripping: 1
    Processed in 0.00 seconds
  Pass "" (vp)
    Target graphics API: d3d11
    Full variant space:         1
    After settings filtering:   1
    After built-in stripping:   1
    After scriptable stripping: 1
    Processed in 0.00 seconds
  Pass "" (fp)
    Target graphics API: d3d11
    Full variant space:         1
    After settings filtering:   1
    After built-in stripping:   1
    After scriptable stripping: 1
    Processed in 0.00 seconds
  Pass "" (vp)
    Target graphics API: d3d11
    Full variant space:         1
    After settings filtering:   1
    After built-in stripping:   1
    After scriptable stripping: 1
    Processed in 0.00 seconds
  Pass "" (fp)
    Target graphics API: d3d11
    Full variant space:         1
    After settings filtering:   1
    After built-in stripping:   1
    After scriptable stripping: 1
    Processed in 0.00 seconds
  Pass "" (vp)
    Target graphics API: d3d11
    Full variant space:         1
    After settings filtering:   1
    After built-in stripping:   1
    After scriptable stripping: 1
    Processed in 0.00 seconds
  Pass "" (fp)
    Target graphics API: d3d11
    Full variant space:         1
    After settings filtering:   1
    After built-in stripping:   1
    After scriptable stripping: 1
    Processed in 0.00 seconds
  Pass "" (vp)
    Target graphics API: d3d11
    Full variant space:         1
    After settings filtering:   1
    After built-in stripping:   1
    After scriptable stripping: 1
    Processed in 0.00 seconds
  Pass "" (fp)
    Target graphics API: d3d11
    Full variant space:         1
    After settings filtering:   1
    After built-in stripping:   1
    After scriptable stripping: 1
    Processed in 0.00 seconds
  Pass "" (vp)
    Target graphics API: d3d11
    Full variant space:         1
    After settings filtering:   1
    After built-in stripping:   1
    After scriptable stripping: 1
    Processed in 0.00 seconds
  Pass "" (fp)
    Target graphics API: d3d11
    Full variant space:         1
    After settings filtering:   1
    After built-in stripping:   1
    After scriptable stripping: 1
    Processed in 0.00 seconds
  Pass "" (vp)
    Target graphics API: d3d11
    Full variant space:         1
    After settings filtering:   1
    After built-in stripping:   1
    After scriptable stripping: 1
    Processed in 0.00 seconds
  Pass "" (fp)
    Target graphics API: d3d11
    Full variant space:         1
    After settings filtering:   1
    After built-in stripping:   1
    After scriptable stripping: 1
    Processed in 0.00 seconds
  Pass "" (vp)
    Target graphics API: d3d11
    Full variant space:         1
    After settings filtering:   1
    After built-in stripping:   1
    After scriptable stripping: 1
    Processed in 0.00 seconds
  Pass "" (fp)
    Target graphics API: d3d11
    Full variant space:         1
    After settings filtering:   1
    After built-in stripping:   1
    After scriptable stripping: 1
    Processed in 0.00 seconds
  Pass "" (vp)
    Target graphics API: d3d11
    Full variant space:         1
    After settings filtering:   1
    After built-in stripping:   1
    After scriptable stripping: 1
    Processed in 0.00 seconds
  Pass "" (fp)
    Target graphics API: d3d11
    Full variant space:         1
    After settings filtering:   1
    After built-in stripping:   1
    After scriptable stripping: 1
    Processed in 0.00 seconds
  Pass  (vp, d3d11) finished in 0.00 seconds. Local cache hits 1 (0.00s CPU time), remote cache hits 0 (0.00s CPU time), compiled 0 variants (0.00s CPU time), skipped 0 variants.
    Prepared data for serialisation in 0.00s
  Pass  (fp, d3d11) finished in 0.00 seconds. Local cache hits 1 (0.00s CPU time), remote cache hits 0 (0.00s CPU time), compiled 0 variants (0.00s CPU time), skipped 0 variants.
    Prepared data for serialisation in 0.00s
  Pass  (vp, d3d11) finished in 0.00 seconds. Local cache hits 1 (0.00s CPU time), remote cache hits 0 (0.00s CPU time), compiled 0 variants (0.00s CPU time), skipped 0 variants.
    Prepared data for serialisation in 0.00s
  Pass  (fp, d3d11) finished in 0.00 seconds. Local cache hits 1 (0.00s CPU time), remote cache hits 0 (0.00s CPU time), compiled 0 variants (0.00s CPU time), skipped 0 variants.
    Prepared data for serialisation in 0.00s
  Pass  (vp, d3d11) finished in 0.00 seconds. Local cache hits 1 (0.00s CPU time), remote cache hits 0 (0.00s CPU time), compiled 0 variants (0.00s CPU time), skipped 0 variants.
    Prepared data for serialisation in 0.00s
  Pass  (fp, d3d11) finished in 0.00 seconds. Local cache hits 1 (0.00s CPU time), remote cache hits 0 (0.00s CPU time), compiled 0 variants (0.00s CPU time), skipped 0 variants.
    Prepared data for serialisation in 0.00s
  Pass  (vp, d3d11) finished in 0.00 seconds. Local cache hits 1 (0.00s CPU time), remote cache hits 0 (0.00s CPU time), compiled 0 variants (0.00s CPU time), skipped 0 variants.
    Prepared data for serialisation in 0.00s
  Pass  (fp, d3d11) finished in 0.00 seconds. Local cache hits 1 (0.00s CPU time), remote cache hits 0 (0.00s CPU time), compiled 0 variants (0.00s CPU time), skipped 0 variants.
    Prepared data for serialisation in 0.00s
  Pass  (vp, d3d11) finished in 0.00 seconds. Local cache hits 1 (0.00s CPU time), remote cache hits 0 (0.00s CPU time), compiled 0 variants (0.00s CPU time), skipped 0 variants.
    Prepared data for serialisation in 0.00s
  Pass  (fp, d3d11) finished in 0.00 seconds. Local cache hits 1 (0.00s CPU time), remote cache hits 0 (0.00s CPU time), compiled 0 variants (0.00s CPU time), skipped 0 variants.
    Prepared data for serialisation in 0.00s
  Pass  (vp, d3d11) finished in 0.00 seconds. Local cache hits 1 (0.00s CPU time), remote cache hits 0 (0.00s CPU time), compiled 0 variants (0.00s CPU time), skipped 0 variants.
    Prepared data for serialisation in 0.00s
  Pass  (fp, d3d11) finished in 0.00 seconds. Local cache hits 1 (0.00s CPU time), remote cache hits 0 (0.00s CPU time), compiled 0 variants (0.00s CPU time), skipped 0 variants.
    Prepared data for serialisation in 0.00s
  Pass  (vp, d3d11) finished in 0.00 seconds. Local cache hits 1 (0.00s CPU time), remote cache hits 0 (0.00s CPU time), compiled 0 variants (0.00s CPU time), skipped 0 variants.
    Prepared data for serialisation in 0.00s
  Pass  (fp, d3d11) finished in 0.00 seconds. Local cache hits 1 (0.00s CPU time), remote cache hits 0 (0.00s CPU time), compiled 0 variants (0.00s CPU time), skipped 0 variants.
    Prepared data for serialisation in 0.00s
  Pass  (vp, d3d11) finished in 0.00 seconds. Local cache hits 1 (0.00s CPU time), remote cache hits 0 (0.00s CPU time), compiled 0 variants (0.00s CPU time), skipped 0 variants.
    Prepared data for serialisation in 0.00s
  Pass  (fp, d3d11) finished in 0.00 seconds. Local cache hits 1 (0.00s CPU time), remote cache hits 0 (0.00s CPU time), compiled 0 variants (0.00s CPU time), skipped 0 variants.
    Prepared data for serialisation in 0.00s
  Pass  (vp, d3d11) finished in 0.00 seconds. Local cache hits 1 (0.00s CPU time), remote cache hits 0 (0.00s CPU time), compiled 0 variants (0.00s CPU time), skipped 0 variants.
    Prepared data for serialisation in 0.00s
  Pass  (fp, d3d11) finished in 0.00 seconds. Local cache hits 1 (0.00s CPU time), remote cache hits 0 (0.00s CPU time), compiled 0 variants (0.00s CPU time), skipped 0 variants.
    Prepared data for serialisation in 0.00s
  Pass  (vp, d3d11) finished in 0.00 seconds. Local cache hits 1 (0.00s CPU time), remote cache hits 0 (0.00s CPU time), compiled 0 variants (0.00s CPU time), skipped 0 variants.
    Prepared data for serialisation in 0.00s
  Pass  (fp, d3d11) finished in 0.00 seconds. Local cache hits 1 (0.00s CPU time), remote cache hits 0 (0.00s CPU time), compiled 0 variants (0.00s CPU time), skipped 0 variants.
    Prepared data for serialisation in 0.00s
Serialized binary data for shader Hidden/Internal-ODSWorldTexture in 0.00s
    d3d11 (total internal programs: 20, unique: 15)
Compiling shader "Hidden/Internal-CubemapToEquirect"
  Pass "" (vp)
    Target graphics API: d3d11
    Full variant space:         1
    After settings filtering:   1
    After built-in stripping:   1
    After scriptable stripping: 1
    Processed in 0.00 seconds
  Pass "" (fp)
    Target graphics API: d3d11
    Full variant space:         1
    After settings filtering:   1
    After built-in stripping:   1
    After scriptable stripping: 1
    Processed in 0.00 seconds
  Pass  (vp, d3d11) finished in 0.00 seconds. Local cache hits 1 (0.00s CPU time), remote cache hits 0 (0.00s CPU time), compiled 0 variants (0.00s CPU time), skipped 0 variants.
    Prepared data for serialisation in 0.00s
  Pass  (fp, d3d11) finished in 0.00 seconds. Local cache hits 1 (0.00s CPU time), remote cache hits 0 (0.00s CPU time), compiled 0 variants (0.00s CPU time), skipped 0 variants.
    Prepared data for serialisation in 0.00s
Serialized binary data for shader Hidden/Internal-CubemapToEquirect in 0.00s
    d3d11 (total internal programs: 2, unique: 2)
Compiling shader "Hidden/VR/BlitFromTex2DToTexArraySlice"
  Pass "" (vp)
    Target graphics API: d3d11
    Full variant space:         1
    After settings filtering:   1
    After built-in stripping:   1
    After scriptable stripping: 1
    Processed in 0.00 seconds
  Pass "" (fp)
    Target graphics API: d3d11
    Full variant space:         1
    After settings filtering:   1
    After built-in stripping:   1
    After scriptable stripping: 1
    Processed in 0.00 seconds
  Pass "" (vp)
    Target graphics API: d3d11
    Full variant space:         1
    After settings filtering:   1
    After built-in stripping:   1
    After scriptable stripping: 1
    Processed in 0.00 seconds
  Pass "" (fp)
    Target graphics API: d3d11
    Full variant space:         1
    After settings filtering:   1
    After built-in stripping:   1
    After scriptable stripping: 1
    Processed in 0.00 seconds
  Pass "" (gp)
    Target graphics API: d3d11
    Full variant space:         1
    After settings filtering:   1
    After built-in stripping:   1
    After scriptable stripping: 1
    Processed in 0.00 seconds
  Pass  (vp, d3d11) finished in 0.00 seconds. Local cache hits 1 (0.00s CPU time), remote cache hits 0 (0.00s CPU time), compiled 0 variants (0.00s CPU time), skipped 0 variants.
    Prepared data for serialisation in 0.00s
  Pass  (fp, d3d11) finished in 0.00 seconds. Local cache hits 1 (0.00s CPU time), remote cache hits 0 (0.00s CPU time), compiled 0 variants (0.00s CPU time), skipped 0 variants.
    Prepared data for serialisation in 0.00s
  Pass  (vp, d3d11) finished in 0.00 seconds. Local cache hits 1 (0.00s CPU time), remote cache hits 0 (0.00s CPU time), compiled 0 variants (0.00s CPU time), skipped 0 variants.
    Prepared data for serialisation in 0.00s
  Pass  (fp, d3d11) finished in 0.00 seconds. Local cache hits 1 (0.00s CPU time), remote cache hits 0 (0.00s CPU time), compiled 0 variants (0.00s CPU time), skipped 0 variants.
    Prepared data for serialisation in 0.00s
  Pass  (gp, d3d11) finished in 0.00 seconds. Local cache hits 1 (0.00s CPU time), remote cache hits 0 (0.00s CPU time), compiled 0 variants (0.00s CPU time), skipped 0 variants.
    Prepared data for serialisation in 0.00s
Serialized binary data for shader Hidden/VR/BlitFromTex2DToTexArraySlice in 0.00s
    d3d11 (total internal programs: 5, unique: 5)
Compiling shader "Hidden/VideoComposite"
  Pass "Default" (vp)
    Target graphics API: d3d11
    Full variant space:         1
    After settings filtering:   1
    After built-in stripping:   1
    After scriptable stripping: 1
    Processed in 0.00 seconds
  Pass "Default" (fp)
    Target graphics API: d3d11
    Full variant space:         1
    After settings filtering:   1
    After built-in stripping:   1
    After scriptable stripping: 1
    Processed in 0.00 seconds
  Pass Default (vp, d3d11) finished in 0.00 seconds. Local cache hits 1 (0.00s CPU time), remote cache hits 0 (0.00s CPU time), compiled 0 variants (0.00s CPU time), skipped 0 variants.
    Prepared data for serialisation in 0.00s
  Pass Default (fp, d3d11) finished in 0.00 seconds. Local cache hits 1 (0.00s CPU time), remote cache hits 0 (0.00s CPU time), compiled 0 variants (0.00s CPU time), skipped 0 variants.
    Prepared data for serialisation in 0.00s
Serialized binary data for shader Hidden/VideoComposite in 0.00s
    d3d11 (total internal programs: 2, unique: 2)
Compiling shader "Hidden/VideoDecode"
  Pass "YCbCr_To_RGB1" (vp)
    Target graphics API: d3d11
    Full variant space:         2
    After settings filtering:   2
    After built-in stripping:   2
    After scriptable stripping: 2
    Processed in 0.00 seconds
  Pass "YCbCr_To_RGB1" (fp)
    Target graphics API: d3d11
    Full variant space:         2
    After settings filtering:   2
    After built-in stripping:   2
    After scriptable stripping: 2
    Processed in 0.00 seconds
  Pass "YCbCrA_To_RGBAFull" (vp)
    Target graphics API: d3d11
    Full variant space:         2
    After settings filtering:   2
    After built-in stripping:   2
    After scriptable stripping: 2
    Processed in 0.00 seconds
  Pass "YCbCrA_To_RGBAFull" (fp)
    Target graphics API: d3d11
    Full variant space:         2
    After settings filtering:   2
    After built-in stripping:   2
    After scriptable stripping: 2
    Processed in 0.00 seconds
  Pass "YCbCrA_To_RGBA" (vp)
    Target graphics API: d3d11
    Full variant space:         2
    After settings filtering:   2
    After built-in stripping:   2
    After scriptable stripping: 2
    Processed in 0.00 seconds
  Pass "YCbCrA_To_RGBA" (fp)
    Target graphics API: d3d11
    Full variant space:         2
    After settings filtering:   2
    After built-in stripping:   2
    After scriptable stripping: 2
    Processed in 0.00 seconds
  Pass "Flip_RGBA_To_RGBA" (vp)
    Target graphics API: d3d11
    Full variant space:         2
    After settings filtering:   2
    After built-in stripping:   2
    After scriptable stripping: 2
    Processed in 0.00 seconds
  Pass "Flip_RGBA_To_RGBA" (fp)
    Target graphics API: d3d11
    Full variant space:         2
    After settings filtering:   2
    After built-in stripping:   2
    After scriptable stripping: 2
    Processed in 0.00 seconds
  Pass "Flip_RGBASplit_To_RGBA" (vp)
    Target graphics API: d3d11
    Full variant space:         2
    After settings filtering:   2
    After built-in stripping:   2
    After scriptable stripping: 2
    Processed in 0.00 seconds
  Pass "Flip_RGBASplit_To_RGBA" (fp)
    Target graphics API: d3d11
    Full variant space:         2
    After settings filtering:   2
    After built-in stripping:   2
    After scriptable stripping: 2
    Processed in 0.00 seconds
  Pass "Flip_NV12_To_RGB1" (vp)
    Target graphics API: d3d11
    Full variant space:         2
    After settings filtering:   2
    After built-in stripping:   2
    After scriptable stripping: 2
    Processed in 0.00 seconds
  Pass "Flip_NV12_To_RGB1" (fp)
    Target graphics API: d3d11
    Full variant space:         2
    After settings filtering:   2
    After built-in stripping:   2
    After scriptable stripping: 2
    Processed in 0.00 seconds
  Pass "Flip_NV12_To_RGBA" (vp)
    Target graphics API: d3d11
    Full variant space:         2
    After settings filtering:   2
    After built-in stripping:   2
    After scriptable stripping: 2
    Processed in 0.00 seconds
  Pass "Flip_NV12_To_RGBA" (fp)
    Target graphics API: d3d11
    Full variant space:         2
    After settings filtering:   2
    After built-in stripping:   2
    After scriptable stripping: 2
    Processed in 0.00 seconds
  Pass "Flip_P010_To_RGB1" (vp)
    Target graphics API: d3d11
    Full variant space:         1
    After settings filtering:   1
    After built-in stripping:   1
    After scriptable stripping: 1
    Processed in 0.00 seconds
  Pass "Flip_P010_To_RGB1" (fp)
    Target graphics API: d3d11
    Full variant space:         1
    After settings filtering:   1
    After built-in stripping:   1
    After scriptable stripping: 1
    Processed in 0.00 seconds
  Pass YCbCr_To_RGB1 (vp, d3d11) finished in 0.00 seconds. Local cache hits 2 (0.00s CPU time), remote cache hits 0 (0.00s CPU time), compiled 0 variants (0.00s CPU time), skipped 0 variants.
    Prepared data for serialisation in 0.00s
  Pass YCbCr_To_RGB1 (fp, d3d11) finished in 0.00 seconds. Local cache hits 2 (0.00s CPU time), remote cache hits 0 (0.00s CPU time), compiled 0 variants (0.00s CPU time), skipped 0 variants.
    Prepared data for serialisation in 0.00s
  Pass YCbCrA_To_RGBAFull (vp, d3d11) finished in 0.00 seconds. Local cache hits 2 (0.00s CPU time), remote cache hits 0 (0.00s CPU time), compiled 0 variants (0.00s CPU time), skipped 0 variants.
    Prepared data for serialisation in 0.00s
  Pass YCbCrA_To_RGBAFull (fp, d3d11) finished in 0.00 seconds. Local cache hits 2 (0.00s CPU time), remote cache hits 0 (0.00s CPU time), compiled 0 variants (0.00s CPU time), skipped 0 variants.
    Prepared data for serialisation in 0.00s
  Pass YCbCrA_To_RGBA (vp, d3d11) finished in 0.00 seconds. Local cache hits 2 (0.00s CPU time), remote cache hits 0 (0.00s CPU time), compiled 0 variants (0.00s CPU time), skipped 0 variants.
    Prepared data for serialisation in 0.00s
  Pass YCbCrA_To_RGBA (fp, d3d11) finished in 0.00 seconds. Local cache hits 2 (0.00s CPU time), remote cache hits 0 (0.00s CPU time), compiled 0 variants (0.00s CPU time), skipped 0 variants.
    Prepared data for serialisation in 0.00s
  Pass Flip_RGBA_To_RGBA (vp, d3d11) finished in 0.00 seconds. Local cache hits 2 (0.00s CPU time), remote cache hits 0 (0.00s CPU time), compiled 0 variants (0.00s CPU time), skipped 0 variants.
    Prepared data for serialisation in 0.00s
  Pass Flip_RGBA_To_RGBA (fp, d3d11) finished in 0.00 seconds. Local cache hits 2 (0.00s CPU time), remote cache hits 0 (0.00s CPU time), compiled 0 variants (0.00s CPU time), skipped 0 variants.
    Prepared data for serialisation in 0.00s
  Pass Flip_RGBASplit_To_RGBA (vp, d3d11) finished in 0.00 seconds. Local cache hits 2 (0.00s CPU time), remote cache hits 0 (0.00s CPU time), compiled 0 variants (0.00s CPU time), skipped 0 variants.
    Prepared data for serialisation in 0.00s
  Pass Flip_RGBASplit_To_RGBA (fp, d3d11) finished in 0.00 seconds. Local cache hits 2 (0.00s CPU time), remote cache hits 0 (0.00s CPU time), compiled 0 variants (0.00s CPU time), skipped 0 variants.
    Prepared data for serialisation in 0.00s
  Pass Flip_NV12_To_RGB1 (vp, d3d11) finished in 0.00 seconds. Local cache hits 2 (0.00s CPU time), remote cache hits 0 (0.00s CPU time), compiled 0 variants (0.00s CPU time), skipped 0 variants.
    Prepared data for serialisation in 0.00s
  Pass Flip_NV12_To_RGB1 (fp, d3d11) finished in 0.00 seconds. Local cache hits 2 (0.00s CPU time), remote cache hits 0 (0.00s CPU time), compiled 0 variants (0.00s CPU time), skipped 0 variants.
    Prepared data for serialisation in 0.00s
  Pass Flip_NV12_To_RGBA (vp, d3d11) finished in 0.00 seconds. Local cache hits 2 (0.00s CPU time), remote cache hits 0 (0.00s CPU time), compiled 0 variants (0.00s CPU time), skipped 0 variants.
    Prepared data for serialisation in 0.00s
  Pass Flip_NV12_To_RGBA (fp, d3d11) finished in 0.00 seconds. Local cache hits 2 (0.00s CPU time), remote cache hits 0 (0.00s CPU time), compiled 0 variants (0.00s CPU time), skipped 0 variants.
    Prepared data for serialisation in 0.00s
  Pass Flip_P010_To_RGB1 (vp, d3d11) finished in 0.00 seconds. Local cache hits 1 (0.00s CPU time), remote cache hits 0 (0.00s CPU time), compiled 0 variants (0.00s CPU time), skipped 0 variants.
    Prepared data for serialisation in 0.00s
  Pass Flip_P010_To_RGB1 (fp, d3d11) finished in 0.00 seconds. Local cache hits 1 (0.00s CPU time), remote cache hits 0 (0.00s CPU time), compiled 0 variants (0.00s CPU time), skipped 0 variants.
    Prepared data for serialisation in 0.00s
Serialized binary data for shader Hidden/VideoDecode in 0.00s
    d3d11 (total internal programs: 30, unique: 19)
Compiling shader "Hidden/TextCore/Distance Field SSD"
  Pass "" (vp)
    Target graphics API: d3d11
    Full variant space:         1
    After settings filtering:   1
    After built-in stripping:   1
    After scriptable stripping: 1
    Processed in 0.00 seconds
  Pass "" (fp)
    Target graphics API: d3d11
    Full variant space:         1
    After settings filtering:   1
    After built-in stripping:   1
    After scriptable stripping: 1
    Processed in 0.00 seconds
  Pass  (vp, d3d11) finished in 0.00 seconds. Local cache hits 1 (0.00s CPU time), remote cache hits 0 (0.00s CPU time), compiled 0 variants (0.00s CPU time), skipped 0 variants.
    Prepared data for serialisation in 0.00s
  Pass  (fp, d3d11) finished in 0.00 seconds. Local cache hits 1 (0.00s CPU time), remote cache hits 0 (0.00s CPU time), compiled 0 variants (0.00s CPU time), skipped 0 variants.
    Prepared data for serialisation in 0.00s
Serialized binary data for shader Hidden/TextCore/Distance Field SSD in 0.00s
    d3d11 (total internal programs: 2, unique: 2)
Compiling shader "Hidden/Physics2D/SDF_CircleGeometry"
  Pass "" (vp)
    Target graphics API: d3d11
    Full variant space:         2
    After settings filtering:   2
    After built-in stripping:   1
    After scriptable stripping: 1
    Processed in 0.00 seconds
  Pass "" (fp)
    Target graphics API: d3d11
    Full variant space:         2
    After settings filtering:   2
    After built-in stripping:   1
    After scriptable stripping: 1
    Processed in 0.00 seconds
  Pass  (vp, d3d11) finished in 0.00 seconds. Local cache hits 1 (0.00s CPU time), remote cache hits 0 (0.00s CPU time), compiled 0 variants (0.00s CPU time), skipped 0 variants.
    Prepared data for serialisation in 0.00s
  Pass  (fp, d3d11) finished in 0.00 seconds. Local cache hits 1 (0.00s CPU time), remote cache hits 0 (0.00s CPU time), compiled 0 variants (0.00s CPU time), skipped 0 variants.
    Prepared data for serialisation in 0.00s
Serialized binary data for shader Hidden/Physics2D/SDF_CircleGeometry in 0.00s
    d3d11 (total internal programs: 2, unique: 2)
Compiling shader "Hidden/Physics2D/SDF_CapsuleGeometry"
  Pass "" (vp)
    Target graphics API: d3d11
    Full variant space:         2
    After settings filtering:   2
    After built-in stripping:   1
    After scriptable stripping: 1
    Processed in 0.00 seconds
  Pass "" (fp)
    Target graphics API: d3d11
    Full variant space:         2
    After settings filtering:   2
    After built-in stripping:   1
    After scriptable stripping: 1
    Processed in 0.00 seconds
  Pass  (vp, d3d11) finished in 0.00 seconds. Local cache hits 1 (0.00s CPU time), remote cache hits 0 (0.00s CPU time), compiled 0 variants (0.00s CPU time), skipped 0 variants.
    Prepared data for serialisation in 0.00s
  Pass  (fp, d3d11) finished in 0.00 seconds. Local cache hits 1 (0.00s CPU time), remote cache hits 0 (0.00s CPU time), compiled 0 variants (0.00s CPU time), skipped 0 variants.
    Prepared data for serialisation in 0.00s
Serialized binary data for shader Hidden/Physics2D/SDF_CapsuleGeometry in 0.00s
    d3d11 (total internal programs: 2, unique: 2)
Compiling shader "Hidden/Physics2D/SDF_PolygonGeometry"
  Pass "" (vp)
    Target graphics API: d3d11
    Full variant space:         2
    After settings filtering:   2
    After built-in stripping:   1
    After scriptable stripping: 1
    Processed in 0.00 seconds
  Pass "" (fp)
    Target graphics API: d3d11
    Full variant space:         2
    After settings filtering:   2
    After built-in stripping:   1
    After scriptable stripping: 1
    Processed in 0.00 seconds
  Pass  (vp, d3d11) finished in 0.00 seconds. Local cache hits 1 (0.00s CPU time), remote cache hits 0 (0.00s CPU time), compiled 0 variants (0.00s CPU time), skipped 0 variants.
    Prepared data for serialisation in 0.00s
  Pass  (fp, d3d11) finished in 0.00 seconds. Local cache hits 1 (0.00s CPU time), remote cache hits 0 (0.00s CPU time), compiled 0 variants (0.00s CPU time), skipped 0 variants.
    Prepared data for serialisation in 0.00s
Serialized binary data for shader Hidden/Physics2D/SDF_PolygonGeometry in 0.00s
    d3d11 (total internal programs: 2, unique: 2)
Compiling shader "Hidden/Physics2D/SDF_Line"
  Pass "" (vp)
    Target graphics API: d3d11
    Full variant space:         2
    After settings filtering:   2
    After built-in stripping:   1
    After scriptable stripping: 1
    Processed in 0.00 seconds
  Pass "" (fp)
    Target graphics API: d3d11
    Full variant space:         2
    After settings filtering:   2
    After built-in stripping:   1
    After scriptable stripping: 1
    Processed in 0.00 seconds
  Pass  (vp, d3d11) finished in 0.00 seconds. Local cache hits 1 (0.00s CPU time), remote cache hits 0 (0.00s CPU time), compiled 0 variants (0.00s CPU time), skipped 0 variants.
    Prepared data for serialisation in 0.00s
  Pass  (fp, d3d11) finished in 0.00 seconds. Local cache hits 1 (0.00s CPU time), remote cache hits 0 (0.00s CPU time), compiled 0 variants (0.00s CPU time), skipped 0 variants.
    Prepared data for serialisation in 0.00s
Serialized binary data for shader Hidden/Physics2D/SDF_Line in 0.00s
    d3d11 (total internal programs: 2, unique: 2)
Compiling shader "Hidden/Physics2D/SDF_Point"
  Pass "" (vp)
    Target graphics API: d3d11
    Full variant space:         2
    After settings filtering:   2
    After built-in stripping:   1
    After scriptable stripping: 1
    Processed in 0.00 seconds
  Pass "" (fp)
    Target graphics API: d3d11
    Full variant space:         2
    After settings filtering:   2
    After built-in stripping:   1
    After scriptable stripping: 1
    Processed in 0.00 seconds
  Pass  (vp, d3d11) finished in 0.00 seconds. Local cache hits 1 (0.00s CPU time), remote cache hits 0 (0.00s CPU time), compiled 0 variants (0.00s CPU time), skipped 0 variants.
    Prepared data for serialisation in 0.00s
  Pass  (fp, d3d11) finished in 0.00 seconds. Local cache hits 1 (0.00s CPU time), remote cache hits 0 (0.00s CPU time), compiled 0 variants (0.00s CPU time), skipped 0 variants.
    Prepared data for serialisation in 0.00s
Serialized binary data for shader Hidden/Physics2D/SDF_Point in 0.00s
    d3d11 (total internal programs: 2, unique: 2)
SpriteAtlasDatabase::Cleanup
Starting: C:\Program Files\Unity\Hub\Editor\6000.5.9f1\Editor\Data\Tools\BuildPipeline\bee_backend.exe --ipc --dagfile="Library/Bee/Playerfc21b196.dag" --profile="Library/Bee/backend1.traceevents" Player
WorkingDir: C:/Users/admin/Desktop/games/mobile-rpg/client
DisplayProgressbar: Incremental Player Build
ExitCode: 4 Duration: 1s195ms
Starting: C:\Program Files\Unity\Hub\Editor\6000.5.9f1\Editor\Data\netcorerun\netcorerun.exe "C:\Program Files\Unity\Hub\Editor\6000.5.9f1\Editor\Data\PlaybackEngines\WindowsStandaloneSupport\WinPlayerBuildProgram.exe" "C:/Program Files/Unity/Hub/Editor/6000.5.9f1/Editor/Data/PlaybackEngines/WindowsStandaloneSupport/Bee;C:/Program Files/Unity/Hub/Editor/6000.5.9f1/Editor/Data/Tools/BuildPipeline" "Library/Bee/Playerfc21b196.dag.json" "Library/Bee/Playerfc21b196-inputdata.json" "Library\Bee\buildprogram0.traceevents"
WorkingDir: C:/Users/admin/Desktop/games/mobile-rpg/client
ExitCode: 0 Duration: 0s365ms
Starting: C:\Program Files\Unity\Hub\Editor\6000.5.9f1\Editor\Data\Tools\BuildPipeline\bee_backend.exe --ipc --dagfile="Library/Bee/Playerfc21b196.dag" --dagfilejson="Library\Bee\Playerfc21b196.dag.json" --profile="Library/Bee/backend2.traceevents" Player
WorkingDir: C:/Users/admin/Desktop/games/mobile-rpg/client
ExitCode: 0 Duration: 0s113ms

-------------------------------------------------------------------------------
Build Report
Uncompressed usage by category (Percentages based on user generated assets only):
Textures               174.3 mb	 91.1% 
Meshes                 0.0 kb	 0.0% 
Animations             0.0 kb	 0.0% 
Sounds                 0.0 kb	 0.0% 
Shaders                6.8 kb	 0.0% 
Other Assets           16.7 mb	 8.7% 
Levels                 285.0 kb	 0.1% 
File headers           28.6 kb	 0.0% 
Total User Assets      191.3 mb	 100.0% 
Complete build size    278.9 mb
Used Assets and files from the Resources folder, sorted by uncompressed size:
 15.7 mb	 5.6% Assets/Sapphire/Fonts/NotoSansCJKkr-Regular.otf
 8.0 mb	 2.9% Assets/Sapphire/Art/MageAttackGridSheet.png
 8.0 mb	 2.9% Assets/Sapphire/Art/MageTopdownGridSheet.png
 6.2 mb	 2.2% Assets/Sapphire/Art/VFX/MageDirectionalPadded.png
 6.2 mb	 2.2% Assets/Sapphire/Art/UI/MessagePanelFrameGold.png
 6.1 mb	 2.2% Assets/Sapphire/Art/VFX/Warrior/WarriorGroundSlamPadded.png
 6.1 mb	 2.2% Assets/Sapphire/Art/VFX/ThunderFieldPadded.png
 6.1 mb	 2.2% Assets/Sapphire/Art/VFX/ManaShieldPadded.png
 6.1 mb	 2.2% Assets/Sapphire/Art/UI/SkillIconsSetGold.png
 6.1 mb	 2.2% Assets/Sapphire/Art/VFX/Warrior/WarriorSkillVfxAtlas.png
 6.0 mb	 2.2% Assets/Sapphire/Art/World/SlimeKingdomAtlas.png
 6.0 mb	 2.2% Assets/Sapphire/Art/WarriorAttackGridSheet.png
 6.0 mb	 2.2% Assets/Sapphire/Art/UI/MenuIconsSetDark.png
 6.0 mb	 2.2% Assets/Sapphire/Art/World/VillageProps.png
 6.0 mb	 2.2% Assets/Sapphire/Art/UI/WarriorSkillIconsSetGold.png
 6.0 mb	 2.2% Assets/Sapphire/Art/WarriorTopdownGridSheet.png
 6.0 mb	 2.2% Assets/Sapphire/Art/UI/Title/PortraitMage.png
 6.0 mb	 2.2% Assets/Sapphire/Art/UI/MenuHamburgerIcon.png
 6.0 mb	 2.2% Assets/Sapphire/Art/UI/MenuPanelDark.png
 6.0 mb	 2.2% Assets/Sapphire/Art/UI/Title/PortraitWarrior.png
 6.0 mb	 2.2% Assets/Sapphire/Art/UI/MenuLockBadge.png
 6.0 mb	 2.2% Assets/Sapphire/Art/UI/Title/TitleLogo.png
 4.5 mb	 1.6% Assets/Sapphire/Art/UI/Title/TitleBackground.png
 4.3 mb	 1.5% Assets/Sapphire/Art/UI/Title/CharacterCreateSpotlight.png
 3.6 mb	 1.3% Assets/Sapphire/Art/UI/Title/CharacterSlotFrameEmptyV2.png
 3.6 mb	 1.3% Assets/Sapphire/Art/UI/Title/LoginPortalFrame.png
 3.6 mb	 1.3% Assets/Sapphire/Art/UI/Title/CharacterSlotFrameV2.png
 3.0 mb	 1.1% Assets/Sapphire/Art/UI/Title/NicknameInputFieldV2.png
 2.7 mb	 1.0% Built-in Texture2D: Splash Screen Unity Logo
 2.0 mb	 0.7% Assets/Sapphire/Art/UI/Title/CharacterPedestal.png
 1.8 mb	 0.6% Assets/Sapphire/Art/UI/ButtonSecondary.png
 1.7 mb	 0.6% Assets/Sapphire/Art/UI/MenuIconsSetExtra.png
 1.5 mb	 0.5% Assets/Sapphire/Art/UI/Title/LoginStartButtonV2.png
 1.5 mb	 0.5% Assets/Sapphire/Art/UI/MovementStickGold.png
 1.1 mb	 0.4% Assets/Sapphire/Art/UI/SkillButtonFrameGold.png
 976.7 kb	 0.3% Assets/Sapphire/Art/UI/MenuButtonGold.png
 768.6 kb	 0.3% Assets/Sapphire/Art/World/SlimeKingdom/Ground/RoyalRoad.png
 768.6 kb	 0.3% Assets/Sapphire/Art/World/SlimeKingdom/Ground/JellyPool.png
 768.6 kb	 0.3% Assets/Sapphire/Art/World/SlimeKingdom/Ground/CastleStone.png
 768.6 kb	 0.3% Assets/Sapphire/Art/World/SlimeKingdom/Ground/Grass.png
 760.5 kb	 0.3% Assets/Sapphire/Art/UI/Title/InputFieldFrame.png
 678.0 kb	 0.2% Assets/Sapphire/Art/UI/Title/ButtonCreateV2.png
 519.6 kb	 0.2% Resources/unity_builtin_extra
 367.2 kb	 0.1% Assets/Sapphire/Art/UI/HealthBarFrameGold.png
 324.8 kb	 0.1% Assets/Sapphire/Art/UI/Title/NameplateBar.png
 304.5 kb	 0.1% Assets/Sapphire/Art/UI/Title/ButtonSelectV2.png
 304.5 kb	 0.1% Assets/Sapphire/Art/UI/Title/ButtonDeleteV2.png
 281.9 kb	 0.1% Assets/Sapphire/Art/UI/MenuSectionDividerSingle.png
 203.6 kb	 0.1% Assets/Sapphire/Art/UI/RegionNameplate.png
 192.6 kb	 0.1% Assets/Sapphire/Art/World/Ground/Grass_2.png
 192.6 kb	 0.1% Assets/Sapphire/Art/World/Ground/Grass_1.png
 192.6 kb	 0.1% Assets/Sapphire/Art/World/Ground/Grass_0.png
 192.6 kb	 0.1% Assets/Sapphire/Art/World/Ground/Dirt_2.png
 192.6 kb	 0.1% Assets/Sapphire/Art/World/Ground/Dirt_1.png
 192.6 kb	 0.1% Assets/Sapphire/Art/World/Ground/Dirt_0.png
 183.5 kb	 0.1% Assets/Sapphire/Art/UI/Title/ClassBadgeWarrior.png
 183.3 kb	 0.1% Assets/Sapphire/Art/UI/Title/ClassBadgeMage.png
 147.1 kb	 0.1% Assets/Sapphire/Art/UI/GaugeFillMana.png
 144.7 kb	 0.1% Assets/Sapphire/Art/UI/LevelBadgeHex.png
 8.8 kb	 0.0% Packages/com.unity.inputsystem/InputSystem/Runtime/Plugins/PlayerInput/DefaultInputActions.inputactions
 0.6 kb	 0.0% Assets/Sapphire/Resources/WarriorSkillVfxLibrary.asset
 0.5 kb	 0.0% Assets/Sapphire/Resources/MageSkillVfxLibrary.asset
 0.4 kb	 0.0% Built-in Sprite: 
 0.2 kb	 0.0% Packages/com.unity.multiplayer.center/Common/IOnboardingSectionAnalyticsProvider.cs
 0.2 kb	 0.0% Assets/Sapphire/Generated/Tile_SlimeBlocker.asset
 0.2 kb	 0.0% Packages/com.unity.inputsystem/InputSystem/Runtime/Devices/Commands/QueryEditorWindowCoordinatesCommand.cs
 0.2 kb	 0.0% Packages/com.unity.inputsystem/InputSystem/Runtime/Devices/Commands/InitiateUserAccountPairingCommand.cs
 0.2 kb	 0.0% Packages/com.unity.inputsystem/InputSystem/Editor/UITKAssetEditor/Views/CompositePartBindingPropertiesView.cs
 0.2 kb	 0.0% Packages/com.unity.inputsystem/InputSystem/Editor/UITKAssetEditor/Views/CollectionViewSelectionChangeFilter.cs
 0.2 kb	 0.0% Packages/com.unity.inputsystem/InputSystem/Editor/UITKAssetEditor/InputActionsEditorSettingsProvider.cs
 0.2 kb	 0.0% Packages/com.unity.inputsystem/InputSystem/Editor/PropertyDrawers/InputActionReferenceSearchProviders.cs
 0.2 kb	 0.0% Packages/com.unity.inputsystem/InputSystem/Editor/PropertyDrawers/InputActionReferencePropertyDrawer.cs
 0.2 kb	 0.0% Packages/com.unity.inputsystem/InputSystem/Editor/Devices/Remote/RemoteInputPlayerConnectionEditor.cs
 0.2 kb	 0.0% Packages/com.unity.inputsystem/InputSystem/Editor/Analytics/InputActionsEditorSessionAnalytic.cs
 0.2 kb	 0.0% Packages/com.unity.inputsystem/InputSystem/Editor/Actions/InputControlSchemeEditorExtensions.cs
 0.2 kb	 0.0% Assets/Sapphire/Infrastructure/Character/CharacterRosterFileRepository.cs
 0.2 kb	 0.0% Assets/Sapphire/Generated/Tile_SlimeStone.asset
 0.2 kb	 0.0% Assets/Sapphire/Generated/Tile_SlimeRoad.asset
 0.2 kb	 0.0% Assets/Sapphire/Generated/Tile_SlimePool.asset
 0.2 kb	 0.0% Assets/Sapphire/Generated/Tile_SlimeGrass.asset
 0.2 kb	 0.0% Packages/com.unity.inputsystem/InputSystem/Editor/Plugins/UI/StandaloneInputModuleEditor.cs
 0.2 kb	 0.0% Packages/com.unity.inputsystem/InputSystem/Editor/Plugins/UI/InputSystemUIInputModuleEditor.cs
 0.2 kb	 0.0% Assets/Sapphire/Generated/Tile_Grass_2.asset
 0.2 kb	 0.0% Assets/Sapphire/Generated/Tile_Grass_1.asset
 0.2 kb	 0.0% Assets/Sapphire/Generated/Tile_Grass_0.asset
 0.2 kb	 0.0% Assets/Sapphire/Generated/Tile_Dirt_2.asset
 0.2 kb	 0.0% Assets/Sapphire/Generated/Tile_Dirt_1.asset
 0.2 kb	 0.0% Assets/Sapphire/Generated/Tile_Dirt_0.asset
 0.2 kb	 0.0% Assets/Sapphire/Generated/Tile_Blocker.asset
 0.1 kb	 0.0% Packages/com.unity.inputsystem/InputSystem/Runtime/Devices/Commands/QuerySamplingFrequencyCommand.cs
 0.1 kb	 0.0% Packages/com.unity.inputsystem/InputSystem/Runtime/Devices/Commands/QueryPairedUserAccountCommand.cs
 0.1 kb	 0.0% Packages/com.unity.inputsystem/InputSystem/Editor/UITKAssetEditor/Views/CompositeBindingPropertiesView.cs
 0.1 kb	 0.0% Packages/com.unity.inputsystem/InputSystem/Editor/UITKAssetEditor/InputActionsEditorWindowUtils.cs
 0.1 kb	 0.0% Packages/com.unity.inputsystem/InputSystem/Editor/PropertyDrawers/InputActionAssetSearchProvider.cs
 0.1 kb	 0.0% Packages/com.unity.inputsystem/InputSystem/Editor/ProjectWideActions/ProjectWideActionsBuildProvider.cs
 0.1 kb	 0.0% Packages/com.unity.inputsystem/InputSystem/Editor/Plugins/OnScreen/UGUIOnScreenControlEditorUtils.cs
 0.1 kb	 0.0% Packages/com.unity.inputsystem/InputSystem/Editor/Internal/SerializedPropertyLinqExtensions.cs
 0.1 kb	 0.0% Packages/com.unity.inputsystem/InputSystem/Editor/Internal/InputActionSerializationHelpers.cs
 0.1 kb	 0.0% Packages/com.unity.inputsystem/InputSystem/Editor/EditorInputControlLayoutCache.cs
 0.1 kb	 0.0% Packages/com.unity.inputsystem/InputSystem/Editor/ControlPicker/Layouts/TouchscreenControlPickerLayout.cs
 0.1 kb	 0.0% Packages/com.unity.inputsystem/InputSystem/Editor/ControlPicker/Layouts/DefaultInputControlPickerLayout.cs
 0.1 kb	 0.0% Packages/com.unity.inputsystem/InputSystem/Editor/Analytics/VirtualMouseInputEditorAnalytic.cs
 0.1 kb	 0.0% Packages/com.unity.inputsystem/InputSystem/Editor/Analytics/PlayerInputManagerEditorAnalytic.cs
 0.1 kb	 0.0% Packages/com.unity.multiplayer.center/Common/SelectedSolutionsData.cs
 0.1 kb	 0.0% Packages/com.unity.inputsystem/InputSystem/Runtime/Utilities/DisplayStringFormatAttribute.cs
 0.1 kb	 0.0% Packages/com.unity.inputsystem/InputSystem/Runtime/Plugins/XR/Haptics/SendBufferedHapticsCommand.cs
 0.1 kb	 0.0% Packages/com.unity.inputsystem/InputSystem/Runtime/Plugins/XR/Haptics/GetHapticCapabilitiesCommand.cs
 0.1 kb	 0.0% Packages/com.unity.inputsystem/InputSystem/Runtime/Plugins/XR/Haptics/GetCurrentHapticStateCommand.cs
 0.1 kb	 0.0% Packages/com.unity.inputsystem/InputSystem/Runtime/Plugins/UI/ExtendedSubmitCancelEventData.cs
 0.1 kb	 0.0% Packages/com.unity.inputsystem/InputSystem/Runtime/Plugins/Android/AndroidGameController.cs
 0.1 kb	 0.0% Packages/com.unity.inputsystem/InputSystem/Runtime/Controls/Processors/NormalizeVector3Processor.cs
 0.1 kb	 0.0% Packages/com.unity.inputsystem/InputSystem/Runtime/Controls/Processors/NormalizeVector2Processor.cs
 0.1 kb	 0.0% Packages/com.unity.inputsystem/InputSystem/Runtime/Controls/Processors/EditorWindowSpaceProcessor.cs
 0.1 kb	 0.0% Packages/com.unity.inputsystem/InputSystem/Runtime/Controls/Processors/CompensateRotationProcessor.cs
 0.1 kb	 0.0% Packages/com.unity.inputsystem/InputSystem/Runtime/Controls/Processors/CompensateDirectionProcessor.cs
 0.1 kb	 0.0% Packages/com.unity.inputsystem/InputSystem/Editor/Plugins/HID/HIDSupportEditorInitializer.cs
 0.1 kb	 0.0% Packages/com.unity.inputsystem/InputSystem/Editor/Controls/Processors/StickDeadzoneProcessorEditor.cs
 0.1 kb	 0.0% Packages/com.unity.inputsystem/InputSystem/Editor/Controls/Processors/AxisDeadzoneProcessorEditor.cs
 0.1 kb	 0.0% Packages/com.unity.inputsystem/InputSystem/Editor/Actions/Interactions/MultiTapInteractionEditor.cs
 0.1 kb	 0.0% Packages/com.unity.inputsystem/InputSystem/Runtime/State/IInputStateCallbackReceiver.cs
 0.1 kb	 0.0% Packages/com.unity.inputsystem/InputSystem/Runtime/Plugins/InputForUI/InputSystemProvider.cs
 0.1 kb	 0.0% Packages/com.unity.inputsystem/InputSystem/Runtime/Plugins/DualShock/DualShockGamepadHID.cs
 0.1 kb	 0.0% Packages/com.unity.inputsystem/InputSystem/Runtime/Devices/IInputUpdateCallbackReceiver.cs
 0.1 kb	 0.0% Packages/com.unity.inputsystem/InputSystem/Runtime/Devices/Commands/SetSamplingFrequencyCommand.cs
 0.1 kb	 0.0% Packages/com.unity.inputsystem/InputSystem/Runtime/Devices/Commands/SetIMECursorPositionCommand.cs
 0.1 kb	 0.0% Packages/com.unity.inputsystem/InputSystem/Runtime/Devices/Commands/QueryKeyboardLayoutCommand.cs
 0.1 kb	 0.0% Packages/com.unity.inputsystem/InputSystem/Runtime/Devices/Commands/EnableIMECompositionCommand.cs
 0.1 kb	 0.0% Packages/com.unity.inputsystem/InputSystem/Runtime/Controls/InputControlLayoutAttribute.cs
 0.1 kb	 0.0% Packages/com.unity.inputsystem/InputSystem/Runtime/Actions/InputActionRebindingExtensions.cs
 0.1 kb	 0.0% Packages/com.unity.inputsystem/InputSystem/Runtime/Actions/DeferBindingResolutionContext.cs
 0.1 kb	 0.0% Packages/com.unity.inputsystem/InputSystem/Editor/UITKAssetEditor/Views/NameAndParametersListView.cs
 0.1 kb	 0.0% Packages/com.unity.inputsystem/InputSystem/Editor/UITKAssetEditor/Views/InputActionMapsTreeViewItem.cs
 0.1 kb	 0.0% Packages/com.unity.inputsystem/InputSystem/Editor/UITKAssetEditor/InputActionsEditorConstants.cs
 0.1 kb	 0.0% Packages/com.unity.inputsystem/InputSystem/Editor/Settings/InputSettingsBuildProvider.cs
 0.1 kb	 0.0% Packages/com.unity.inputsystem/InputSystem/Editor/Settings/EditorPlayerSettingHelpers.cs
 0.1 kb	 0.0% Packages/com.unity.inputsystem/InputSystem/Editor/PropertyDrawers/InputActionPropertyDrawer.cs
 0.1 kb	 0.0% Packages/com.unity.inputsystem/InputSystem/Editor/PropertyDrawers/GamepadButtonPropertyDrawer.cs
 0.1 kb	 0.0% Packages/com.unity.inputsystem/InputSystem/Editor/Internal/SerializedPropertyHelpers.cs
 0.1 kb	 0.0% Packages/com.unity.inputsystem/InputSystem/Editor/Internal/AdvancedDropdown/AdvancedDropdownDataSource.cs
 0.1 kb	 0.0% Packages/com.unity.inputsystem/InputSystem/Editor/InputSystemPackageControl.cs
 0.1 kb	 0.0% Packages/com.unity.inputsystem/InputSystem/Editor/InputSystemEditorInitializer.cs
 0.1 kb	 0.0% Packages/com.unity.inputsystem/InputSystem/Editor/Debugger/SampleFrequencyCalculator.cs
 0.1 kb	 0.0% Packages/com.unity.inputsystem/InputSystem/Editor/Debugger/InputDeviceDebuggerWindow.cs
 0.1 kb	 0.0% Packages/com.unity.inputsystem/InputSystem/Editor/Debugger/InputActionDebuggerWindow.cs
 0.1 kb	 0.0% Packages/com.unity.inputsystem/InputSystem/Editor/ControlPicker/InputControlPickerDropdown.cs
 0.1 kb	 0.0% Packages/com.unity.inputsystem/InputSystem/Editor/ControlPicker/IInputControlPickerLayout.cs
 0.1 kb	 0.0% Packages/com.unity.inputsystem/InputSystem/Editor/AssetImporter/InputActionImporterEditor.cs
 0.1 kb	 0.0% Packages/com.unity.inputsystem/InputSystem/Editor/AssetImporter/InputActionAssetIconLoader.cs
 0.1 kb	 0.0% Packages/com.unity.inputsystem/InputSystem/Editor/AssetEditor/InputBindingPropertiesView.cs
 0.1 kb	 0.0% Packages/com.unity.inputsystem/InputSystem/Editor/AssetEditor/InputActionPropertiesView.cs
 0.1 kb	 0.0% Packages/com.unity.inputsystem/InputSystem/Editor/Analytics/PlayerInputEditorAnalytic.cs
 0.1 kb	 0.0% Packages/com.unity.inputsystem/InputSystem/Editor/Analytics/OnScreenStickEditorAnalytic.cs
 0.1 kb	 0.0% Packages/com.unity.inputsystem/InputSystem/Editor/Analytics/InputExitPlayModeAnalytic.cs
 0.1 kb	 0.0% Packages/com.unity.inputsystem/InputSystem/Editor/Analytics/InputComponentEditorAnalytic.cs
 0.1 kb	 0.0% Assets/Sapphire/Presentation/CharacterFlow/CharacterSelectController.cs
 0.1 kb	 0.0% Assets/Sapphire/Presentation/CharacterFlow/CharacterCreateController.cs
 0.1 kb	 0.0% Packages/com.unity.ugui/Runtime/UGUI/EventSystem/UIElements/UIToolkitInteroperabilityBridge.cs
 0.1 kb	 0.0% Packages/com.unity.multiplayer.center/Common/IOnboardingSection.cs
 0.1 kb	 0.0% Packages/com.unity.inputsystem/InputSystem/Runtime/Utilities/Observables/ForDeviceEventObservable.cs
 0.1 kb	 0.0% Packages/com.unity.inputsystem/InputSystem/Runtime/Plugins/XR/Haptics/SendHapticImpulseCommand.cs
 0.1 kb	 0.0% Packages/com.unity.inputsystem/InputSystem/Runtime/Plugins/Android/AndroidSensors.cs
 0.1 kb	 0.0% Packages/com.unity.inputsystem/InputSystem/Runtime/Controls/Processors/StickDeadzoneProcessor.cs
 0.1 kb	 0.0% Packages/com.unity.inputsystem/InputSystem/Runtime/Controls/Processors/ScaleVector3Processor.cs
 0.1 kb	 0.0% Packages/com.unity.inputsystem/InputSystem/Runtime/Controls/Processors/ScaleVector2Processor.cs
 0.1 kb	 0.0% Packages/com.unity.inputsystem/InputSystem/Runtime/Controls/Processors/InvertVector3Processor.cs
 0.1 kb	 0.0% Packages/com.unity.inputsystem/InputSystem/Runtime/Controls/Processors/InvertVector2Processor.cs
 0.1 kb	 0.0% Packages/com.unity.inputsystem/InputSystem/Runtime/Controls/Processors/AxisDeadzoneProcessor.cs
 0.1 kb	 0.0% Packages/com.unity.inputsystem/InputSystem/Runtime/Actions/Composites/TwoModifiersComposite.cs
 0.1 kb	 0.0% Packages/com.unity.inputsystem/InputSystem/Runtime/Actions/Composites/ButtonWithTwoModifiers.cs
 0.1 kb	 0.0% Packages/com.unity.inputsystem/InputSystem/Runtime/Actions/Composites/ButtonWithOneModifier.cs
 0.1 kb	 0.0% Packages/com.unity.inputsystem/InputSystem/Editor/AssetEditor/NameAndParameterListView.cs
 0.1 kb	 0.0% Packages/com.unity.inputsystem/InputSystem/Editor/Actions/Interactions/SlowTapInteractionEditor.cs
 0.1 kb	 0.0% Packages/com.unity.inputsystem/InputSystem/Editor/Actions/Interactions/PressInteractionEditor.cs
 0.1 kb	 0.0% Packages/com.unity.inputsystem/InputSystem/Editor/Actions/Interactions/HoldInteractionEditor.cs
 0.1 kb	 0.0% Packages/com.unity.inputsystem/InputSystem/Editor/Actions/Composites/Vector3CompositeEditor.cs
 0.1 kb	 0.0% Packages/com.unity.inputsystem/InputSystem/Editor/Actions/Composites/Vector2CompositeEditor.cs
 0.1 kb	 0.0% Assets/Sapphire/Presentation/Movement/DirectionalSpriteAnimator.cs
 0.1 kb	 0.0% Packages/com.unity.ugui/Runtime/TMP/TMP_SpriteAssetImportFormats.cs
 0.1 kb	 0.0% Packages/com.unity.multiplayer.center/Common/StyleConstants.cs
 0.1 kb	 0.0% Packages/com.unity.inputsystem/InputSystem/Runtime/State/IInputStateChangeMonitor.cs
 0.1 kb	 0.0% Packages/com.unity.inputsystem/InputSystem/Runtime/Plugins/iOS/IOSGameController.cs
 0.1 kb	 0.0% Packages/com.unity.inputsystem/InputSystem/Runtime/Plugins/XInput/XInputControllerWindows.cs
 0.1 kb	 0.0% Packages/com.unity.inputsystem/InputSystem/Runtime/Plugins/Users/InputUserAccountHandle.cs
 0.1 kb	 0.0% Packages/com.unity.inputsystem/InputSystem/Runtime/Plugins/Switch/SwitchProControllerHID.cs
 0.1 kb	 0.0% Packages/com.unity.inputsystem/InputSystem/Runtime/Plugins/OSX/OSXGameController.cs
 0.1 kb	 0.0% Packages/com.unity.inputsystem/InputSystem/Runtime/Plugins/EnhancedTouch/EnhancedTouchSupport.cs
 0.1 kb	 0.0% Packages/com.unity.inputsystem/InputSystem/Runtime/InputManagerStateMonitors.cs
 0.1 kb	 0.0% Packages/com.unity.inputsystem/InputSystem/Runtime/Events/DeviceConfigurationEvent.cs
 0.1 kb	 0.0% Packages/com.unity.inputsystem/InputSystem/Runtime/Devices/Remote/RemoteInputPlayerConnection.cs
 0.1 kb	 0.0% Packages/com.unity.inputsystem/InputSystem/Runtime/Devices/InputDeviceDescription.cs
 0.1 kb	 0.0% Packages/com.unity.inputsystem/InputSystem/Runtime/Devices/Haptics/DualMotorRumbleCommand.cs
 0.1 kb	 0.0% Packages/com.unity.inputsystem/InputSystem/Runtime/Devices/Commands/WarpMousePositionCommand.cs
 0.1 kb	 0.0% Packages/com.unity.inputsystem/InputSystem/Runtime/Devices/Commands/QueryEnabledStateCommand.cs
 0.1 kb	 0.0% Packages/com.unity.inputsystem/InputSystem/Runtime/Devices/Commands/QueryDimensionsCommand.cs
 0.1 kb	 0.0% Packages/com.unity.inputsystem/InputSystem/Runtime/Devices/Commands/QueryCanRunInBackground.cs
 0.1 kb	 0.0% Packages/com.unity.inputsystem/InputSystem/Runtime/Devices/Commands/IInputDeviceCommandInfo.cs
 0.1 kb	 0.0% Packages/com.unity.inputsystem/InputSystem/Runtime/Controls/InputControlAttribute.cs
 0.1 kb	 0.0% Packages/com.unity.inputsystem/InputSystem/Runtime/Controls/DiscreteButtonControl.cs
 0.1 kb	 0.0% Packages/com.unity.inputsystem/InputSystem/Runtime/Actions/InputBindingCompositeContext.cs
 0.1 kb	 0.0% Packages/com.unity.inputsystem/InputSystem/Runtime/Actions/InputActionSetupExtensions.cs
 0.1 kb	 0.0% Packages/com.unity.inputsystem/InputSystem/Runtime/Actions/InputActionParameters.cs
 0.1 kb	 0.0% Packages/com.unity.inputsystem/InputSystem/Editor/UITKAssetEditor/Views/VisualElementExtensions.cs
 0.1 kb	 0.0% Packages/com.unity.inputsystem/InputSystem/Editor/UITKAssetEditor/Views/InputActionsTreeViewItem.cs
 0.1 kb	 0.0% Packages/com.unity.inputsystem/InputSystem/Editor/UITKAssetEditor/Views/InputActionsEditorView.cs
 0.1 kb	 0.0% Packages/com.unity.inputsystem/InputSystem/Editor/UITKAssetEditor/Views/BindingPropertiesView.cs
 0.1 kb	 0.0% Packages/com.unity.inputsystem/InputSystem/Editor/UITKAssetEditor/SerializedInputBinding.cs
 0.1 kb	 0.0% Packages/com.unity.inputsystem/InputSystem/Editor/UITKAssetEditor/SerializedInputActionMap.cs
 0.1 kb	 0.0% Packages/com.unity.inputsystem/InputSystem/Editor/UITKAssetEditor/SerializedInputAction.cs
 0.1 kb	 0.0% Packages/com.unity.inputsystem/InputSystem/Editor/UITKAssetEditor/InputActionsEditorWindow.cs
 0.1 kb	 0.0% Packages/com.unity.inputsystem/InputSystem/Editor/UITKAssetEditor/InputActionsEditorState.cs
 0.1 kb	 0.0% Packages/com.unity.inputsystem/InputSystem/Editor/UITKAssetEditor/Commands/ControlSchemeCommands.cs
 0.1 kb	 0.0% Packages/com.unity.inputsystem/InputSystem/Editor/Settings/InputSettingsProvider.cs
 0.1 kb	 0.0% Packages/com.unity.inputsystem/InputSystem/Editor/PropertyDrawers/InputControlPathDrawer.cs
 0.1 kb	 0.0% Packages/com.unity.inputsystem/InputSystem/Editor/PropertyDrawers/InputActionDrawerBase.cs
 0.1 kb	 0.0% Packages/com.unity.inputsystem/InputSystem/Editor/PropertyDrawers/InputActionAssetDrawer.cs
 0.1 kb	 0.0% Packages/com.unity.inputsystem/InputSystem/Editor/ProjectWideActions/ProjectWideActionsAsset.cs
 0.1 kb	 0.0% Packages/com.unity.inputsystem/InputSystem/Editor/Plugins/PlayerInput/PlayerInputManagerEditor.cs
 0.1 kb	 0.0% Packages/com.unity.inputsystem/InputSystem/Editor/Plugins/EnhancedTouch/TouchSimulationEditor.cs
 0.1 kb	 0.0% Packages/com.unity.inputsystem/InputSystem/Editor/Internal/AdvancedDropdown/AdvancedDropdownWindow.cs
 0.1 kb	 0.0% Packages/com.unity.inputsystem/InputSystem/Editor/Internal/AdvancedDropdown/AdvancedDropdownState.cs
 0.1 kb	 0.0% Packages/com.unity.inputsystem/InputSystem/Editor/InputSystemPluginControl.cs
 0.1 kb	 0.0% Packages/com.unity.inputsystem/InputSystem/Editor/InputLayoutCodeGenerator.cs
 0.1 kb	 0.0% Packages/com.unity.inputsystem/InputSystem/Editor/InputAssetEditorUtils.cs
 0.1 kb	 0.0% Packages/com.unity.inputsystem/InputSystem/Editor/Debugger/InputLatencyCalculator.cs
 0.1 kb	 0.0% Packages/com.unity.inputsystem/InputSystem/Editor/ControlPicker/InputControlPickerState.cs
 0.1 kb	 0.0% Packages/com.unity.inputsystem/InputSystem/Editor/ControlPicker/InputControlPathEditor.cs
 0.1 kb	 0.0% Packages/com.unity.inputsystem/InputSystem/Editor/ControlPicker/InputControlDropdownItem.cs
 0.1 kb	 0.0% Packages/com.unity.inputsystem/InputSystem/Editor/AssetImporter/InputActionCodeGenerator.cs
 0.1 kb	 0.0% Packages/com.unity.inputsystem/InputSystem/Editor/AssetImporter/InputActionAssetEditor.cs
 0.1 kb	 0.0% Packages/com.unity.inputsystem/InputSystem/Editor/AssetImporter/IInputActionAssetEditor.cs
 0.1 kb	 0.0% Packages/com.unity.inputsystem/InputSystem/Editor/AssetEditor/InputActionAssetManager.cs
 0.1 kb	 0.0% Packages/com.unity.inputsystem/InputSystem/Actions/InputActionStateMonitorIndex.cs
 0.1 kb	 0.0% Assets/Sapphire/Presentation/CharacterFlow/CharacterSlotCardView.cs
 0.1 kb	 0.0% Assets/Sapphire/Domain/Character/ICharacterRosterRepository.cs
 0.1 kb	 0.0% Assets/Sapphire/Domain/Character/CharacterFootPivotCalculator.cs
 0.1 kb	 0.0% Packages/com.unity.ugui/Runtime/UGUI/UI/Core/Layout/HorizontalOrVerticalLayoutGroup.cs
 0.1 kb	 0.0% Packages/com.unity.inputsystem/InputSystem/Runtime/Utilities/NameAndParameters.cs
 0.1 kb	 0.0% Packages/com.unity.inputsystem/InputSystem/Runtime/Utilities/CSharpCodeHelpers.cs
 0.1 kb	 0.0% Packages/com.unity.inputsystem/InputSystem/Runtime/Plugins/UI/TrackedDeviceRaycaster.cs
 0.1 kb	 0.0% Packages/com.unity.inputsystem/InputSystem/Runtime/Plugins/UI/MultiplayerEventSystem.cs
 0.1 kb	 0.0% Packages/com.unity.inputsystem/InputSystem/Runtime/Plugins/UI/InputSystemUIInputModule.cs
 0.1 kb	 0.0% Packages/com.unity.inputsystem/InputSystem/Runtime/Plugins/UI/ExtendedPointerEventData.cs
 0.1 kb	 0.0% Packages/com.unity.inputsystem/InputSystem/Runtime/Plugins/UI/ExtendedAxisEventData.cs
 0.1 kb	 0.0% Packages/com.unity.inputsystem/InputSystem/Runtime/Plugins/DualShock/IDualShockHaptics.cs
 0.1 kb	 0.0% Packages/com.unity.inputsystem/InputSystem/Runtime/Controls/Processors/NormalizeProcessor.cs
 0.1 kb	 0.0% Packages/com.unity.inputsystem/InputSystem/Runtime/Actions/Interactions/SlowTapInteraction.cs
 0.1 kb	 0.0% Packages/com.unity.inputsystem/InputSystem/Runtime/Actions/Interactions/MultiTapInteraction.cs
 0.1 kb	 0.0% Packages/com.unity.inputsystem/InputSystem/Runtime/Actions/Composites/OneModifierComposite.cs
 0.1 kb	 0.0% Packages/com.unity.inputsystem/InputSystem/Editor/Utilities/DirtyAssetTracker.cs
 0.1 kb	 0.0% Packages/com.unity.inputsystem/InputSystem/Editor/Plugins/HID/HIDDescriptorWindow.cs
 0.1 kb	 0.0% Packages/com.unity.inputsystem/InputSystem/Editor/AssetEditor/ParameterListView.cs
 0.1 kb	 0.0% Packages/com.unity.inputsystem/InputSystem/Editor/AssetEditor/InputActionTreeViewItems.cs
 0.1 kb	 0.0% Packages/com.unity.inputsystem/InputSystem/Editor/Actions/Interactions/TapInteractionEditor.cs
 0.1 kb	 0.0% Packages/com.unity.inputsystem/InputSystem/Editor/Actions/Composites/AxisCompositeEditor.cs
 0.1 kb	 0.0% Assets/Sapphire/Presentation/Session/CharacterSessionService.cs
 0.1 kb	 0.0% Packages/com.unity.ugui/Runtime/TMP/TMP_DynamicFontAssetUtilities.cs
 0.1 kb	 0.0% Packages/com.unity.inputsystem/InputSystem/Runtime/Utilities/Comparers.cs
 0.1 kb	 0.0% Packages/com.unity.inputsystem/InputSystem/Runtime/State/InputStateHistory.cs
 0.1 kb	 0.0% Packages/com.unity.inputsystem/InputSystem/Runtime/State/InputStateBuffers.cs
 0.1 kb	 0.0% Packages/com.unity.inputsystem/InputSystem/Runtime/State/IInputStateTypeInfo.cs
 0.1 kb	 0.0% Packages/com.unity.inputsystem/InputSystem/Runtime/Plugins/Users/InputUserSettings.cs
 0.1 kb	 0.0% Packages/com.unity.inputsystem/InputSystem/Runtime/Plugins/Switch/SwitchProController.cs
 0.1 kb	 0.0% Packages/com.unity.inputsystem/InputSystem/Runtime/Plugins/EnhancedTouch/TouchSimulation.cs
 0.1 kb	 0.0% Packages/com.unity.inputsystem/InputSystem/Runtime/NativeInputRuntime.cs
 0.1 kb	 0.0% Packages/com.unity.inputsystem/InputSystem/Runtime/InputEditorUserSettings.cs
 0.1 kb	 0.0% Packages/com.unity.inputsystem/InputSystem/Runtime/Events/InputEventListener.cs
 0.1 kb	 0.0% Packages/com.unity.inputsystem/InputSystem/Runtime/Events/IMECompositionEvent.cs
 0.1 kb	 0.0% Packages/com.unity.inputsystem/InputSystem/Runtime/Events/IInputEventTypeInfo.cs
 0.1 kb	 0.0% Packages/com.unity.inputsystem/InputSystem/Runtime/Events/DeviceRemoveEvent.cs
 0.1 kb	 0.0% Packages/com.unity.inputsystem/InputSystem/Runtime/Devices/InputDeviceMatcher.cs
 0.1 kb	 0.0% Packages/com.unity.inputsystem/InputSystem/Runtime/Devices/InputDeviceBuilder.cs
 0.1 kb	 0.0% Packages/com.unity.inputsystem/InputSystem/Runtime/Devices/ITextInputReceiver.cs
 0.1 kb	 0.0% Packages/com.unity.inputsystem/InputSystem/Runtime/Devices/IEventPreProcessor.cs
 0.1 kb	 0.0% Packages/com.unity.inputsystem/InputSystem/Runtime/Devices/ICustomDeviceReset.cs
 0.1 kb	 0.0% Packages/com.unity.inputsystem/InputSystem/Runtime/Devices/Commands/RequestSyncCommand.cs
 0.1 kb	 0.0% Packages/com.unity.inputsystem/InputSystem/Runtime/Devices/Commands/RequestResetCommand.cs
 0.1 kb	 0.0% Packages/com.unity.inputsystem/InputSystem/Runtime/Devices/Commands/QueryUserIdCommand.cs
 0.1 kb	 0.0% Packages/com.unity.inputsystem/InputSystem/Runtime/Devices/Commands/QueryKeyNameCommand.cs
 0.1 kb	 0.0% Packages/com.unity.inputsystem/InputSystem/Runtime/Devices/Commands/InputDeviceCommand.cs
 0.1 kb	 0.0% Packages/com.unity.inputsystem/InputSystem/Runtime/Devices/Commands/EnableDeviceCommand.cs
 0.1 kb	 0.0% Packages/com.unity.inputsystem/InputSystem/Runtime/Devices/Commands/DisableDeviceCommand.cs
 0.1 kb	 0.0% Packages/com.unity.inputsystem/InputSystem/Runtime/Controls/TouchPressControl.cs
 0.1 kb	 0.0% Packages/com.unity.inputsystem/InputSystem/Runtime/Controls/TouchPhaseControl.cs
 0.1 kb	 0.0% Packages/com.unity.inputsystem/InputSystem/Runtime/Controls/QuaternionControl.cs
 0.1 kb	 0.0% Packages/com.unity.inputsystem/InputSystem/Runtime/Controls/InputControlLayout.cs
 0.1 kb	 0.0% Packages/com.unity.inputsystem/InputSystem/Runtime/Controls/InputControlExtensions.cs
 0.1 kb	 0.0% Packages/com.unity.inputsystem/InputSystem/Runtime/Actions/InputInteractionContext.cs
 0.1 kb	 0.0% Packages/com.unity.inputsystem/InputSystem/Runtime/Actions/InputBindingComposite.cs
 0.1 kb	 0.0% Packages/com.unity.inputsystem/InputSystem/Runtime/Actions/IInputActionCollection.cs
 0.1 kb	 0.0% Packages/com.unity.inputsystem/InputSystem/Editor/VirtualMouseInputEditor.cs
 0.1 kb	 0.0% Packages/com.unity.inputsystem/InputSystem/Editor/UITKAssetEditor/Views/MatchingControlPaths.cs
 0.1 kb	 0.0% Packages/com.unity.inputsystem/InputSystem/Editor/UITKAssetEditor/Views/IViewStateCollection.cs
 0.1 kb	 0.0% Packages/com.unity.inputsystem/InputSystem/Editor/UITKAssetEditor/Views/ControlSchemesView.cs
 0.1 kb	 0.0% Packages/com.unity.inputsystem/InputSystem/Editor/UITKAssetEditor/Views/ActionPropertiesView.cs
 0.1 kb	 0.0% Packages/com.unity.inputsystem/InputSystem/Editor/UITKAssetEditor/EnumerableExtensions.cs
 0.1 kb	 0.0% Packages/com.unity.inputsystem/InputSystem/Editor/PropertyDrawers/InputActionMapDrawer.cs
 0.1 kb	 0.0% Packages/com.unity.inputsystem/InputSystem/Editor/PropertyDrawers/InputActionDrawer.cs
 0.1 kb	 0.0% Packages/com.unity.inputsystem/InputSystem/Editor/Plugins/iOS/InputSettingsiOSProvider.cs
 0.1 kb	 0.0% Packages/com.unity.inputsystem/InputSystem/Editor/Plugins/PlayerInput/PlayerInputEditor.cs
 0.1 kb	 0.0% Packages/com.unity.inputsystem/InputSystem/Editor/Plugins/OnScreen/OnScreenStickEditor.cs
 0.1 kb	 0.0% Packages/com.unity.inputsystem/InputSystem/Editor/Plugins/OnScreen/OnScreenButtonEditor.cs
 0.1 kb	 0.0% Packages/com.unity.inputsystem/InputSystem/Editor/Internal/InputEventTreeView.cs
 0.1 kb	 0.0% Packages/com.unity.inputsystem/InputSystem/Editor/Internal/InputControlTreeView.cs
 0.1 kb	 0.0% Packages/com.unity.inputsystem/InputSystem/Editor/Internal/BuildProviderHelpers.cs
 0.1 kb	 0.0% Packages/com.unity.inputsystem/InputSystem/Editor/Internal/AdvancedDropdown/MultiLevelDataSource.cs
 0.1 kb	 0.0% Packages/com.unity.inputsystem/InputSystem/Editor/Internal/AdvancedDropdown/CallbackDataSource.cs
 0.1 kb	 0.0% Packages/com.unity.inputsystem/InputSystem/Editor/Internal/AdvancedDropdown/AdvancedDropdownItem.cs
 0.1 kb	 0.0% Packages/com.unity.inputsystem/InputSystem/Editor/Internal/AdvancedDropdown/AdvancedDropdownGUI.cs
 0.1 kb	 0.0% Packages/com.unity.inputsystem/InputSystem/Editor/InputSystemStateManager.cs
 0.1 kb	 0.0% Packages/com.unity.inputsystem/InputSystem/Editor/InputParameterEditor.cs
 0.1 kb	 0.0% Packages/com.unity.inputsystem/InputSystem/Editor/DeviceSimulator/InputSystemPlugin.cs
 0.1 kb	 0.0% Packages/com.unity.inputsystem/InputSystem/Editor/Debugger/InputDebuggerWindow.cs
 0.1 kb	 0.0% Packages/com.unity.inputsystem/InputSystem/Editor/ControlPicker/InputControlPicker.cs
 0.1 kb	 0.0% Packages/com.unity.inputsystem/InputSystem/Editor/BuildPipeline/LinkFileGenerator.cs
 0.1 kb	 0.0% Packages/com.unity.inputsystem/InputSystem/Editor/AssetImporter/InputActionImporter.cs
 0.1 kb	 0.0% Packages/com.unity.inputsystem/InputSystem/Editor/AssetEditor/PropertiesViewBase.cs
 0.1 kb	 0.0% Packages/com.unity.inputsystem/InputSystem/Editor/AssetEditor/InputActionTreeView.cs
 0.1 kb	 0.0% Packages/com.unity.inputsystem/InputSystem/Editor/Analytics/InputEditorAnalytics.cs
 0.1 kb	 0.0% Packages/com.unity.inputsystem/InputSystem/Editor/Analytics/InputBuildAnalytic.cs
 0.1 kb	 0.0% Assets/Sapphire/Presentation/World/TilemapGridMapBuilder.cs
 0.1 kb	 0.0% Assets/Sapphire/Presentation/Skills/WarriorSkillVfxPlayer.cs
 0.1 kb	 0.0% Assets/Sapphire/Presentation/Skills/WarriorSkillVfxLibrary.cs
 0.1 kb	 0.0% Assets/Sapphire/Presentation/Login/LoginScreenController.cs
 0.1 kb	 0.0% Assets/Sapphire/Infrastructure/Character/CharacterSlotDto.cs
 0.1 kb	 0.0% Assets/Sapphire/Domain/Character/CharacterNameValidator.cs
 0.1 kb	 0.0% Packages/com.unity.ugui/Runtime/UGUI/EventSystem/UIElements/WorldDocumentRaycaster.cs
 0.1 kb	 0.0% Packages/com.unity.ugui/Runtime/UGUI/EventSystem/InputModules/StandaloneInputModule.cs
 0.1 kb	 0.0% Packages/com.unity.multiplayer.center/Common/AnswerData.cs
 0.1 kb	 0.0% Packages/com.unity.inputsystem/InputSystem/Runtime/Utilities/StringHelpers.cs
 0.1 kb	 0.0% Packages/com.unity.inputsystem/InputSystem/Runtime/Utilities/SpriteUtilities.cs
 0.1 kb	 0.0% Packages/com.unity.inputsystem/InputSystem/Runtime/Utilities/PrimitiveValue.cs
 0.1 kb	 0.0% Packages/com.unity.inputsystem/InputSystem/Runtime/Utilities/PredictiveParser.cs
 0.1 kb	 0.0% Packages/com.unity.inputsystem/InputSystem/Runtime/Utilities/NumberHelpers.cs
 0.1 kb	 0.0% Packages/com.unity.inputsystem/InputSystem/Runtime/Utilities/MemoryHelpers.cs
 0.1 kb	 0.0% Packages/com.unity.inputsystem/InputSystem/Runtime/Utilities/InternedString.cs
 0.1 kb	 0.0% Packages/com.unity.inputsystem/InputSystem/Runtime/Utilities/ExceptionHelpers.cs
 0.1 kb	 0.0% Packages/com.unity.inputsystem/InputSystem/Runtime/Utilities/DelegateHelpers.cs
 0.1 kb	 0.0% Packages/com.unity.inputsystem/InputSystem/Runtime/Plugins/iOS/iOSStepCounter.cs
 0.1 kb	 0.0% Packages/com.unity.inputsystem/InputSystem/Runtime/Plugins/XR/TrackedPoseDriver.cs
 0.1 kb	 0.0% Packages/com.unity.inputsystem/InputSystem/Runtime/Plugins/XR/Haptics/BufferedRumble.cs
 0.1 kb	 0.0% Packages/com.unity.inputsystem/InputSystem/Runtime/Plugins/UI/VirtualMouseInput.cs
 0.1 kb	 0.0% Packages/com.unity.inputsystem/InputSystem/Runtime/Plugins/UI/INavigationEventData.cs
 0.1 kb	 0.0% Packages/com.unity.inputsystem/InputSystem/Runtime/Plugins/UI/BaseInputOverride.cs
 0.1 kb	 0.0% Packages/com.unity.inputsystem/InputSystem/Runtime/Plugins/DualShock/DualShockSupport.cs
 0.1 kb	 0.0% Packages/com.unity.inputsystem/InputSystem/Runtime/Plugins/DualShock/DualShockGamepad.cs
 0.1 kb	 0.0% Packages/com.unity.inputsystem/InputSystem/Runtime/Controls/Processors/ScaleProcessor.cs
 0.1 kb	 0.0% Packages/com.unity.inputsystem/InputSystem/Runtime/Controls/Processors/InvertProcessor.cs
 0.1 kb	 0.0% Packages/com.unity.inputsystem/InputSystem/Runtime/Controls/Processors/ClampProcessor.cs
 0.1 kb	 0.0% Packages/com.unity.inputsystem/InputSystem/Runtime/Actions/Interactions/TapInteraction.cs
 0.1 kb	 0.0% Packages/com.unity.inputsystem/InputSystem/Runtime/Actions/Interactions/PressInteraction.cs
 0.1 kb	 0.0% Packages/com.unity.inputsystem/InputSystem/Runtime/Actions/Interactions/HoldInteraction.cs
 0.1 kb	 0.0% Packages/com.unity.inputsystem/InputSystem/Runtime/Actions/InputActionTrace.cs
 0.1 kb	 0.0% Packages/com.unity.inputsystem/InputSystem/Runtime/Actions/Composites/Vector3Composite.cs
 0.1 kb	 0.0% Packages/com.unity.inputsystem/InputSystem/Runtime/Actions/Composites/Vector2Composite.cs
 0.1 kb	 0.0% Packages/com.unity.inputsystem/InputSystem/Runtime/Actions/Composites/AxisComposite.cs
 0.1 kb	 0.0% Assets/Sapphire/Presentation/Movement/VirtualMovementPad.cs
 0.1 kb	 0.0% Assets/Sapphire/Presentation/Movement/SkillMotionPlayer.cs
 0.1 kb	 0.0% Assets/Sapphire/Presentation/Movement/PlayerInputReader.cs
 0.1 kb	 0.0% Assets/Sapphire/Presentation/Movement/PlayerGridController.cs
 0.1 kb	 0.0% Assets/Sapphire/Domain/Skills/WarriorCombatConstants.cs
 0.1 kb	 0.0% Packages/com.unity.ugui/Runtime/TMP/TMP_ScrollbarEventHandler.cs
 0.1 kb	 0.0% Packages/com.unity.ugui/Runtime/TMP/TMP_PackageResourceImporter.cs
 0.1 kb	 0.0% Packages/com.unity.ugui/Runtime/InternalBridge/ObjectUtilsBridge.cs
 0.1 kb	 0.0% Packages/com.unity.inputsystem/InputSystem/Runtime/State/InputStateBlock.cs
 0.1 kb	 0.0% Packages/com.unity.inputsystem/InputSystem/Runtime/Plugins/XInput/XInputSupport.cs
 0.1 kb	 0.0% Packages/com.unity.inputsystem/InputSystem/Runtime/Plugins/XInput/XInputController.cs
 0.1 kb	 0.0% Packages/com.unity.inputsystem/InputSystem/Runtime/Plugins/XInput/IXboxOneRumble.cs
 0.1 kb	 0.0% Packages/com.unity.inputsystem/InputSystem/Runtime/Plugins/WebGL/WebGLJoystick.cs
 0.1 kb	 0.0% Packages/com.unity.inputsystem/InputSystem/Runtime/Plugins/Switch/SwitchSupportHID.cs
 0.1 kb	 0.0% Packages/com.unity.inputsystem/InputSystem/Runtime/Plugins/PlayerInput/PlayerInputManager.cs
 0.1 kb	 0.0% Packages/com.unity.inputsystem/InputSystem/Runtime/Plugins/PlayerInput/DefaultInputActions.cs
 0.1 kb	 0.0% Packages/com.unity.inputsystem/InputSystem/Runtime/Plugins/OnScreen/OnScreenSupport.cs
 0.1 kb	 0.0% Packages/com.unity.inputsystem/InputSystem/Runtime/Plugins/OnScreen/OnScreenStick.cs
 0.1 kb	 0.0% Packages/com.unity.inputsystem/InputSystem/Runtime/Plugins/OnScreen/OnScreenControl.cs
 0.1 kb	 0.0% Packages/com.unity.inputsystem/InputSystem/Runtime/Plugins/OnScreen/OnScreenButton.cs
 0.1 kb	 0.0% Packages/com.unity.inputsystem/InputSystem/Runtime/Plugins/Linux/SDLDeviceBuilder.cs
 0.1 kb	 0.0% Packages/com.unity.inputsystem/InputSystem/Runtime/Plugins/EnhancedTouch/TouchHistory.cs
 0.1 kb	 0.0% Packages/com.unity.inputsystem/InputSystem/Runtime/Plugins/Android/AndroidSupport.cs
 0.1 kb	 0.0% Packages/com.unity.inputsystem/InputSystem/Runtime/InputSystemTestHooks.cs
 0.1 kb	 0.0% Packages/com.unity.inputsystem/InputSystem/Runtime/InputFeatureNames.cs
 0.1 kb	 0.0% Packages/com.unity.inputsystem/InputSystem/Runtime/IInputRuntime.cs
 0.1 kb	 0.0% Packages/com.unity.inputsystem/InputSystem/Runtime/IInputDiagnostics.cs
 0.1 kb	 0.0% Packages/com.unity.inputsystem/InputSystem/Runtime/Events/InputEventTrace.cs
 0.1 kb	 0.0% Packages/com.unity.inputsystem/InputSystem/Runtime/Events/InputEventStream.cs
 0.1 kb	 0.0% Packages/com.unity.inputsystem/InputSystem/Runtime/Events/InputEventPtr.cs
 0.1 kb	 0.0% Packages/com.unity.inputsystem/InputSystem/Runtime/Events/InputEventBuffer.cs
 0.1 kb	 0.0% Packages/com.unity.inputsystem/InputSystem/Runtime/Events/DeviceResetEvent.cs
 0.1 kb	 0.0% Packages/com.unity.inputsystem/InputSystem/Runtime/Events/DeltaStateEvent.cs
 0.1 kb	 0.0% Packages/com.unity.inputsystem/InputSystem/Runtime/Devices/Haptics/IDualMotorRumble.cs
 0.1 kb	 0.0% Packages/com.unity.inputsystem/InputSystem/Runtime/Devices/Haptics/DualMotorRumble.cs
 0.1 kb	 0.0% Packages/com.unity.inputsystem/InputSystem/Runtime/Controls/Vector3Control.cs
 0.1 kb	 0.0% Packages/com.unity.inputsystem/InputSystem/Runtime/Controls/Vector2Control.cs
 0.1 kb	 0.0% Packages/com.unity.inputsystem/InputSystem/Runtime/Controls/IntegerControl.cs
 0.1 kb	 0.0% Packages/com.unity.inputsystem/InputSystem/Runtime/Controls/DoubleControl.cs
 0.1 kb	 0.0% Packages/com.unity.inputsystem/InputSystem/Runtime/Controls/ButtonControl.cs
 0.1 kb	 0.0% Packages/com.unity.inputsystem/InputSystem/Runtime/Controls/AnyKeyControl.cs
 0.1 kb	 0.0% Packages/com.unity.inputsystem/InputSystem/Runtime/Actions/InputControlScheme.cs
 0.1 kb	 0.0% Packages/com.unity.inputsystem/InputSystem/Runtime/Actions/InputBindingResolver.cs
 0.1 kb	 0.0% Packages/com.unity.inputsystem/InputSystem/Runtime/Actions/InputActionReference.cs
 0.1 kb	 0.0% Packages/com.unity.inputsystem/InputSystem/Runtime/Actions/InputActionProperty.cs
 0.1 kb	 0.0% Packages/com.unity.inputsystem/InputSystem/Runtime/Actions/IInputInteraction.cs
 0.1 kb	 0.0% Packages/com.unity.inputsystem/InputSystem/Editor/UITKAssetEditor/Views/PropertiesView.cs
 0.1 kb	 0.0% Packages/com.unity.inputsystem/InputSystem/Editor/UITKAssetEditor/Views/DropManipulator.cs
 0.1 kb	 0.0% Packages/com.unity.inputsystem/InputSystem/Editor/UITKAssetEditor/Views/CopyPasteHelper.cs
 0.1 kb	 0.0% Packages/com.unity.inputsystem/InputSystem/Editor/UITKAssetEditor/Views/ActionsTreeView.cs
 0.1 kb	 0.0% Packages/com.unity.inputsystem/InputSystem/Editor/UITKAssetEditor/Views/ActionMapsView.cs
 0.1 kb	 0.0% Packages/com.unity.inputsystem/InputSystem/Editor/UITKAssetEditor/StateContainer.cs
 0.1 kb	 0.0% Packages/com.unity.inputsystem/InputSystem/Editor/UITKAssetEditor/ExpressionUtils.cs
 0.1 kb	 0.0% Packages/com.unity.inputsystem/InputSystem/Editor/Plugins/iOS/iOSPostProcessBuild.cs
 0.1 kb	 0.0% Packages/com.unity.inputsystem/InputSystem/Editor/Plugins/UnityRemote/UnityRemoteSupport.cs
 0.1 kb	 0.0% Packages/com.unity.inputsystem/InputSystem/Editor/Internal/TreeViewHelpers.cs
 0.1 kb	 0.0% Packages/com.unity.inputsystem/InputSystem/Editor/Internal/InputStateWindow.cs
 0.1 kb	 0.0% Packages/com.unity.inputsystem/InputSystem/Editor/Internal/EditorHelpers.cs
 0.1 kb	 0.0% Packages/com.unity.inputsystem/InputSystem/Editor/Internal/AdvancedDropdown/AdvancedDropdown.cs
 0.1 kb	 0.0% Packages/com.unity.inputsystem/InputSystem/Editor/InputSystemObject.cs
 0.1 kb	 0.0% Packages/com.unity.inputsystem/InputSystem/Editor/InputDiagnostics.cs
 0.1 kb	 0.0% Assets/Sapphire/Presentation/World/InteractionTrigger.cs
 0.1 kb	 0.0% Assets/Sapphire/Presentation/Skills/SkillRangeIndicator.cs
 0.1 kb	 0.0% Assets/Sapphire/Presentation/Skills/SkillCastFeedback.cs
 0.1 kb	 0.0% Assets/Sapphire/Presentation/CharacterFlow/ConfirmDialog.cs
 0.1 kb	 0.0% Assets/Sapphire/Domain/Vfx/VfxFramePivotCalculator.cs
 0.1 kb	 0.0% Packages/com.unity.ugui/Runtime/UGUI/UI/Core/Utility/ReflectionMethodsCache.cs
 0.1 kb	 0.0% Packages/com.unity.ugui/Runtime/UGUI/UI/Core/MultipleDisplayUtilities.cs
 0.1 kb	 0.0% Packages/com.unity.ugui/Runtime/UGUI/UI/Core/Layout/HorizontalLayoutGroup.cs
 0.1 kb	 0.0% Packages/com.unity.ugui/Runtime/UGUI/UI/Core/IGraphicEnabledDisabled.cs
 0.1 kb	 0.0% Packages/com.unity.ugui/Runtime/UGUI/UI/Core/GraphicRebuildTracker.cs
 0.1 kb	 0.0% Packages/com.unity.ugui/Runtime/UGUI/UI/Core/Culling/RectangularVertexClipper.cs
 0.1 kb	 0.0% Packages/com.unity.ugui/Runtime/UGUI/EventSystem/UIElements/PanelEventHandler.cs
 0.1 kb	 0.0% Packages/com.unity.ugui/Runtime/UGUI/EventSystem/Raycasters/Physics2DRaycaster.cs
 0.1 kb	 0.0% Packages/com.unity.ugui/Runtime/UGUI/EventSystem/InputModules/PointerInputModule.cs
 0.1 kb	 0.0% Packages/com.unity.inputsystem/InputSystem/Runtime/Utilities/TypeTable.cs
 0.1 kb	 0.0% Packages/com.unity.inputsystem/InputSystem/Runtime/Utilities/TypeHelpers.cs
 0.1 kb	 0.0% Packages/com.unity.inputsystem/InputSystem/Runtime/Utilities/Substring.cs
 0.1 kb	 0.0% Packages/com.unity.inputsystem/InputSystem/Runtime/Utilities/SavedState.cs
 0.1 kb	 0.0% Packages/com.unity.inputsystem/InputSystem/Runtime/Utilities/Observables/Observable.cs
 0.1 kb	 0.0% Packages/com.unity.inputsystem/InputSystem/Runtime/Utilities/NamedValue.cs
 0.1 kb	 0.0% Packages/com.unity.inputsystem/InputSystem/Runtime/Utilities/MiscHelpers.cs
 0.1 kb	 0.0% Packages/com.unity.inputsystem/InputSystem/Runtime/Utilities/JsonParser.cs
 0.1 kb	 0.0% Packages/com.unity.inputsystem/InputSystem/Runtime/Utilities/ArrayHelpers.cs
 0.1 kb	 0.0% Packages/com.unity.inputsystem/InputSystem/Runtime/Plugins/iOS/InputSettingsiOS.cs
 0.1 kb	 0.0% Packages/com.unity.inputsystem/InputSystem/Runtime/Plugins/XR/XRLayoutBuilder.cs
 0.1 kb	 0.0% Packages/com.unity.inputsystem/InputSystem/Runtime/Plugins/UI/NavigationModel.cs
 0.1 kb	 0.0% Packages/com.unity.inputsystem/InputSystem/Runtime/InputUpdateType.cs
 0.1 kb	 0.0% Assets/Sapphire/Presentation/UI/SimpleMessagePanel.cs
 0.1 kb	 0.0% Assets/Sapphire/Presentation/Movement/GridMoveAnimator.cs
 0.1 kb	 0.0% Assets/Sapphire/Domain/Skills/SkillRangeCalculator.cs
 0.1 kb	 0.0% Assets/Sapphire/Domain/Account/AccountIdValidator.cs
 0.1 kb	 0.0% Packages/com.unity.ugui/Runtime/UGUI/UI/Animation/CoroutineTween.cs
 0.1 kb	 0.0% Packages/com.unity.ugui/Runtime/UGUI/EventSystem/EventInterfaces.cs
 0.1 kb	 0.0% Packages/com.unity.ugui/Runtime/TMP/TMPro_ExtensionMethods.cs
 0.1 kb	 0.0% Packages/com.unity.ugui/Runtime/TMP/TMP_TextParsingUtilities.cs
 0.1 kb	 0.0% Packages/com.unity.ugui/Runtime/TMP/TMP_TextElement_Legacy.cs
 0.1 kb	 0.0% Packages/com.unity.ugui/Runtime/TMP/TMP_FontAssetUtilities.cs
 0.1 kb	 0.0% Packages/com.unity.ugui/Runtime/TMP/MaterialReferenceManager.cs
 0.1 kb	 0.0% Packages/com.unity.ugui/Runtime/TMP/FontFeatureCommonGSUB.cs
 0.1 kb	 0.0% Packages/com.unity.inputsystem/InputSystem/Runtime/Utilities/DynamicBitfield.cs
 0.1 kb	 0.0% Packages/com.unity.inputsystem/InputSystem/Runtime/State/InputState.cs
 0.1 kb	 0.0% Packages/com.unity.inputsystem/InputSystem/Runtime/Plugins/WebGL/WebGLSupport.cs
 0.1 kb	 0.0% Packages/com.unity.inputsystem/InputSystem/Runtime/Plugins/WebGL/WebGLGamepad.cs
 0.1 kb	 0.0% Packages/com.unity.inputsystem/InputSystem/Runtime/Plugins/Users/InputUser.cs
 0.1 kb	 0.0% Packages/com.unity.inputsystem/InputSystem/Runtime/Plugins/Linux/LinuxSupport.cs
 0.1 kb	 0.0% Packages/com.unity.inputsystem/InputSystem/Runtime/Plugins/EnhancedTouch/Touch.cs
 0.1 kb	 0.0% Packages/com.unity.inputsystem/InputSystem/Runtime/Plugins/EnhancedTouch/Finger.cs
 0.1 kb	 0.0% Packages/com.unity.inputsystem/InputSystem/Runtime/InputSystemState.cs
 0.1 kb	 0.0% Packages/com.unity.inputsystem/InputSystem/Runtime/InputSettings.cs
 0.1 kb	 0.0% Packages/com.unity.inputsystem/InputSystem/Runtime/InputMetrics.cs
 0.1 kb	 0.0% Packages/com.unity.inputsystem/InputSystem/Runtime/InputExtensions.cs
 0.1 kb	 0.0% Packages/com.unity.inputsystem/InputSystem/Runtime/InputAnalytics.cs
 0.1 kb	 0.0% Packages/com.unity.inputsystem/InputSystem/Runtime/Events/TextEvent.cs
 0.1 kb	 0.0% Packages/com.unity.inputsystem/InputSystem/Runtime/Events/StateEvent.cs
 0.1 kb	 0.0% Packages/com.unity.inputsystem/InputSystem/Runtime/Events/InputEvent.cs
 0.1 kb	 0.0% Packages/com.unity.inputsystem/InputSystem/Runtime/Events/ActionEvent.cs
 0.1 kb	 0.0% Packages/com.unity.inputsystem/InputSystem/Runtime/Devices/TrackedDevice.cs
 0.1 kb	 0.0% Packages/com.unity.inputsystem/InputSystem/Runtime/Devices/Remote/InputRemoting.cs
 0.1 kb	 0.0% Packages/com.unity.inputsystem/InputSystem/Runtime/Devices/Precompiled/FastTouchscreen.cs
 0.1 kb	 0.0% Packages/com.unity.inputsystem/InputSystem/Runtime/Devices/Precompiled/FastMouse.partial.cs
 0.1 kb	 0.0% Packages/com.unity.inputsystem/InputSystem/Runtime/Devices/IEventMerger.cs
 0.1 kb	 0.0% Packages/com.unity.inputsystem/InputSystem/Runtime/Controls/TouchControl.cs
 0.1 kb	 0.0% Packages/com.unity.inputsystem/InputSystem/Runtime/Controls/StickControl.cs
 0.1 kb	 0.0% Packages/com.unity.inputsystem/InputSystem/Runtime/Controls/KeyControl.cs
 0.1 kb	 0.0% Packages/com.unity.inputsystem/InputSystem/Runtime/Controls/InputProcessor.cs
 0.1 kb	 0.0% Packages/com.unity.inputsystem/InputSystem/Runtime/Controls/InputControlPath.cs
 0.1 kb	 0.0% Packages/com.unity.inputsystem/InputSystem/Runtime/Controls/DpadControl.cs
 0.1 kb	 0.0% Packages/com.unity.inputsystem/InputSystem/Runtime/Controls/DeltaControl.cs
 0.1 kb	 0.0% Packages/com.unity.inputsystem/InputSystem/Runtime/Controls/AxisControl.cs
 0.1 kb	 0.0% Packages/com.unity.inputsystem/InputSystem/Runtime/Actions/InputActionState.cs
 0.1 kb	 0.0% Packages/com.unity.inputsystem/InputSystem/Runtime/Actions/InputActionMap.cs
 0.1 kb	 0.0% Packages/com.unity.inputsystem/InputSystem/Runtime/Actions/InputActionAsset.cs
 0.1 kb	 0.0% Packages/com.unity.inputsystem/InputSystem/Editor/UITKAssetEditor/Views/Selectors.cs
 0.1 kb	 0.0% Packages/com.unity.inputsystem/InputSystem/Editor/UITKAssetEditor/Views/ContextMenu.cs
 0.1 kb	 0.0% Packages/com.unity.inputsystem/InputSystem/Editor/Internal/GUIHelpers.cs
 0.1 kb	 0.0% Assets/Sapphire/Presentation/World/InteractableZone.cs
 0.1 kb	 0.0% Assets/Sapphire/Presentation/Skills/SkillVfxPlayer.cs
 0.1 kb	 0.0% Assets/Sapphire/Presentation/Skills/SkillVfxLibrary.cs
 0.1 kb	 0.0% Assets/Sapphire/Presentation/Skills/SkillDefinition.cs
 0.1 kb	 0.0% Assets/Sapphire/Presentation/Skills/RadialSkillMenu.cs
 0.1 kb	 0.0% Assets/Sapphire/Presentation/Skills/ISkillVfxPlayer.cs
 0.1 kb	 0.0% Assets/Sapphire/Presentation/Camera/CameraFollowRig.cs
 0.1 kb	 0.0% Assets/Sapphire/Domain/Interaction/InteractionMap.cs
 0.1 kb	 0.0% Assets/Sapphire/Domain/Interaction/InteractableId.cs
 0.1 kb	 0.0% Assets/Sapphire/Domain/Grid/GridWorldConversion.cs
 0.1 kb	 0.0% Assets/Sapphire/Domain/Grid/GridMoveInputBuffer.cs
 0.1 kb	 0.0% Assets/Sapphire/Domain/Grid/GridDirection.cs
 0.1 kb	 0.0% Assets/Sapphire/Domain/Character/CharacterSlot.cs
 0.1 kb	 0.0% Assets/Sapphire/Domain/Character/CharacterRoster.cs
 0.1 kb	 0.0% Packages/com.unity.ugui/Runtime/UGUI/UI/Core/SetPropertyUtility.cs
 0.1 kb	 0.0% Packages/com.unity.ugui/Runtime/UGUI/UI/Core/MaterialModifiers/IMaterialModifier.cs
 0.1 kb	 0.0% Packages/com.unity.ugui/Runtime/UGUI/UI/Core/Layout/VerticalLayoutGroup.cs
 0.1 kb	 0.0% Packages/com.unity.ugui/Runtime/UGUI/UI/Core/Layout/ContentSizeFitter.cs
 0.1 kb	 0.0% Packages/com.unity.ugui/Runtime/UGUI/UI/Core/Layout/AspectRatioFitter.cs
 0.1 kb	 0.0% Packages/com.unity.ugui/Runtime/UGUI/UI/Core/FontUpdateTracker.cs
 0.1 kb	 0.0% Packages/com.unity.ugui/Runtime/UGUI/UI/Core/CanvasUpdateRegistry.cs
 0.1 kb	 0.0% Packages/com.unity.ugui/Runtime/UGUI/UI/Core/AnimationTriggers.cs
 0.1 kb	 0.0% Packages/com.unity.ugui/Runtime/UGUI/EventSystem/UIElements/PanelRaycaster.cs
 0.1 kb	 0.0% Packages/com.unity.ugui/Runtime/UGUI/EventSystem/Raycasters/PhysicsRaycaster.cs
 0.1 kb	 0.0% Packages/com.unity.ugui/Runtime/UGUI/EventSystem/Raycasters/BaseRaycaster.cs
 0.1 kb	 0.0% Packages/com.unity.ugui/Runtime/UGUI/EventSystem/RaycasterManager.cs
 0.1 kb	 0.0% Packages/com.unity.ugui/Runtime/UGUI/EventSystem/RaycastResult.cs
 0.1 kb	 0.0% Packages/com.unity.ugui/Runtime/UGUI/EventSystem/InputModules/TouchInputModule.cs
 0.1 kb	 0.0% Packages/com.unity.ugui/Runtime/UGUI/EventSystem/InputModules/BaseInputModule.cs
 0.1 kb	 0.0% Packages/com.unity.ugui/Runtime/UGUI/EventSystem/ExecuteEvents.cs
 0.1 kb	 0.0% Packages/com.unity.ugui/Runtime/UGUI/EventSystem/EventData/PointerEventData.cs
 0.1 kb	 0.0% Packages/com.unity.ugui/Runtime/UGUI/EventSystem/EventData/BaseEventData.cs
 0.1 kb	 0.0% Packages/com.unity.ugui/Runtime/UGUI/EventSystem/EventData/AxisEventData.cs
 0.1 kb	 0.0% Packages/com.unity.ugui/Runtime/TMP/TMP_TextProcessingStack.cs
 0.1 kb	 0.0% Packages/com.unity.ugui/Runtime/TMP/TMP_FontFeaturesCommon.cs
 0.1 kb	 0.0% Packages/com.unity.inputsystem/InputSystem/Runtime/Utilities/FourCC.cs
 0.1 kb	 0.0% Packages/com.unity.inputsystem/InputSystem/Runtime/Plugins/iOS/iOSSupport.cs
 0.1 kb	 0.0% Packages/com.unity.inputsystem/InputSystem/Runtime/Plugins/XR/XRSupport.cs
 0.1 kb	 0.0% Packages/com.unity.inputsystem/InputSystem/Runtime/Plugins/XR/GenericXRDevice.cs
 0.1 kb	 0.0% Packages/com.unity.inputsystem/InputSystem/Runtime/Plugins/XR/Devices/WindowsMR.cs
 0.1 kb	 0.0% Packages/com.unity.inputsystem/InputSystem/Runtime/Plugins/XR/Controls/PoseControl.cs
 0.1 kb	 0.0% Packages/com.unity.inputsystem/InputSystem/Runtime/Plugins/UI/UISupport.cs
 0.1 kb	 0.0% Packages/com.unity.inputsystem/InputSystem/Runtime/Plugins/UI/PointerModel.cs
 0.1 kb	 0.0% Packages/com.unity.inputsystem/InputSystem/Runtime/Plugins/OSX/OSXSupport.cs
 0.1 kb	 0.0% Packages/com.unity.inputsystem/InputSystem/Runtime/Plugins/HID/HIDSupport.cs
 0.1 kb	 0.0% Packages/com.unity.inputsystem/InputSystem/Runtime/Plugins/HID/HIDParser.cs
 0.1 kb	 0.0% Assets/Sapphire/Presentation/UI/MainMenuPanel.cs
 0.1 kb	 0.0% Packages/com.unity.ugui/Runtime/TMP/TMPro_EventManager.cs
 0.1 kb	 0.0% Packages/com.unity.ugui/Runtime/TMP/TMP_UpdateRegistery.cs
 0.1 kb	 0.0% Packages/com.unity.ugui/Runtime/TMP/TMP_UpdateManager.cs
 0.1 kb	 0.0% Packages/com.unity.ugui/Runtime/TMP/TMP_TextUtilities.cs
 0.1 kb	 0.0% Packages/com.unity.ugui/Runtime/TMP/TMP_TextProcessingCommon.cs
 0.1 kb	 0.0% Packages/com.unity.ugui/Runtime/TMP/TMP_SpriteCharacter.cs
 0.1 kb	 0.0% Packages/com.unity.ugui/Runtime/TMP/TMP_SpriteAnimator.cs
 0.1 kb	 0.0% Packages/com.unity.ugui/Runtime/TMP/TMP_SelectionCaret.cs
 0.1 kb	 0.0% Packages/com.unity.ugui/Runtime/TMP/TMP_ResourcesManager.cs
 0.1 kb	 0.0% Packages/com.unity.ugui/Runtime/TMP/TMP_MaterialManager.cs
 0.1 kb	 0.0% Packages/com.unity.ugui/Runtime/TMP/TMP_InputValidator.cs
 0.1 kb	 0.0% Packages/com.unity.ugui/Runtime/TMP/TMP_FontFeatureTable.cs
 0.1 kb	 0.0% Packages/com.unity.ugui/Runtime/TMP/TMP_DefaultControls.cs
 0.1 kb	 0.0% Packages/com.unity.ugui/Runtime/TMP/TMP_Compatibility.cs
 0.1 kb	 0.0% Packages/com.unity.ugui/Runtime/TMP/TMP_ColorGradient.cs
 0.1 kb	 0.0% Packages/com.unity.ugui/Runtime/TMP/TMP_CharacterInfo.cs
 0.1 kb	 0.0% Packages/com.unity.ugui/Runtime/TMP/ITextPreProcessor.cs
 0.1 kb	 0.0% Packages/com.unity.ugui/Runtime/TMP/FontFeatureCommonGPOS.cs
 0.1 kb	 0.0% Packages/com.unity.ugui/Runtime/InternalBridge/TMPHelpURL.cs
 0.1 kb	 0.0% Packages/com.unity.inputsystem/InputSystem/Runtime/Plugins/PlayerInput/PlayerInput.cs
 0.1 kb	 0.0% Packages/com.unity.inputsystem/InputSystem/Runtime/Plugins/PlayerInput/InputValue.cs
 0.1 kb	 0.0% Packages/com.unity.inputsystem/InputSystem/Runtime/InputSystem.cs
 0.1 kb	 0.0% Packages/com.unity.inputsystem/InputSystem/Runtime/InputManager.cs
 0.1 kb	 0.0% Packages/com.unity.inputsystem/InputSystem/Runtime/Devices/Touchscreen.cs
 0.1 kb	 0.0% Packages/com.unity.inputsystem/InputSystem/Runtime/Devices/Precompiled/FastMouse.cs
 0.1 kb	 0.0% Packages/com.unity.inputsystem/InputSystem/Runtime/Devices/Precompiled/FastKeyboard.cs
 0.1 kb	 0.0% Packages/com.unity.inputsystem/InputSystem/Runtime/Devices/InputDevice.cs
 0.1 kb	 0.0% Packages/com.unity.inputsystem/InputSystem/Runtime/Devices/Haptics/IHaptics.cs
 0.1 kb	 0.0% Packages/com.unity.inputsystem/InputSystem/Runtime/Controls/InputControl.cs
 0.1 kb	 0.0% Packages/com.unity.inputsystem/InputSystem/Runtime/Controls/CommonUsages.cs
 0.1 kb	 0.0% Packages/com.unity.inputsystem/InputSystem/Runtime/Actions/InputBinding.cs
 0.1 kb	 0.0% Packages/com.unity.inputsystem/InputSystem/Runtime/Actions/InputAction.cs
 0.1 kb	 0.0% Packages/com.unity.inputsystem/InputSystem/Editor/UITKAssetEditor/Commands/Commands.cs
 0.1 kb	 0.0% Packages/com.unity.inputsystem/InputSystem/Editor/Dialog.cs
 0.1 kb	 0.0% Packages/com.unity.inputsystem/InputSystem/AssemblyInfo.cs
 0.1 kb	 0.0% Assets/Sapphire/Presentation/Skills/SkillCatalog.cs
 0.1 kb	 0.0% Assets/Sapphire/Composition/SceneComposer.cs
 0.1 kb	 0.0% Packages/com.unity.ugui/Runtime/UGUI/UI/Core/VertexModifiers/PositionAsUV1.cs
 0.1 kb	 0.0% Packages/com.unity.ugui/Runtime/UGUI/UI/Core/VertexModifiers/IMeshModifier.cs
 0.1 kb	 0.0% Packages/com.unity.ugui/Runtime/UGUI/UI/Core/VertexModifiers/BaseMeshEffect.cs
 0.1 kb	 0.0% Packages/com.unity.ugui/Runtime/UGUI/UI/Core/StencilMaterial.cs
 0.1 kb	 0.0% Packages/com.unity.ugui/Runtime/UGUI/UI/Core/RaycastReceiver.cs
 0.1 kb	 0.0% Packages/com.unity.ugui/Runtime/UGUI/UI/Core/MaskableGraphic.cs
 0.1 kb	 0.0% Packages/com.unity.ugui/Runtime/UGUI/UI/Core/MaskUtilities.cs
 0.1 kb	 0.0% Packages/com.unity.ugui/Runtime/UGUI/UI/Core/Layout/LayoutUtility.cs
 0.1 kb	 0.0% Packages/com.unity.ugui/Runtime/UGUI/UI/Core/Layout/LayoutRebuilder.cs
 0.1 kb	 0.0% Packages/com.unity.ugui/Runtime/UGUI/UI/Core/Layout/LayoutElement.cs
 0.1 kb	 0.0% Packages/com.unity.ugui/Runtime/UGUI/UI/Core/Layout/ILayoutElement.cs
 0.1 kb	 0.0% Packages/com.unity.ugui/Runtime/UGUI/UI/Core/Layout/GridLayoutGroup.cs
 0.1 kb	 0.0% Packages/com.unity.ugui/Runtime/UGUI/UI/Core/GraphicRegistry.cs
 0.1 kb	 0.0% Packages/com.unity.ugui/Runtime/UGUI/UI/Core/GraphicRaycaster.cs
 0.1 kb	 0.0% Packages/com.unity.ugui/Runtime/UGUI/UI/Core/DefaultControls.cs
 0.1 kb	 0.0% Packages/com.unity.ugui/Runtime/UGUI/UI/Core/Culling/ClipperRegistry.cs
 0.1 kb	 0.0% Packages/com.unity.ugui/Runtime/UGUI/EventSystem/UIBehaviour.cs
 0.1 kb	 0.0% Packages/com.unity.ugui/Runtime/UGUI/EventSystem/InputModules/BaseInput.cs
 0.1 kb	 0.0% Packages/com.unity.ugui/Runtime/UGUI/EventSystem/EventTrigger.cs
 0.1 kb	 0.0% Packages/com.unity.ugui/Runtime/UGUI/EventSystem/EventSystem.cs
 0.1 kb	 0.0% Packages/com.unity.ugui/Runtime/TMP/TMPro_MeshUtilities.cs
 0.1 kb	 0.0% Packages/com.unity.ugui/Runtime/TMP/TMP_ShaderUtilities.cs
 0.1 kb	 0.0% Packages/com.unity.ugui/Runtime/TMP/TMP_RichTextTagsCommon.cs
 0.1 kb	 0.0% Packages/com.unity.ugui/Runtime/TMP/TMP_FontAssetCommon.cs
 0.1 kb	 0.0% Packages/com.unity.inputsystem/InputSystem/Runtime/Plugins/XR/Devices/Oculus.cs
 0.1 kb	 0.0% Assets/Sapphire/Presentation/UI/MenuCatalog.cs
 0.1 kb	 0.0% Assets/Sapphire/Presentation/UI/GaugeView.cs
 0.1 kb	 0.0% Packages/com.unity.ugui/Runtime/TMP/TextMeshProUGUI.cs
 0.1 kb	 0.0% Packages/com.unity.ugui/Runtime/TMP/TextContainer.cs
 0.1 kb	 0.0% Packages/com.unity.ugui/Runtime/TMP/TMP_TextElement.cs
 0.1 kb	 0.0% Packages/com.unity.ugui/Runtime/TMP/TMP_SubMeshUI.cs
 0.1 kb	 0.0% Packages/com.unity.ugui/Runtime/TMP/TMP_StyleSheet.cs
 0.1 kb	 0.0% Packages/com.unity.ugui/Runtime/TMP/TMP_SpriteGlyph.cs
 0.1 kb	 0.0% Packages/com.unity.ugui/Runtime/TMP/TMP_SpriteAsset.cs
 0.1 kb	 0.0% Packages/com.unity.ugui/Runtime/TMP/TMP_InputField.cs
 0.1 kb	 0.0% Packages/com.unity.ugui/Runtime/TMP/TMP_FontAsset.cs
 0.1 kb	 0.0% Packages/com.unity.ugui/Runtime/TMP/TMP_CoroutineTween.cs
 0.1 kb	 0.0% Packages/com.unity.ugui/Runtime/TMP/TMP_Character.cs
 0.1 kb	 0.0% Packages/com.unity.inputsystem/InputSystem/Runtime/Plugins/XR/Devices/GoogleVR.cs
 0.1 kb	 0.0% Packages/com.unity.inputsystem/InputSystem/Runtime/Devices/Sensor.cs
 0.1 kb	 0.0% Packages/com.unity.inputsystem/InputSystem/Runtime/Devices/Pointer.cs
 0.1 kb	 0.0% Packages/com.unity.inputsystem/InputSystem/Runtime/Devices/Mouse.cs
 0.1 kb	 0.0% Packages/com.unity.inputsystem/InputSystem/Runtime/Devices/Keyboard.cs
 0.1 kb	 0.0% Packages/com.unity.inputsystem/InputSystem/Runtime/Devices/Joystick.cs
 0.1 kb	 0.0% Packages/com.unity.inputsystem/InputSystem/Runtime/Devices/Gamepad.cs
 0.1 kb	 0.0% Packages/com.unity.inputsystem/InputSystem/Editor/DownloadableSample.cs
 0.1 kb	 0.0% Assets/Sapphire/Domain/Grid/GridMover.cs
 0.1 kb	 0.0% Assets/Sapphire/Domain/Grid/GridCoord.cs
 0.1 kb	 0.0% Packages/com.unity.ugui/Runtime/UGUI/UI/Core/Utility/VertexHelper.cs
 0.1 kb	 0.0% Packages/com.unity.ugui/Runtime/UGUI/UI/Core/ToggleGroup.cs
 0.1 kb	 0.0% Packages/com.unity.ugui/Runtime/UGUI/UI/Core/SpriteState.cs
 0.1 kb	 0.0% Packages/com.unity.ugui/Runtime/UGUI/UI/Core/Selectable.cs
 0.1 kb	 0.0% Packages/com.unity.ugui/Runtime/UGUI/UI/Core/Scrollbar.cs
 0.1 kb	 0.0% Packages/com.unity.ugui/Runtime/UGUI/UI/Core/ScrollRect.cs
 0.1 kb	 0.0% Packages/com.unity.ugui/Runtime/UGUI/UI/Core/RectMask2D.cs
 0.1 kb	 0.0% Packages/com.unity.ugui/Runtime/UGUI/UI/Core/Navigation.cs
 0.1 kb	 0.0% Packages/com.unity.ugui/Runtime/UGUI/UI/Core/Layout/LayoutGroup.cs
 0.1 kb	 0.0% Packages/com.unity.ugui/Runtime/UGUI/UI/Core/Layout/CanvasScaler.cs
 0.1 kb	 0.0% Packages/com.unity.ugui/Runtime/UGUI/UI/Core/InputField.cs
 0.1 kb	 0.0% Packages/com.unity.ugui/Runtime/UGUI/UI/Core/IMaskable.cs
 0.1 kb	 0.0% Packages/com.unity.ugui/Runtime/UGUI/UI/Core/ColorBlock.cs
 0.1 kb	 0.0% Packages/com.unity.inputsystem/InputSystem/Runtime/Plugins/XR/Devices/OpenVR.cs
 0.1 kb	 0.0% Packages/com.unity.inputsystem/InputSystem/Runtime/Plugins/HID/HID.cs
 0.1 kb	 0.0% Packages/com.unity.ugui/Runtime/UGUI/UI/Core/Culling/IClipRegion.cs
 0.1 kb	 0.0% Packages/com.unity.ugui/Runtime/TMP/TextMeshPro.cs
 0.1 kb	 0.0% Packages/com.unity.ugui/Runtime/TMP/TMP_TextInfo.cs
 0.1 kb	 0.0% Packages/com.unity.ugui/Runtime/TMP/TMP_SubMesh.cs
 0.1 kb	 0.0% Packages/com.unity.ugui/Runtime/TMP/TMP_Style.cs
 0.1 kb	 0.0% Packages/com.unity.ugui/Runtime/TMP/TMP_Sprite.cs
 0.1 kb	 0.0% Packages/com.unity.ugui/Runtime/TMP/TMP_Settings.cs
 0.1 kb	 0.0% Packages/com.unity.ugui/Runtime/TMP/TMP_MeshInfo.cs
 0.1 kb	 0.0% Packages/com.unity.ugui/Runtime/TMP/TMP_LineInfo.cs
 0.1 kb	 0.0% Packages/com.unity.ugui/Runtime/TMP/TMP_Dropdown.cs
 0.1 kb	 0.0% Packages/com.unity.ugui/Runtime/TMP/TMP_Asset.cs
 0.1 kb	 0.0% Packages/com.unity.ugui/Runtime/TMP/FastAction.cs
 0.1 kb	 0.0% Packages/com.unity.inputsystem/InputSystem/Runtime/Devices/Pen.cs
 0.1 kb	 0.0% Assets/Sapphire/Domain/Grid/GridMap.cs
 0.1 kb	 0.0% Packages/com.unity.ugui/Runtime/UGUI/UI/Core/VertexModifiers/Shadow.cs
 0.1 kb	 0.0% Packages/com.unity.ugui/Runtime/UGUI/UI/Core/VertexModifiers/Outline.cs
 0.1 kb	 0.0% Packages/com.unity.ugui/Runtime/UGUI/UI/Core/Toggle.cs
 0.1 kb	 0.0% Packages/com.unity.ugui/Runtime/UGUI/UI/Core/Slider.cs
 0.1 kb	 0.0% Packages/com.unity.ugui/Runtime/UGUI/UI/Core/RawImage.cs
 0.1 kb	 0.0% Packages/com.unity.ugui/Runtime/UGUI/UI/Core/Image.cs
 0.1 kb	 0.0% Packages/com.unity.ugui/Runtime/UGUI/UI/Core/IMask.cs
 0.1 kb	 0.0% Packages/com.unity.ugui/Runtime/UGUI/UI/Core/Graphic.cs
 0.1 kb	 0.0% Packages/com.unity.ugui/Runtime/UGUI/UI/Core/FontData.cs
 0.1 kb	 0.0% Packages/com.unity.ugui/Runtime/UGUI/UI/Core/Dropdown.cs
 0.1 kb	 0.0% Packages/com.unity.ugui/Runtime/UGUI/UI/Core/Culling/Clipping.cs
 0.1 kb	 0.0% Packages/com.unity.ugui/Runtime/UGUI/UI/Core/Button.cs
 0.1 kb	 0.0% Packages/com.unity.ugui/Runtime/TMP/TMP_Text.cs
 0.1 kb	 0.0% Packages/com.unity.ugui/Runtime/UGUI/UI/Core/Text.cs
 0.1 kb	 0.0% Packages/com.unity.ugui/Runtime/UGUI/UI/Core/Misc.cs
 0.1 kb	 0.0% Packages/com.unity.ugui/Runtime/UGUI/UI/Core/Mask.cs
-------------------------------------------------------------------------------
Unloading 76 Unused Serialized files (Serialized files now loaded: 0)
Unloading 303 unused Assets / (77.6 MB). Loaded Objects now: 2207.
Memory consumption went from 448.0 MB to 370.5 MB.
Total: 9.006800 ms (FindLiveObjects: 0.159200 ms CreateObjectMapping: 0.190700 ms MarkObjects: 6.277500 ms  DeleteObjects: 2.378000 ms)

DisplayProgressNotification: Build Successful
Build Finished, Result: Success.
##utp:{"success":true,"type":"PlayerBuildInfo","version":2,"phase":"Immediate","time":1789546020735,"processId":26496,"steps":[{"description":"Preprocess Player","duration":16},{"description":"Prepare For Build","duration":9},{"description":"ProducePlayerScriptAssemblies","duration":2978},{"description":"Verify Build setup","duration":22},{"description":"Prepare assets for target platform","duration":1},{"description":"Prepare splash screen","duration":0},{"description":"Build scripts DLLs","duration":25},{"description":"Building scenes","duration":557},{"description":"Build GlobalGameManagers file","duration":105},{"description":"Writing asset files","duration":249},{"description":"Building Resources/unity_builtin_extra","duration":78},{"description":"Write data build dirty tracking information","duration":72},{"description":"Postprocess built player","duration":1968}],"duration":6080}
Unloading 0 Unused Serialized files (Serialized files now loaded: 0)
Loaded scene 'Temp/__Backupscenes/0.backup'
	Deserialize:            0.555 ms
	Integration:            7.015 ms
	Integration of assets:  0.003 ms
	Thread Wait Time:       0.022 ms
	Total Operation Time:   7.595 ms
Unloading 0 unused Assets / (0 B). Loaded Objects now: 2200.
Memory consumption went from 362.6 MB to 362.6 MB.
Total: 7.537100 ms (FindLiveObjects: 0.195500 ms CreateObjectMapping: 0.178900 ms MarkObjects: 7.153300 ms  DeleteObjects: 0.008600 ms)

Total cache size 258858316
Total cache size after purge 258858316, took 00:00:00.2870163
SAPPHIRE_PLAYER_BUILD SUCCESS size=292423609
UnityEngine.Debug:ExtractStackTraceNoAlloc (byte*,int,string)
UnityEngine.StackTraceUtility:ExtractStackTrace ()
UnityEngine.DebugLogHandler:Internal_Log (UnityEngine.LogType,UnityEngine.LogOption,string,UnityEngine.Object)
UnityEngine.DebugLogHandler:LogFormat (UnityEngine.LogType,UnityEngine.Object,string,object[])
UnityEngine.Logger:Log (UnityEngine.LogType,object)
UnityEngine.Debug:Log (object)
Sapphire.EditorTools.SapphireBuildPlayer:Build (UnityEditor.BuildOptions) (at Assets/Sapphire/Editor/SapphireBuildPlayer.cs:92)
Sapphire.EditorTools.SapphireBuildPlayer:BuildWindows () (at Assets/Sapphire/Editor/SapphireBuildPlayer.cs:25)

(Filename: Assets/Sapphire/Editor/SapphireBuildPlayer.cs Line: 92)

Batchmode quit successfully invoked - shutting down!
Killing ADB server in 2.0700014 seconds.
[Physics::Module] Cleanup current backend.
[Physics::Module] Id: 0xf2b8ea05
Input System module state changed to: ShutdownInProgress.
Input Polling Thread exited.
Input System module state changed to: Shutdown.
[Licensing::IpcConnector] LicenseClient-admin-notifications channel disconnected successfully.
[Licensing::IpcConnector] LicenseClient-admin channel disconnected successfully.
Lingering sessions upon destruction of worker manager
AcceleratorClientConnectionCallback - disconnected - :0
Cleanup mono
CodeReloadManager destroyed
Exiting batchmode successfully now!
Exiting without the bug reporter. Application will terminate with return code 0